,Date,Open Price,Settlement Price (yuan/ton),Highest Price,Lowest Price,Price Change,Return,Settlement Volume (ton),Turnover (yuan),index_y,MSCI World Index TR,Barclays Global Aggregate Bond Index TR,Bloomberg Commodity Index TR,S&P 500 Total Return Index,MSCI World Index TR Return,Barclays Global Aggregate Bond Index TR Return,Bloomberg Commodity Index TR Return,S&P 500 Total Return Index Return
0,2020-03-02,30.22,30.02,30.85,28.6,-0.2,-0.006600000000000001,468842,12694782.35,3713,6496.5869999999995,524.019,154.5201,6288.64,1.033317337660489,1.0044681878824124,1.02115802099545,1.0460616162069822
1,2020-03-03,30.02,30.1,30.8,29.01,0.08,0.0027,9994,301421.7,3714,6400.927,526.1759,156.0566,6112.07,0.9852753453467182,1.0041160721271556,1.0099436901736407,0.9719223870343985
2,2020-03-04,30.1,30.84,31.49,29.0,0.74,0.0246,10294,317498.86,3715,6588.023,526.9108,156.1423,6370.35,1.0292295162872502,1.0013966812239026,1.0005491597279448,1.042257369434578
3,2020-03-05,30.84,30.06,30.8,29.51,-0.78,-0.0253,25958,780703.03,3716,6440.969,528.5738,154.9835,6155.58,0.9776785843036674,1.0031561319297309,0.992578564552975,0.9662859968447572
4,2020-03-06,30.06,30.73,30.98,29.11,0.67,0.0223,12801,393429.5,3717,6314.628000000001,534.5859,150.9587,6050.8,0.9803847837181021,1.0113741922130837,0.9740307839221595,0.9829780459355577
5,2020-03-09,30.73,30.36,31.2,30.01,-0.37,-0.012,31432,911722.29,3720,5862.356,538.9731,144.6936,5591.74,0.9283770952144765,1.0082067259910896,0.9584979202921065,0.9241323461360481
6,2020-03-10,30.36,30.34,30.88,28.0,-0.02,-0.0007000000000000001,6551,197752.4,3721,6029.166,531.5222,147.784,5868.11,1.0284544302666028,0.9861757479176604,1.0213582356095916,1.0494246871277992
7,2020-03-11,30.34,30.0,30.8,29.11,-0.34,-0.011200000000000002,16664,499965.49,3722,5794.766,528.2103,145.6599,5581.76,0.9611223177467663,0.9937690278976117,0.9856269961565528,0.9512023462409533
8,2020-03-12,30.0,29.93,30.95,28.6,-0.07,-0.0023,76984,2303912.21,3723,5220.98,519.6413,141.1066,5051.97,0.9009820241231483,0.9837772947630897,0.9687401954827649,0.9050854927478071
9,2020-03-13,29.93,29.98,30.88,28.88,0.05,0.0017,17137,513735.13,3724,5530.735,514.0993,139.276,5522.85,1.0593288999383257,0.9893349508593716,0.9870268293616318,1.0932072043183154
10,2020-03-16,29.98,29.92,30.69,29.75,-0.06,-0.002,1801,53887.1,3727,5005.156,515.3382,133.4574,4861.22,0.9049712199192332,1.0024098457243573,0.9582225221861627,0.8802013453198982
11,2020-03-17,29.92,29.84,31.5,27.65,-0.08,-0.0027,29407,880865.7,3728,5211.462,506.6228,132.251,5152.83,1.041218695281426,0.9830879992983248,0.9909604113372507,1.059986999148362
12,2020-03-18,29.84,30.18,31.49,28.0,0.34,0.0114,1953,60133.7,3729,4944.958,495.598,126.8581,4885.76,0.948861950830688,0.9782386422403414,0.9592222365048279,0.9481702287868997
13,2020-03-19,30.18,30.18,30.6,28.0,0.0,0.0,1894,56192.0,3730,4981.854,491.7119,131.0129,4909.13,1.0074613373864856,0.9921587657738732,1.0327515546898465,1.0047832885774168
14,2020-03-20,30.18,30.2,30.5,28.0,0.02,0.0007000000000000001,5397,162017.2,3731,4854.303,494.7105,130.3159,4697.09,0.9743968811611098,1.006098286415277,0.9946799131993872,0.9568070106108414
15,2020-03-23,30.2,30.04,30.58,29.51,-0.16,-0.0053,1243,37345.49,3734,4710.78,496.8553,132.2568,4559.5,0.9704338604326924,1.0043354648829972,1.0148938080464471,0.9707073954299363
16,2020-03-24,30.04,29.8,31.6,28.56,-0.24,-0.008,4774,146055.47,3735,5124.2609999999995,498.2149,136.0065,4987.8,1.08777336237311,1.0027364103794405,1.0283516613134447,1.0939357385678254
17,2020-03-25,29.8,29.86,30.48,29.5,0.06,0.002,2502,74354.83,3736,5251.88,499.2641,136.472,5045.35,1.024904859451929,1.0021059185504086,1.0034226305360407,1.0115381530935483
18,2020-03-26,29.86,29.49,31.48,28.0,-0.37,-0.0124,4597,139262.56,3737,5515.939,506.7601,135.0656,5360.49,1.050278947729194,1.0150140977490671,0.9896945893663167,1.0624614744269474
19,2020-03-27,29.49,29.69,30.3,29.01,0.2,0.0068000000000000005,187563,5605392.77,3738,5373.875,510.4101,133.763,5179.92,0.9742448203288687,1.0072026191485872,0.990355797479151,0.9663146466087988
20,2020-03-30,29.69,29.52,30.6,29.4,-0.17,-0.005699999999999999,113645,3603624.36,3741,5507.08,511.474,132.3753,5354.39,1.024787513665651,1.0020844023266782,0.9896256812421971,1.0336819873666003
21,2020-03-31,29.52,29.58,31.0,29.3,0.06,0.002,218346,6548406.08,3742,5455.063,509.9988,131.9359,5269.2,0.9905545225418916,0.9971157869217204,0.99668064963781,0.9840896908891581
22,2020-04-01,29.58,29.35,30.25,29.2,-0.23,-0.0078,338482,5667549.0,3743,5244.805,510.5404,128.592,5036.64,0.9614563571493125,1.0010619632830509,0.9746551166134465,0.9558642678205421
23,2020-04-02,29.35,29.41,30.0,28.66,0.06,0.002,35495,1043761.63,3744,5308.507,509.2771,131.2772,5152.47,1.0121457327774817,0.9975255631092075,1.020881547841234,1.022997474506814
24,2020-04-03,29.41,29.33,30.3,29.21,-0.08,-0.0027,325065,3885558.0,3745,5232.130999999999,508.0991,132.6578,5075.16,0.9856125272133953,0.9976869173972284,1.0105166776866052,0.9849955458255942
25,2020-04-07,29.33,29.38,30.65,28.0,0.05,0.0017,45589,1339729.23,3749,5580.41,508.1802,134.8425,5423.52,1.0072389529527621,1.0024195508227973,1.006393210031802,0.9984076345180656
26,2020-04-08,29.38,29.45,30.65,29.36,0.07,0.0024,3003,91059.25,3750,5713.853,508.6688,134.6888,5609.55,1.023912759098346,1.0009614699667557,0.9988601516584162,1.0343006018231702
27,2020-04-09,29.45,29.3,29.98,29.21,-0.15,-0.0051,37584,1101208.39,3751,5804.275,512.4361,135.3908,5691.54,1.0158250483517863,1.0074061943645847,1.0052120146589771,1.0146161456801348
28,2020-04-10,29.3,29.01,29.95,28.9,-0.29,-0.0099,157944,3980483.62,3752,5808.056,512.4616,135.3908,5691.54,1.0006514164129026,1.0000497623020703,1.0,1.0
29,2020-04-13,29.01,28.86,29.8,28.31,-0.15,-0.005200000000000001,1875,54113.04,3755,5763.334,513.5991,135.1981,5634.15,0.992300005371849,1.0022196785085946,0.9985767127456223,0.9899166130783583
30,2020-04-14,28.86,28.38,29.88,28.32,-0.48,-0.0166,694712,15073360.52,3756,5911.101,515.1297,134.4888,5807.1,1.0256391526154827,1.0029801454091332,0.9947536244962022,1.0306967333138097
31,2020-04-15,28.38,28.48,29.0,28.01,0.1,0.0035,506360,12757160.9,3757,5773.9980000000005,515.3392,132.1739,5679.53,0.9768058437844321,1.0004066936928702,0.9827874142679539,0.9780320641972756
32,2020-04-16,28.48,28.66,28.99,28.05,0.18,0.0063,255722,6589013.69,3758,5786.441999999999,514.9951,132.364,5712.6,1.002155179132379,0.999332284444886,1.0014382567208806,1.0058226649036102
33,2020-04-17,28.66,28.24,30.0,28.01,-0.42,-0.0147,260059,6037994.81,3759,5943.246,515.3022,132.4482,5865.9,1.0270985175346095,1.0005963163533012,1.0006361246260314,1.026835416447852
34,2020-04-20,28.24,27.61,28.49,27.4,-0.63,-0.0223,321961,8316379.3,3762,5874.101,514.6801,132.2049,5761.0,0.9883657852964524,0.9987927472461792,0.9981630554435621,0.9821169811964064
35,2020-04-21,27.61,27.88,28.99,27.51,0.27,0.0098,211550,4922309.22,3763,5692.446999999999,513.9709,126.9362,5584.44,0.9690754380968253,0.9986220566911369,0.9601474680590507,0.9693525429612914
36,2020-04-22,27.88,28.38,28.99,25.88,0.5,0.0179,9859,279880.26,3764,5798.823,513.2003,129.4404,5712.65,1.0186872183438864,0.9985006933271902,1.0197280208482689,1.0229584345073095
37,2020-04-23,28.38,28.03,28.95,26.55,-0.35,-0.0123,20496,574777.34,3765,5817.275,514.7271,129.641,5710.04,1.0031820250419783,1.0029750567176208,1.001549747992126,0.9995431192178762
38,2020-04-24,28.03,28.22,28.87,27.19,0.19,0.0068000000000000005,17041,480899.23,3766,5856.72,515.1652,128.4981,5789.65,1.0067806662053969,1.0008511306282495,0.9911841161360989,1.0139421089869773
39,2020-04-27,28.22,28.36,28.99,27.5,0.14,0.005,16816,478811.36,3769,5960.441,515.4144,127.0348,5874.94,1.0177097419716155,1.00048372832637,0.9886122829831726,1.0147314604509772
40,2020-04-28,28.36,27.99,28.3,27.5,-0.37,-0.013,459917,13476667.94,3770,5963.01,516.6036,127.2242,5844.18,1.0004310083767292,1.0023072696455513,1.0014909300443657,0.994764201847168
41,2020-04-29,27.99,28.14,28.45,27.31,0.15,0.0054,18001,506620.06,3771,6103.314,517.7244,127.7246,5999.74,1.0235290566341495,1.0021695551482799,1.00393321396401,1.0266179344236488
42,2020-04-30,28.14,27.9,28.48,27.6,-0.24,-0.0085,26627,743852.44,3772,6050.996999999999,520.0118,129.9062,5944.68,0.9914280995537833,1.0044181807927153,1.017080499762771,0.9908229356605454
43,2020-05-06,27.9,28.32,28.39,27.82,0.42,0.0151,5694,161271.96,3778,5919.111,515.5634,131.1085,5815.17,0.9948237863805983,0.9962858855534861,0.9863974751065517,0.9930988902892626
44,2020-05-07,28.32,28.21,28.43,27.5,-0.11,-0.0039,12382,349244.64,3779,5975.630999999999,515.891,132.2496,5884.14,1.0095487312199416,1.0006354213662179,1.0087034784167312,1.0118603583386212
45,2020-05-08,28.21,28.09,28.65,27.52,-0.12,-0.0043,13159,369902.05,3780,6081.664000000001,515.6506,132.9422,5984.55,1.0177442348766184,0.9995340100912792,1.0052370668795976,1.0170645158001
46,2020-05-11,28.09,28.09,28.28,27.35,0.0,0.0,10032,281836.77,3783,6078.399,514.3944,131.7972,5985.66,0.9994631403510618,0.997563854284277,0.9913872344522656,1.0001854776048325
47,2020-05-12,28.09,27.83,28.8,27.35,-0.26,-0.0093,15551,432838.32,3784,6000.5740000000005,515.9578,131.306,5863.68,0.9871964640689103,1.0030393021385924,0.9962730619466879,0.9796212948947987
48,2020-05-13,27.83,27.98,28.0,27.51,0.15,0.0054,160004,4479873.5,3785,5895.943,515.9067,129.3234,5761.7,0.9825631681235828,0.9999009608925381,0.9849009184652642,0.9826081914429163
49,2020-05-14,27.98,28.17,28.9,27.7,0.19,0.0068000000000000005,11289,319428.33,3786,5901.3240000000005,515.774,130.7416,5829.33,1.0009126614690813,0.9997427829489325,1.010966306175062,1.0117378551469185
50,2020-05-15,28.17,28.44,28.9,27.21,0.27,0.0096,312808,8883181.19,3787,5927.186,515.3831,131.5352,5852.84,1.0043824063888034,0.9992421099163588,1.0060699884352036,1.004033053541316
51,2020-05-18,28.44,28.28,28.29,27.86,-0.16,-0.005600000000000001,8504,240459.16,3790,6106.751,515.2587,134.4572,6037.9,1.0302951518646455,0.9997586261559605,1.0222145859055218,1.031618838034185
52,2020-05-19,28.28,28.49,29.0,27.86,0.21,0.0074,14348,408794.88,3791,6084.746999999999,516.9711,134.9047,5975.15,0.996396774651529,1.0033233791103382,1.0033281966306007,0.9896073138011561
53,2020-05-20,28.49,27.75,28.19,27.51,-0.74,-0.026,34606,960480.54,3792,6175.826999999999,519.049,135.6881,6075.76,1.014968576343437,1.004019373616823,1.0058070623188073,1.0168380710107696
54,2020-05-21,27.75,28.16,28.19,27.7,0.41,0.0148,8676,244296.36,3793,6123.533,518.5985,134.4284,6028.93,0.9915324700643332,0.9991320665293643,0.9907162087169031,0.9922923222773776
55,2020-05-22,28.16,27.75,28.1,27.22,-0.41,-0.0146,12603,349763.27,3794,6117.666,518.1732,133.8446,6044.16,0.9990418929725698,0.9991799050710714,0.9956571676818292,1.0025261530653033
56,2020-05-25,27.75,28.67,30.5,27.8,0.92,0.0332,339677,7281681.58,3797,6147.005,517.871,133.8446,6044.16,1.0047957832284404,0.9994167973179625,1.0,1.0
57,2020-05-26,28.67,27.99,29.5,27.41,-0.68,-0.0237,31773,889943.74,3798,6242.87,519.2604,135.1481,6118.54,1.0155953997109162,1.0026829075194401,1.0097389061643127,1.0123060938161796
58,2020-05-27,27.99,28.38,29.0,27.85,0.39,0.0139,521296,6774592.76,3799,6309.743,519.0913,133.697,6209.38,1.0107119001356748,0.9996743445099993,0.989262890118322,1.0148466791097224
59,2020-05-28,28.38,27.85,28.35,27.81,-0.53,-0.0187,218755,5294116.52,3800,6344.02,520.5546,133.9122,6197.02,1.005432392412813,1.0028189646021808,1.0016096097892997,0.9980094631025964
60,2020-05-29,27.85,28.66,29.87,27.88,0.81,0.0291,335695,3272876.41,3801,6343.31,522.2931,135.5447,6227.81,0.9998880835810732,1.0033397073044785,1.0121908235396027,1.0049685171259735
61,2020-06-01,28.66,28.18,28.49,27.8,-0.48,-0.0167,308070,7545427.19,3804,6390.871,522.7518,135.4956,6251.48,1.0074978205384886,1.0008782425040652,0.9996377578761839,1.0038006939839204
62,2020-06-02,28.18,27.22,28.13,27.2,-0.96,-0.034100000000000005,150476,2972457.29,3805,6459.454000000001,523.1298,136.0742,6303.0,1.0107314010875827,1.0007230965058371,1.004270249366031,1.0082412484723617
63,2020-06-03,27.22,28.48,29.02,27.75,1.26,0.0463,10193,291903.99,3806,6564.821999999999,522.5109,136.3276,6389.67,1.0163122146237125,0.9988169284181477,1.001862219289182,1.0137505949547834
64,2020-06-04,28.48,28.1,28.36,27.66,-0.38,-0.0133,203629,5846499.64,3807,6553.525,523.3169,137.2916,6369.54,0.9982791612628644,1.0015425515525131,1.0070712020163195,0.9968496025616346
65,2020-06-05,28.1,28.44,29.11,27.72,0.34,0.0121,319073,2792497.94,3808,6696.194,522.4213,138.0206,6536.58,1.0217698109032927,0.9982886086805145,1.0053098660078257,1.026224813722812
66,2020-06-08,28.44,27.68,29.42,27.6,-0.76,-0.0267,226137,5857571.34,3811,6759.274,524.0722,137.9102,6615.4,1.0094202766526776,1.0031600932044693,0.999200119402466,1.0120582934806885
67,2020-06-09,27.68,27.77,28.1,27.6,0.09,0.0033000000000000004,13025,361713.41,3812,6721.896,526.0831,138.0927,6564.27,0.9944701161692808,1.0038370667247758,1.0013233248882245,0.9922710644858966
68,2020-06-10,27.77,27.75,27.99,27.6,-0.02,-0.0007000000000000001,64673,1794904.44,3813,6698.595,527.4021,138.6834,6529.42,0.9965335673149363,1.0025072084619333,1.0042775613772488,0.9946909557346056
69,2020-06-11,27.75,27.62,27.8,25.0,-0.13,-0.0047,428652,9025595.1,3814,6365.653,529.0486,136.7408,6145.3,0.9502967413315777,1.0031219064163757,0.9859925557060182,0.9411708850096946
70,2020-06-12,27.62,27.75,28.18,27.7,0.13,0.0047,155823,4661589.59,3815,6396.201999999999,526.2133,135.9162,6227.42,1.0047990363282446,0.9946407570117377,0.9939696125808829,1.0133630579467234
71,2020-06-15,27.75,27.72,28.85,27.59,-0.03,-0.0011,354821,8184194.81,3818,6417.088000000001,526.5531,135.791,6279.4,1.0032653752961525,1.0006457457460691,0.9990788441701577,1.0083469558822111
72,2020-06-16,27.72,27.54,28.1,25.0,-0.18,-0.006500000000000001,277481,8078575.54,3819,6557.9259999999995,526.3366,136.4228,6398.58,1.0219473381072535,0.999588835390011,1.0046527383994521,1.0189795203363379
73,2020-06-17,27.54,27.39,27.99,27.21,-0.15,-0.0054,514985,7779872.12,3820,6554.468000000001,526.4017,136.7024,6375.54,0.9994726991429914,1.0001236851094908,1.0020495107855873,0.996399201072738
74,2020-06-18,27.39,27.47,28.09,27.28,0.08,0.0029,160614,4041574.92,3821,6548.07,526.7354,136.8027,6379.56,0.9990238719603176,1.0006339265241735,1.0007337106005452,1.0006305348252855
75,2020-06-19,27.47,27.47,28.09,27.35,0.0,0.0,161067,4803985.35,3822,6529.276,526.0591,137.7724,6344.7,0.9971298413120202,0.9987160536390756,1.007088310391535,0.994535673306623
76,2020-06-22,27.47,27.49,28.0,27.48,0.02,0.0007000000000000001,274582,7475961.81,3825,6555.938,527.3953,138.3259,6385.91,1.004083454275788,1.0025400187925655,1.0040174955215992,1.0064951849575237
77,2020-06-23,27.49,27.33,27.6,27.3,-0.16,-0.0058,182244,4631160.4,3826,6609.95,528.8307,138.067,6413.44,1.0082386380103046,1.0027216776486252,0.998128333161035,1.0043110535538395
78,2020-06-24,27.33,27.33,27.75,27.75,0.0,0.0,100001,1706027.75,3827,6444.68,527.7694,135.9296,6247.66,0.9749967851496608,0.9979931195371222,0.9845191102870344,0.9741511575691049
79,2020-06-29,27.33,27.32,27.99,27.28,-0.01,-0.0004,181954,4923124.89,3832,6435.908,527.0577,137.0737,6254.78,1.0091991162952392,1.0003264465139212,1.0162075803910666,1.0148097671777399
80,2020-06-30,27.32,27.55,28.05,26.38,0.23,0.0084,162969,5015329.51,3833,6511.097,526.9333,138.6382,6351.67,1.0116827338116081,0.9997639727111474,1.0114135680294616,1.0154905528251994
81,2020-07-01,27.55,27.6,27.98,27.26,0.05,0.0018,119933,3708924.11,3834,6539.444,527.0668,139.0814,6383.76,1.004353644247659,1.0002533527488202,1.003196810114384,1.0050522146144243
82,2020-07-02,27.6,27.35,27.5,27.26,-0.25,-0.0091,24071,658242.5,3835,6588.83,527.4791,140.0398,6414.16,1.007552018183809,1.0007822537864273,1.006890928621656,1.004762083787611
83,2020-07-03,27.35,27.49,27.6,27.21,0.14,0.0051,27506,756214.55,3836,6585.251,527.7667,140.0398,6414.16,0.9994568079613528,1.000545234872813,1.0,1.0
84,2020-07-06,27.49,27.11,27.6,26.9,-0.38,-0.0138,22061,598145.6,3839,6697.45,529.1507,141.2104,6516.05,1.0170379230799251,1.0026223708316573,1.0083590522122996,1.0158851665689663
85,2020-07-07,27.11,27.09,27.7,27.09,-0.02,-0.0007000000000000001,457351,12799100.6,3840,6635.366999999999,529.2873,141.982,6445.59,0.9907303525968838,1.0002581495214877,1.0054641867737788,0.9891867005317638
86,2020-07-08,27.09,27.04,27.45,24.9,-0.05,-0.0018,53010,1350963.96,3841,6663.464,530.1214,142.5187,6496.14,1.0042344304391906,1.0015758927145995,1.0037800566268964,1.007842571432561
87,2020-07-09,27.04,27.42,27.5,27.0,0.38,0.0141,43900,1227560.0,3842,6629.543000000001,530.9169,141.5669,6461.31,0.9949094044779113,1.0015005996739617,0.9933215781507971,0.9946383544689615
88,2020-07-10,27.42,27.54,27.68,27.49,0.12,0.0044,232201,6571884.68,3843,6685.366,531.3642,142.1855,6528.96,1.0084203390791793,1.0008425047309661,1.0043696655079681,1.0104700130468898
89,2020-07-13,27.54,27.2,27.57,26.37,-0.34,-0.0123,66442,1852249.36,3846,6668.102,530.8972,141.8748,6467.84,0.9974176432524412,0.9991211301024796,0.9978148264063494,0.9906386315737882
90,2020-07-14,27.2,27.47,27.5,27.43,0.27,0.0099,1101,30242.9,3847,6718.74,531.663,141.2065,6555.4,1.007594064997806,1.0014424638140869,0.9952895087781622,1.0135377498515732
91,2020-07-15,27.47,27.05,27.58,25.0,-0.42,-0.0153,52001,1365707.58,3848,6801.991999999999,532.5739,142.251,6615.07,1.0123910137912762,1.0017133033519352,1.0073969682698742,1.009102419379443
92,2020-07-16,27.05,27.39,27.48,27.39,0.34,0.0126,202001,5654807.48,3849,6772.573,533.2203,141.8418,6592.75,0.9956749434577402,1.001213728273203,0.9971233945631314,0.9966258860450457
93,2020-07-17,27.39,27.86,28.0,27.06,0.47,0.0172,13190,367423.28,3850,6787.834,532.6813,141.8882,6611.86,1.0022533533414848,0.9989891607652597,1.000327125008284,1.0028986386560994
94,2020-07-20,27.86,28.48,28.48,28.48,0.62,0.0223,177,5040.96,3853,6844.348000000001,533.8489,141.4959,6667.45,1.0083257781495543,1.0021919297711408,0.9972351471087799,1.0084076190360958
95,2020-07-21,28.48,27.98,28.17,26.33,-0.5,-0.0176,2201,61594.17,3854,6869.834,535.7415,143.5805,6678.74,1.0037236563658072,1.0035451979015035,1.01473258235751,1.001693301037128
96,2020-07-22,27.98,28.76,28.76,28.76,0.78,0.0279,180,5176.8,3855,6888.321999999999,537.5181,144.5464,6717.29,1.0026911858423362,1.003316151539502,1.006727236637287,1.0057720468232032
97,2020-07-23,28.76,28.42,28.5,28.2,-0.34,-0.0118,61300,1810910.0,3856,6830.528,538.0097,145.369,6635.04,0.9916098579596019,1.00091457385342,1.005690906172689,0.9877554787719453
98,2020-07-24,28.42,28.23,28.5,27.66,-0.19,-0.0067,226613,4951386.66,3857,6781.781,538.7462,145.4245,6594.1,0.9928633628322729,1.0013689344262753,1.000381787038502,0.9938297282307266
99,2020-07-27,28.23,27.81,28.39,27.02,-0.42,-0.0149,190,5284.5,3860,6841.143,541.7927,146.1777,6642.89,1.0087531579094047,1.0056547962658482,1.005179319853257,1.0073990385344473
100,2020-07-28,27.81,28.42,28.43,28.4,0.61,0.0219,168101,4963910.38,3861,6806.505999999999,541.7852,146.2388,6599.97,0.9949369571722151,0.999986157067085,1.000417984412123,0.9935389566890315
101,2020-07-29,28.42,28.36,28.39,28.35,-0.06,-0.0021,200117,4603317.67,3862,6865.15,542.3468,147.2259,6682.01,1.008615874282635,1.0010365731658968,1.006749918626247,1.0124303595319373
102,2020-07-30,28.36,28.02,28.44,28.0,-0.34,-0.012,40234,1127166.63,3863,6819.276999999999,543.5113,145.6468,6658.02,0.9933179901385985,1.0021471501260817,0.9892743056758357,0.9964097629306152
103,2020-07-31,28.02,28.35,28.5,28.0,0.33,0.0118,67701,1919191.5,3864,6822.597,543.739,146.55100000000002,6709.81,1.0004868551314166,1.0004189425316456,1.0062081693521587,1.0077785888297122
104,2020-08-03,28.35,28.12,28.48,27.51,-0.23,-0.008100000000000001,499531,7252840.58,3867,6879.235,541.7188,149.1733,6758.2,1.0083015309272993,0.9962846144933506,1.0178934295910638,1.0072118286508858
105,2020-08-04,28.12,27.9,28.39,27.8,-0.22,-0.0078,1412,39391.44,3868,6917.0,543.2571,150.5371,6782.6,1.005489709248194,1.0028396651546891,1.0091423867407907,1.0036104288124057
106,2020-08-05,27.9,28.0,28.2,28.0,0.1,0.0036,26101,730829.2,3869,6973.585,545.0315,151.9202,6826.22,1.008180569611103,1.0032662251445954,1.0091877683308632,1.0064311620912334
107,2020-08-06,28.0,28.0,28.47,28.0,0.0,0.0,10301,288441.92,3870,6986.293000000001,545.2036,152.2354,6870.86,1.001822305170153,1.0003157615660747,1.0020747734665962,1.0065394903768117
108,2020-08-07,28.0,28.2,28.45,28.0,0.2,0.0071,22284,628455.84,3871,6975.41,543.462,150.3384,6876.65,0.9984422353886387,0.9968055970283394,0.9875390349419386,1.0008426892703388
109,2020-08-10,28.2,28.14,28.45,28.1,-0.06,-0.0021,11570,325609.81,3874,6990.055,543.4489,151.3065,6895.59,1.0020995181645238,0.9999758952787867,1.0064394725499273,1.002754248071372
110,2020-08-11,28.14,28.02,28.44,28.0,-0.12,-0.0043,9250,259159.0,3875,6985.909000000001,541.3408,149.1477,6840.67,0.9994068716197513,0.9961208864347687,0.9857322719116495,0.9920354893489897
111,2020-08-12,28.02,28.0,28.3,27.99,-0.02,-0.0007000000000000001,22212,621939.52,3876,7082.08,540.8741,149.9563,6937.44,1.0137664261014565,0.9991378813494199,1.0054214714675453,1.0141462751455632
112,2020-08-13,28.0,28.29,28.29,28.29,0.29,0.0104,110,3111.9,3877,7079.139,540.3534,151.1671,6924.96,0.9995847265210221,0.9990372990683044,1.0080743523279783,0.9982010655227289
113,2020-08-14,28.29,28.02,28.2,28.02,-0.27,-0.0095,10001,280228.2,3878,7062.1630000000005,540.3119,151.1018,6924.28,0.9976019682619596,0.9999231984105218,0.9995680276991488,0.9999018044869573
114,2020-08-17,28.02,28.3,28.39,28.2,0.28,0.01,20000,565900.0,3881,7091.235,541.7766,153.6884,6943.22,1.004116585810891,1.0027108416453534,1.0171182606692972,1.0027353024429977
115,2020-08-18,28.3,28.04,28.33,28.04,-0.26,-0.0092,10001,280428.33,3882,7107.7519999999995,543.5261,154.662,6960.3,1.0023292134585866,1.003229190777158,1.0063348958021556,1.0024599537390433
116,2020-08-19,28.04,28.26,28.32,28.2,0.22,0.0078,20000,565200.0,3883,7093.9490000000005,543.1836,154.3651,6930.8,0.9980580357896562,0.9993698554678422,0.9980803300099572,0.9957616769392124
117,2020-08-20,28.26,28.1,28.2,28.1,-0.16,-0.005699999999999999,11010,309382.1,3884,7078.829000000001,542.2871,153.187,6952.92,0.9978686060472101,0.9983495451629983,0.9923680935651906,1.003191550758931
118,2020-08-21,28.1,28.12,28.45,28.1,0.02,0.0007000000000000001,29736,836087.01,3885,7087.901999999999,541.5186,152.4965,6977.27,1.0012817091640438,0.9985828539900727,0.9954924373478167,1.0035021257255945
119,2020-08-24,28.12,28.26,28.27,28.11,0.14,0.005,210501,6264783.25,3888,7162.361,542.073,152.9137,7048.17,1.010505083168475,1.0010237875485717,1.0027358004937819,1.0101615674898634
120,2020-08-25,28.26,28.06,28.1,28.03,-0.2,-0.0071,25903,726870.12,3889,7180.071999999999,540.4974,153.689,7073.6,1.002472787953581,0.9970933804118634,1.0050701801081263,1.0036080287507254
121,2020-08-26,28.06,27.95,28.14,27.95,-0.11,-0.0039,3212,89781.14,3890,7248.695,540.6099,154.2883,7145.77,1.009557425050891,1.000208141611782,1.0038994332710864,1.010202725627686
122,2020-08-27,27.95,27.92,28.2,25.6,-0.03,-0.0011,11451,319688.2,3891,7239.306,539.0473,154.9686,7158.18,0.9987047323690678,0.9971095608866947,1.0044092779556195,1.0017366917770933
123,2020-08-28,27.92,27.69,28.1,27.5,-0.23,-0.008199999999999999,11001,304633.1,3892,7281.769,541.8519,156.0781,7207.1,1.0058656175053244,1.0052028829381021,1.0071595148952754,1.0068341394041502
124,2020-08-31,27.69,27.5,28.0,27.0,-0.19,-0.0069,225400,5935000.0,3895,7278.444,542.91,156.4625,7192.11,0.9995433801868749,1.001952747605019,1.0024628695505649,0.997920106561585
125,2020-09-01,27.5,28.09,28.09,28.09,0.59,0.0215,164000,3843260.0,3896,7313.536999999999,543.8919,156.8631,7246.37,1.0048214975618415,1.0018085870586284,1.002560357913238,1.0075443784925426
126,2020-09-02,28.09,27.8,28.8,27.8,-0.29,-0.0103,115001,3218027.8,3897,7393.548000000001,543.2097,155.4359,7358.49,1.010940123773217,0.9987457066376609,0.9909016205850835,1.0154725745442201
127,2020-09-03,27.8,27.81,28.14,27.8,0.01,0.0004,10342,287623.88,3898,7192.204000000001,543.4313,154.2912,7101.38,0.972767607649264,1.0004079455871278,0.9926355494451411,0.9650594075686724
128,2020-09-04,27.81,27.7,28.0,27.7,-0.11,-0.004,10001,277028.0,3899,7114.624,540.9628,154.49200000000002,7043.62,0.989213320423058,0.9954575674974924,1.0013014352082297,0.9918663696351976
129,2020-09-07,27.7,27.81,28.2,27.22,0.11,0.004,33501,931802.2,3902,7139.8859999999995,541.1028,154.49200000000002,7043.62,1.0035507146969396,1.0002587978323094,1.0,1.0
130,2020-09-08,27.81,27.54,28.18,25.06,-0.27,-0.0097,67679,1863576.77,3903,6981.081,541.4095,152.3703,6848.42,0.977758048237745,1.0005668054203378,0.9862666028014393,0.9722869774348986
131,2020-09-09,27.54,27.86,27.99,27.52,0.32,0.0116,38791,1080766.09,3904,7098.029,540.8823,153.0287,6986.76,1.0167521333730407,0.9990262453835775,1.0043210520685462,1.0202002797725607
132,2020-09-10,27.86,27.87,28.0,27.5,0.01,0.0004,8863,246981.6,3905,7021.314,541.4828,152.5703,6864.23,0.9891920700802997,1.001110223055922,0.9970044834727082,0.9824625434393051
133,2020-09-11,27.87,28.05,28.12,27.8,0.18,0.006500000000000001,114991,3225804.6,3906,7022.474,541.6438,152.7145,6868.22,1.0001652112410868,1.000297331697332,1.0009451380773322,1.000581274228865
134,2020-09-14,28.05,27.35,28.08,27.1,-0.7,-0.025,122134,3340397.22,3909,7107.218000000001,543.0573,153.1189,6957.91,1.0120675420086995,1.002609648628859,1.002648078604193,1.0130586964308073
135,2020-09-15,27.35,28.01,28.12,27.7,0.66,0.024100000000000003,138365,3875170.26,3910,7141.722,543.0817,153.2288,6994.33,1.004854782841894,1.0000449308019612,1.000717742878247,1.0052343304239348
136,2020-09-16,28.01,27.67,28.06,27.6,-0.34,-0.0121,115047,3183868.96,3911,7128.624,543.7684,154.299,6962.29,0.9981659885388986,1.0012644506342234,1.0069843267062066,0.995419146651645
137,2020-09-17,27.67,28.0,28.03,27.15,0.33,0.0119,106273,2975892.1,3912,7069.602,543.776,154.49,6903.82,0.9917204217812582,1.000013976538541,1.0012378563697757,0.9916019010986328
138,2020-09-18,28.0,27.57,28.0,27.55,-0.43,-0.0154,214004,5782330.39,3913,7023.556,544.5762,155.7289,6826.72,0.9934867620553463,1.0014715618195729,1.0080192892743867,0.9888322696709938
139,2020-09-21,27.57,27.89,27.93,27.7,0.32,0.0116,116888,3260171.51,3916,6909.576999999999,542.7344,151.869,6748.08,0.9837718956038792,0.9966179205040545,0.9752139776239349,0.9884805587456348
140,2020-09-22,27.89,27.31,27.99,27.31,-0.58,-0.020800000000000003,90298,2466178.82,3917,6950.835,541.6041,151.5249,6819.08,1.0059711325309786,0.9979173975336739,0.9977342314758114,1.010521511303956
141,2020-09-23,27.31,27.99,27.99,27.46,0.68,0.0249,98532,2757787.12,3918,6838.884,540.5563,151.0351,6657.82,0.983893877498171,0.998065376536108,0.9967675279772499,0.9763516486094899
142,2020-09-24,27.99,27.41,27.99,27.41,-0.58,-0.0207,97618,2675719.82,3919,6823.465999999999,539.4295,151.2472,6678.04,0.9977455385995726,0.997915480774158,1.0014043093294207,1.0030370301389946
143,2020-09-25,27.41,27.97,28.19,27.7,0.56,0.0204,115573,3233111.87,3920,6902.629,539.036,150.8655,6784.95,1.0116015819526323,0.9992705256201228,0.9974763169169413,1.016009188324718
144,2020-09-28,27.97,27.5,30.3,27.02,-0.47,-0.0168,266122,6696546.74,3923,7019.964,539.5694,151.5106,6894.27,1.01699859575243,1.000989544297598,1.0042759941802468,1.016112130524175
145,2020-09-29,27.5,27.84,27.99,27.22,0.34,0.0124,353641,10061993.62,3924,7004.558000000001,541.1673,149.974,6861.96,0.9978054018510638,1.002961435544714,0.9898581353383854,0.9953134994713
146,2020-09-30,27.84,27.53,27.98,27.02,-0.31,-0.0111,481,13241.66,3925,7027.344,540.9572,151.2189,6918.83,1.0032530246733626,0.9996117651602379,1.0083007721338366,1.0082877195436872
147,2020-10-09,27.53,27.24,28.08,25.0,-0.29,-0.0105,435702,11165113.24,3934,7269.130999999999,542.8753,156.3432,7157.92,1.0084135605804383,1.0038899964624628,1.0151582345672678,1.0088113425599685
148,2020-10-12,27.24,27.84,27.99,27.01,0.6,0.022,119170,3317553.09,3937,7358.7,543.3336,155.3359,7275.43,1.012321830491155,1.0008442086055491,0.9935571230472449,1.0164167802937167
149,2020-10-13,27.84,28.42,28.5,27.02,0.58,0.020800000000000003,321342,8150664.9,3938,7317.904,543.0469,154.8916,7229.55,0.99445608599345,0.999472331547322,0.9971397468325094,0.9936938435253999
150,2020-10-14,28.42,27.45,27.9,27.06,-0.97,-0.034100000000000005,147142,4039261.29,3939,7286.849,543.9745,155.8007,7182.38,0.9957562985248235,1.001708139757358,1.0058692659898922,0.9934753892012642
151,2020-10-15,27.45,27.11,27.68,27.02,-0.34,-0.0124,41321,1120320.48,3940,7234.525,542.8489,156.7415,7171.61,0.9928193928541678,0.9979307853585048,1.0060384837808816,0.9985004970497244
152,2020-10-16,27.11,27.78,27.78,27.78,0.67,0.024700000000000003,363998,8930671.64,3941,7247.081999999999,543.4339,156.6307,7172.7,1.001735704832038,1.0010776479421806,0.9992931036132741,1.000151988186753
153,2020-10-19,27.78,27.22,27.9,27.11,-0.56,-0.0202,315654,7915710.94,3944,7181.12,544.1573,157.0258,7055.58,0.9908981297576046,1.0013311646549838,1.002522493993834,0.9836714208038814
154,2020-10-20,27.22,27.89,27.9,27.88,0.67,0.0246,102647,3087728.74,3945,7195.384,543.9745,157.7982,7089.06,1.0019863196827237,0.999664067724535,1.0049189368880782,1.0047451804103986
155,2020-10-21,27.89,27.48,27.9,27.11,-0.41,-0.0147,168494,4630328.76,3946,7180.986999999999,545.5576,158.2179,7073.65,0.997999133889171,1.0029102467119322,1.002659726156572,0.9978262280189474
156,2020-10-22,27.48,27.88,27.88,27.88,0.4,0.0146,200388,5067817.44,3947,7190.794,543.6948,157.6012,7111.17,1.0013656897025438,0.9965855117773083,0.9961022109382063,1.0053041923193826
157,2020-10-23,27.88,27.5,27.9,27.11,-0.38,-0.0136,166163,4569548.4,3948,7219.401999999999,543.8025,157.02200000000002,7135.81,1.0039784201855873,1.0001980890749738,0.9963249010794335,1.0034649713057064
158,2020-10-26,27.5,27.5,27.89,27.5,0.0,0.0,38083,1047434.89,3951,7099.255,543.9694,156.3046,7003.21,0.9833577628728808,1.0003069128957662,0.995431213460534,0.9814176666699365
159,2020-10-27,27.5,27.21,27.9,26.0,-0.29,-0.0105,51304,1335480.13,3952,7074.286999999999,545.4697,157.0624,6982.14,0.9964830112455461,1.0027580595526147,1.004848225835964,0.996991379667324
160,2020-10-28,27.21,27.34,27.9,27.21,0.13,0.0048,12540,342822.4,3953,6851.5,543.9592,153.9736,6735.75,0.9685074976460526,0.9972308269368583,0.9803339309726581,0.9647113922092653
161,2020-10-29,27.34,27.49,27.5,27.36,0.15,0.0055000000000000005,13278,364987.5,3954,6887.094,541.7831,152.858,6816.79,1.0051950667736993,0.9959995161401811,0.9927546020876306,1.0120313253906394
162,2020-10-30,27.49,27.47,27.5,27.21,-0.02,-0.0007000000000000001,1939,53258.12,3955,6811.78,541.4746,153.349,6734.84,0.9890644733468136,0.9994305839366344,1.0032121315207578,0.987978212619136
163,2020-11-02,27.47,27.81,28.0,27.21,0.34,0.0124,196359,5459788.51,3958,6898.656999999999,541.4536,153.9511,6817.89,1.0127539350947916,0.9999612170173818,1.0039263379611214,1.012331399112674
164,2020-11-03,27.81,27.89,27.89,27.89,0.08,0.0029,999,27862.11,3959,7038.755999999999,543.2396,154.2368,6939.3,1.0203081556308713,1.0032985282580076,1.0018557840768918,1.0178075621636606
165,2020-11-04,27.89,27.21,27.21,27.21,-0.68,-0.0244,1000,27210.0,3960,7179.433000000001,544.6883,155.1609,7092.3,1.0199860600367454,1.0026667790786976,1.0059914365443268,1.0220483334053867
166,2020-11-05,27.21,27.68,27.89,27.55,0.47,0.0173,6020,166625.0,3961,7328.643,548.1579,156.2287,7231.67,1.0207829782658322,1.0063698816368922,1.0068818884138981,1.0196508889922873
167,2020-11-06,27.68,27.4,27.89,27.23,-0.28,-0.0101,2475,67813.07,3962,7339.4259999999995,548.4961,155.4409,7230.51,1.001471350153091,1.0006169755101586,0.9949573925917581,0.9998395944505212
168,2020-11-09,27.4,27.49,27.88,26.9,0.09,0.0033000000000000004,55812,1567009.2,3965,7435.156999999999,544.6831,155.2841,7315.77,1.0130433905866754,0.9930482641535646,0.9989912564839756,1.0117916993407103
169,2020-11-10,27.49,27.39,27.9,26.8,-0.1,-0.0036,31800,870913.0,3966,7450.705,544.1708,157.8803,7306.75,1.002091146158716,0.99905945310218,1.0167190330497458,0.9987670470777511
170,2020-11-11,27.39,27.83,27.9,26.88,0.44,0.0161,92555,2562974.95,3967,7513.687,543.011,157.9613,7362.65,1.0084531598016564,0.9978686838764593,1.000513046909589,1.0076504601909193
171,2020-11-12,27.83,27.79,27.91,27.5,-0.04,-0.0014000000000000002,134996,3758823.66,3968,7458.689,545.1091,157.3589,7290.69,0.9926802913137053,1.00386382596301,0.996186407683401,0.9902263451338852
172,2020-11-13,27.79,27.79,27.92,26.7,0.0,0.0,129220,3591004.07,3969,7518.606,545.8977,157.3752,7390.61,1.008033181166288,1.0014466828750428,1.0001035848623752,1.013705149992662
173,2020-11-14,27.79,27.8,28.08,27.8,0.01,0.0004,20687,575285.08,3970,7518.606,545.8977,157.3752,7390.61,1.0,1.0,1.0,1.0
174,2020-11-15,27.8,28.06,28.06,26.88,0.26,0.0094,1166,31932.08,3971,7518.606,545.8977,157.3752,7390.61,1.0,1.0,1.0,1.0
175,2020-11-16,28.06,27.92,28.02,26.0,-0.14,-0.005,317731,9347511.19,3972,7614.482,546.7667,157.4725,7476.79,1.0127518319220346,1.0015918733491642,1.0006182676813118,1.0116607424826909
176,2020-11-17,27.92,28.02,28.03,27.51,0.1,0.0036,70488,1974788.0,3973,7605.911999999999,548.4444,157.7175,7442.04,0.9988745130660234,1.0030684019344995,1.0015558272079252,0.9953522835334415
177,2020-11-18,28.02,28.19,28.25,27.3,0.17,0.0061,30981,872914.41,3974,7561.733,549.2798,158.364,7357.34,0.9941914920919412,1.0015232173033402,1.004099101241143,0.9886187120735712
178,2020-11-19,28.19,27.89,28.17,27.79,-0.3,-0.0106,930225,24610870.58,3975,7570.83,548.6534,156.9679,7386.86,1.0012030311041134,0.9988595976039898,0.9911842337905078,1.0040123196698807
179,2020-11-20,27.89,27.98,28.77,25.1,0.09,0.0032,523966,14039839.92,3976,7552.231,549.7987,158.2492,7336.76,0.997543334086223,1.0020874745331023,1.008162815454625,0.9932176865406953
180,2020-11-21,27.98,27.97,28.09,27.52,-0.01,-0.0004,192088,5372020.92,3977,7552.231,549.7987,158.2492,7336.76,1.0,1.0,1.0,1.0
181,2020-11-22,27.97,27.99,30.03,25.59,0.02,0.0007000000000000001,72000,2069523.0,3978,7552.231,549.7987,158.2492,7336.76,1.0,1.0,1.0,1.0
182,2020-11-23,27.99,28.09,28.28,27.8,0.1,0.0036,325622,9567469.04,3979,7573.101,548.5965,158.2994,7378.94,1.0027634218285961,0.9978133815158164,1.0003172211929032,1.0057491317693368
183,2020-11-24,28.09,28.22,28.49,27.9,0.13,0.0046,486954,12734115.52,3980,7693.22,549.0274,159.5275,7498.29,1.0158612700398424,1.0007854588937406,1.0077580837324716,1.016174409874589
184,2020-11-25,28.22,28.15,28.48,26.5,-0.07,-0.0025,519168,13511054.95,3981,7700.732,549.7328,159.6807,7486.68,1.0009764441937186,1.001284817479055,1.000960335992227,0.9984516469755105
185,2020-11-26,28.15,28.11,28.5,27.32,-0.04,-0.0014000000000000002,1397844,38768971.83,3982,7702.493,550.0528,159.6807,7486.68,1.0002286795592938,1.0005821009770566,1.0,1.0
186,2020-11-27,28.11,28.17,28.49,27.85,0.06,0.0021,662683,19698231.97,3983,7736.576,551.2971,159.7036,7505.38,1.0044249309931212,1.0022621464703023,1.0001434111949659,1.0024977693717376
187,2020-11-28,28.17,28.08,30.99,27.8,-0.09,-0.0032,229922,6821235.92,3984,7736.576,551.2971,159.7036,7505.38,1.0,1.0,1.0,1.0
188,2020-11-29,28.08,27.8,27.8,26.0,-0.28,-0.01,2144,59344.0,3985,7736.576,551.2971,159.7036,7505.38,1.0,1.0,1.0,1.0
189,2020-11-30,27.8,27.47,28.04,27.36,-0.33,-0.0119,307527,8721889.1,3986,7682.745,551.3198,158.7354,7472.06,0.9930420123837729,1.0000411756201872,0.9939375192544189,0.9955605179218108
190,2020-12-01,27.47,27.71,27.8,27.5,0.24,0.0087,83066,2301915.15,3987,7760.374,550.69,159.1436,7556.51,1.0101043311993305,0.9988576503147539,1.0025715750865907,1.0113021041051597
191,2020-12-02,27.71,28.0,28.0,28.0,0.29,0.0105,171000,4278000.0,3988,7775.396,550.9687,159.0292,7570.76,1.0019357314479946,1.0005060923568614,0.99928115236805,1.0018857911919656
192,2020-12-03,28.0,27.85,28.55,27.5,-0.15,-0.0054,57295,1610642.52,3989,7798.0830000000005,554.0076,158.1093,7567.44,1.0029177935117388,1.0055155583248196,0.9942155277144071,0.9995614707109985
193,2020-12-04,27.85,28.19,28.45,28.01,0.34,0.0122,42310,1192785.8,3990,7852.99,553.0064,158.6061,7634.77,1.0070410894574986,0.9981928045752441,1.0031421301593266,1.0088973285549672
194,2020-12-07,28.19,28.09,28.87,27.78,-0.1,-0.0035,89672,2518468.48,3993,7841.875,553.7585,157.8423,7620.0,0.9985846155413416,1.0013600204265267,0.9951842961903735,0.9980654296069167
195,2020-12-08,28.09,28.17,28.55,26.0,0.08,0.0028000000000000004,24192,680292.96,3994,7860.409000000001,554.1696,157.2727,7641.43,1.002363465370208,1.0007423813810532,0.9963913348956521,1.0028123359580052
196,2020-12-09,28.17,28.37,28.77,27.5,0.2,0.0071,32708,927463.0,3995,7817.46,553.4397,157.857,7581.06,0.9945360349569595,0.9986828941897933,1.0037152029563936,0.992099646270397
197,2020-12-10,28.37,28.38,28.78,28.02,0.01,0.0004,17717,287416.12,3996,7820.933000000001,554.4541,159.8641,7571.87,1.000444261946975,1.0018329006755389,1.012714672139975,0.9987877684650959
198,2020-12-11,28.38,28.44,28.98,26.0,0.06,0.0021,556122,12647768.63,3997,7801.141,554.9211,159.8218,7562.46,0.9974693556382593,1.0008422699011514,0.999735400255592,0.9987572422664415
199,2020-12-14,28.44,28.38,28.99,26.0,-0.06,-0.0021,173811,4712879.17,4000,7794.463000000001,555.0635,160.5002,7530.87,0.9991439713754694,1.0002566130572434,1.004244727565326,0.9958227878230099
200,2020-12-15,28.38,28.29,28.8,26.0,-0.09,-0.0032,126719,3374268.93,4001,7866.855,555.5013,161.6163,7628.28,1.0092876186595534,1.0007887385857654,1.006953885415719,1.0129347605256762
201,2020-12-16,28.29,28.44,28.98,27.02,0.15,0.0053,126500,3503600.0,4002,7899.789000000001,555.9919,162.2834,7641.82,1.0041864251978714,1.000883166250016,1.004127677715676,1.0017749741750435
202,2020-12-17,28.44,28.45,28.98,26.2,0.01,0.0004,134120,3589437.03,4003,7960.246,557.5698,164.0736,7686.18,1.0076529892127497,1.0028379909851204,1.0110313192846587,1.0058048998798717
203,2020-12-18,28.45,28.36,28.99,26.0,-0.09,-0.0032,55912,1584539.34,4004,7935.059,556.7043,165.0604,7659.75,0.9968359018050448,0.9984477279795283,1.0060143740370175,0.9965613607799974
204,2020-12-21,28.36,28.26,28.98,26.33,-0.1,-0.0035,10945,308409.16,4007,7871.718000000001,555.9866,164.3014,7630.07,0.9920175766809044,0.9987108057185834,0.9954016832626118,0.9961251999086131
205,2020-12-22,28.26,28.34,28.96,26.3,0.08,0.0028000000000000004,11576,326900.1,4008,7866.351,555.6922,163.4217,7614.83,0.9993181920388915,0.9994704908355705,0.994645815556045,0.9980026395563868
206,2020-12-23,28.34,28.16,28.77,26.0,-0.18,-0.0064,49956,1405806.6,4009,7891.298000000001,555.4962,164.4411,7620.63,1.0031713560709408,0.9996472867533504,1.0062378496858129,1.0007616716328533
207,2020-12-24,28.16,28.39,28.78,26.66,0.23,0.008199999999999999,442407,10676739.91,4010,7914.424,555.9688,164.4347,7648.39,1.0029305698504858,1.0008507708963625,0.9999610802895382,1.0036427434477202
208,2020-12-25,28.39,28.85,28.88,26.0,0.46,0.016200000000000003,309044,8448852.0,4011,7915.111999999999,555.9331,164.4347,7648.39,1.0000869298890227,0.9999357877636299,1.0,1.0
209,2020-12-28,28.85,28.88,28.88,26.4,0.03,0.001,1050,28960.0,4014,7967.29,555.818,163.3212,7715.1,1.0065921998324219,0.9997929606997676,0.9932283149481224,1.008722097068795
210,2020-12-29,28.88,28.24,28.87,26.5,-0.64,-0.0222,13361,376389.07,4015,7983.967,557.4482,164.6127,7697.93,1.002093183504052,1.002932974462864,1.0079077302885355,0.9977744941737632
211,2020-12-30,28.24,28.37,28.87,28.36,0.13,0.0046,21968,623271.56,4016,7996.331,558.9703,165.644,7709.1,1.0015486035951802,1.0027304779170512,1.0062650087143945,1.0014510394352767
212,2020-12-31,28.37,28.41,28.89,26.0,0.04,0.0014000000000000002,565105,15834782.89,4017,8008.468000000001,558.7254,166.63099999999997,7759.35,1.001517821110707,0.9995618729653437,1.0059585617348046,1.006518270615247
213,2021-01-04,28.41,27.94,28.86,26.0,-0.47,-0.0165,22155,617880.0,4021,7949.446,559.5641,167.8783,7645.27,0.9926300510909202,1.0015010951712595,1.0074854018760016,0.9852977375682241
214,2021-01-05,27.94,28.41,28.66,26.0,0.47,0.0168,12809,362587.14,4022,7991.971,559.3117,171.4972,7700.34,1.0053494293816199,0.9995489346082065,1.0215566871954267,1.0072031465206592
215,2021-01-06,28.41,29.69,31.2,26.0,1.28,0.0451,1488,42128.6,4023,8037.68,557.4265,171.3736,7744.43,1.0057193650977965,0.9966294286352316,0.9992792885248273,1.005725721201921
216,2021-01-07,29.69,29.04,29.66,28.45,-0.65,-0.0219,309975,7676966.0,4024,8141.861,556.174,171.4563,7861.1,1.0129615759771475,0.9977530669962765,1.0004825714112324,1.0150650209247163
217,2021-01-08,29.04,29.47,29.5,28.0,0.43,0.0148,281705,6931831.45,4025,8199.244,556.1311,170.0592,7905.28,1.0070478972804866,0.9999228658657182,0.9918515680088746,1.005620078614952
218,2021-01-11,29.47,30.49,31.99,27.0,1.02,0.0346,83665,2549113.1,4028,8129.984,553.3634,169.6976,7853.45,0.9915528797533041,0.9950232957660523,0.9978736816355716,0.993443622490285
219,2021-01-12,30.49,28.91,30.5,27.55,-1.58,-0.0518,155348,4490496.26,4029,8142.943,553.3005,172.1255,7856.72,1.0015939760767056,0.9998863314776513,1.0143072147160597,1.0004163775156143
220,2021-01-13,28.91,30.1,30.38,28.66,1.19,0.0412,1001,29556.0,4030,8159.298000000001,555.2697,172.1013,7874.75,1.0020084875947186,1.0035590063627267,0.9998594049109517,1.0022948507774236
221,2021-01-14,30.1,30.46,30.48,28.0,0.36,0.012,954,27968.0,4031,8154.507,554.9917,173.3869,7846.1,0.999412817132062,0.9994993423916344,1.0074700191108377,0.9963617892631512
222,2021-01-15,30.46,30.41,30.45,28.1,-0.05,-0.0016,1839,55006.1,4032,8085.246999999999,554.1684,171.7682,7789.79,0.9915065374277071,0.9985165543917143,0.9906642312654532,0.9928231860414728
223,2021-01-18,30.41,30.48,30.5,28.11,0.07,0.0023,1618,48263.84,4035,8081.521,553.6446,171.7682,7789.79,0.9995391606465456,0.9990547999488963,1.0,1.0
224,2021-01-19,30.48,31.1,31.49,29.11,0.62,0.0203,1919,58879.81,4036,8138.257,554.6504,170.8998,7853.47,1.0070204606286366,1.001816688901147,0.9949443494197412,1.0081748031718443
225,2021-01-20,31.1,31.65,31.99,31.48,0.55,0.0177,1049,33205.01,4037,8224.671999999999,554.9847,171.4377,7962.92,1.0106183670532891,1.0006027220029048,1.003147458335235,1.0139365146871382
226,2021-01-21,31.65,31.56,31.77,29.0,-0.09,-0.0028000000000000004,1380,41759.51,4038,8237.129,555.0088,171.4123,7966.11,1.0015145892748065,1.0000434246205345,0.9998518412227881,1.0004006068125761
227,2021-01-22,31.56,31.82,31.99,28.55,0.26,0.008199999999999999,4480,140913.65,4039,8207.683,554.7533,168.8999,7942.2,0.996425210774288,0.9995396469389315,0.9853429421342577,0.9969985350440805
228,2021-01-25,31.82,31.9,32.0,28.88,0.08,0.0025,1170,35983.87,4042,8211.412,555.3268,170.745,7970.92,1.0004543304121272,1.001033792858916,1.0109242219800012,1.0036161265140642
229,2021-01-26,31.9,31.28,31.88,29.0,-0.62,-0.0194,2500,77280.21,4043,8203.235,555.8737,171.8201,7959.1,0.9990041907530642,1.0009848255117526,1.0062965240563413,0.9985171096937367
230,2021-01-27,31.28,31.02,32.0,28.5,-0.26,-0.0083,37696,1167492.8,4044,8025.451,554.5757,171.7606,7754.74,0.9783275744264305,0.9976649371970647,0.9996537075697198,0.9743237300699827
231,2021-01-28,31.02,31.35,31.98,31.29,0.33,0.0106,4401,137951.3,4045,8074.045,554.2254,170.7791,7831.22,1.0060549868163173,0.9993683459264444,0.9942856510748099,1.0098623551531065
232,2021-01-29,31.35,31.35,34.33,28.5,0.0,0.0,22908,717243.55,4046,7928.875,553.8047,171.0062,7681.01,0.9820201646138955,0.9992409225560575,1.001329788012702,0.9808190805519447
233,2021-02-01,31.35,31.05,31.99,28.66,-0.3,-0.0096,39320,1219754.38,4049,8036.698,552.5796,174.2056,7804.31,1.0135987766234176,0.9977878483154802,1.0187092631729142,1.0160525764189865
234,2021-02-02,31.05,31.16,33.88,28.1,0.11,0.0035,28050,872771.85,4050,8138.245,551.1576,173.4993,7912.87,1.0126354132007946,0.9974266150976258,0.9959455953195534,1.0139102624062857
235,2021-02-03,31.16,31.01,32.22,29.11,-0.15,-0.0048,18503,573034.8,4051,8156.065,550.607,174.6601,7920.85,1.002189661284466,0.9990010116888527,1.0066905169069846,1.0010084836475261
236,2021-02-04,31.01,30.64,32.46,28.1,-0.37,-0.0119,9341,285402.57,4052,8215.575,549.4523,175.0213,8007.62,1.00729641070786,0.9979028599345814,1.002068016679253,1.0109546323942507
237,2021-02-05,30.64,30.85,32.18,28.0,0.21,0.0069,212541,7385585.27,4053,8263.097,549.7187,176.0748,8039.67,1.0057843790605039,1.0004848464552791,1.0060192673691717,1.0040024376781116
238,2021-02-08,30.85,30.93,32.48,28.1,0.08,0.0026000000000000003,210561,6925599.99,4056,8330.046,550.5713,178.3623,8099.33,1.0081021679885884,1.001550975071432,1.01299163764491,1.0074207025910267
239,2021-02-09,30.93,32.25,32.25,28.0,1.32,0.0427,849,25492.95,4057,8338.605,552.043,178.8569,8091.7,1.00102748532241,1.0026730416205858,1.0027730075245722,0.9990579467684364
240,2021-02-10,32.25,32.28,32.5,32.2,0.03,0.0009,3004,96966.8,4058,8345.048,552.8032,178.3399,8089.11,1.000772671208194,1.0013770666415478,0.9971094209952203,0.9996799189292732
241,2021-02-18,32.28,31.99,32.0,30.1,-0.29,-0.009000000000000001,857,26576.4,4066,8355.455,547.8215,181.9882,8102.24,0.9954752721562201,0.9999720719747194,1.0004617815311576,0.9956204810097962
242,2021-02-19,31.99,32.27,32.28,29.0,0.28,0.0088,854,26108.0,4067,8366.288,547.8624,182.118,8087.68,1.0012965182626201,1.0000746593552827,1.0007132330557695,0.9982029660933274
243,2021-02-22,32.27,32.17,32.25,29.11,-0.1,-0.0031,150970,5129858.9,4070,8311.92,547.8397,185.107,8025.81,0.9935015385556891,0.99995856623853,1.016412435893212,0.992350092980929
244,2021-02-23,32.17,32.09,32.09,29.0,-0.08,-0.0025,650,19498.0,4071,8315.436,547.7269,184.9332,8036.06,1.000423006958681,0.999794100354538,0.9990610835894915,1.001277129660433
245,2021-02-24,32.09,31.82,32.19,31.01,-0.27,-0.0084,3695,117572.17,4072,8354.966999999999,545.9423,186.9921,8127.38,1.0047539299202108,0.9967418069114371,1.011133209180396,1.011363777771694
246,2021-02-25,31.82,32.18,32.19,28.88,0.36,0.0113,860,26210.87,4073,8230.907,544.3751,185.9999,7929.56,0.9851513476953291,0.9971293669679011,0.9946938934853398,0.9756600528091464
247,2021-02-26,32.18,31.99,32.15,29.11,-0.19,-0.0059,2420,76254.13,4074,8132.047,544.2719999999999,182.0712,7892.81,0.9879891730036556,0.9998106085307722,0.9788779456333041,0.9953654427231776
248,2021-03-01,31.99,32.12,32.12,29.0,0.13,0.0041,1244,38572.0,4077,8301.846,543.9696,181.0135,8080.78,1.0208802285574592,0.9994443954493343,0.9941907341743229,1.0238153458654142
