,Date,Trading Index,Settlement Volume (ton),Turnover (yuan),Settlement Price (yuan/ton),Return,index_y,MSCI World Index TR,Barclays Global Aggregate Bond Index TR,Bloomberg Commodity Index TR,S&P 500 Total Return Index,MSCI World Index TR Return,Barclays Global Aggregate Bond Index TR Return,Bloomberg Commodity Index TR Return,S&P 500 Total Return Index Return
0,2018-04-23,TJEA17,"300,000","3,000,000",10.0,0.1641443538998837,3034,5946.422,485.0536,182.9859,5236.04,0.998854909067148,0.9957325770160228,0.9928590031578602,1.0000553884352767
1,2018-05-03,TJEA17,"90,263","1,047,051",11.6,0.15999999999999992,3044,5878.648,481.6919,184.0581,5157.7,0.9976542943790974,1.002318459637224,1.002035558855906,0.9978544301470944
2,2018-05-04,TJEA17,"78,317","803,170",10.26,-0.1155172413793103,3045,5930.895,481.2526,184.7199,5224.71,1.0088875877582737,0.9990880062546205,1.0035956037794587,1.0129922252166663
3,2018-05-11,TJEA17,740,"8,954",12.1,0.1793372319688109,3052,6057.474,481.11699999999996,184.8849,5354.69,1.0042367949962183,1.0025800259190392,0.9943539317835778,1.0020566274304321
4,2018-05-29,TJEA17,"150,000","1,875,000",12.5,0.03305785123966953,3070,5927.368,478.5862,185.5502,5285.7,0.9887304734935932,1.0016194640406988,0.993142480332535,0.9884783190052567
5,2018-06-01,TJEA17,"4,380","56,064",12.8,0.024000000000000018,3073,6003.658,478.1469,185.9414,5376.29,1.0078344962252737,0.99656893773587,0.9971486503951508,1.01094187773829
6,2018-06-05,TJEA17,"13,000","157,240",12.1,-0.05468750000000011,3077,6033.139,477.8668,184.4248,5404.62,0.9988796183251859,0.9991369065291515,1.0030244408102087,1.0007628923247847
7,2018-06-11,TJEA17,"50,000","617,000",12.34,0.01983471074380172,3083,6105.601,477.769,184.38299999999998,5471.29,1.0030683806796339,0.999851414699481,0.9965054239970254,1.0010740254179917
8,2018-06-13,TJEA17,"40,838","539,062",13.2,0.06969205834683945,3085,6094.6,477.1897,185.0634,5459.21,0.9976356366069716,0.9997291119775245,1.0008290515228753,0.996011727637122
9,2018-06-14,TJEA17,"5,000","69,650",13.93,0.05530303030303041,3086,6100.891,476.7544,183.52700000000002,5474.37,1.0010322252485806,0.9990877841663388,0.9916979802597381,1.0027769585709287
10,2018-06-19,TJEA17,"346,493","3,805,825",10.98,-0.21177315147164388,3091,6014.4259999999995,476.4247,178.1473,5436.13,0.993274321317503,1.0003313268253577,0.9880862118979252,0.9960240608446947
11,2018-06-20,TJEA17,"6,671","85,389",12.8,0.16575591985428062,3092,6032.478,476.0342,178.5685,5445.43,1.0030014501799507,0.9991803531596914,1.0023643355807246,1.0017107758644477
12,2018-06-22,TJEA17,"412,555","3,812,441",9.24,-0.2781250000000001,3094,6024.960999999999,476.9355,179.7035,5421.63,1.004274151782894,1.0008072591631365,1.0104785200179935,1.001890453487083
13,2018-06-25,TJEA17,"88,186","1,145,818",12.99,0.4058441558441559,3097,5941.485,477.6958,177.36900000000003,5347.23,0.9861449725566689,1.001594135894686,0.9870091567498688,0.9862771897012521
14,2018-06-27,TJEA17,"550,988","7,692,880",13.96,0.07467282525019248,3099,5915.691999999999,476.6022,179.3836,5312.89,0.9943143302845152,0.9990317862945461,1.007148375389646,0.9913939328346094
15,2018-06-28,TJEA17,"62,304","857,170",13.76,-0.014326647564469996,3100,5926.243,476.1314,178.6685,5346.44,1.0017835614159765,0.9990121740940349,0.9960135709172967,1.0063148305347935
16,2018-06-29,TJEA17,"50,242","581,668",11.58,-0.15843023255813948,3101,5954.146,477.6598,179.9539,5350.83,1.0047083793222789,1.003210038237344,1.0071943291626673,1.00082110712923
17,2019-05-14,TJEA18,"2,827","35,451",12.54,0.08290155440414493,3420,6081.3330000000005,490.25699999999995,166.6676,5677.2,1.0060327226443069,0.9982759242090824,1.0127945620528664,1.0081311785147946
18,2019-05-20,TJEA18,"37,106","465,309",12.54,0.0,3426,6103.9980000000005,489.4526,167.9741,5692.3,0.9946448201051289,0.9993005239741019,1.0030178773705174,0.9932663164011174
19,2019-06-05,TJEA18,"59,424","808,291",13.6,0.08452950558213712,3442,6084.429,498.1817,160.9054,5668.89,1.00880954939038,1.0026108688459527,0.9843699051084575,1.0082848508886917
20,2019-06-13,TJEA18,"116,566","1,624,290",13.93,0.02426470588235285,3450,6206.855,499.2968,163.3491,5804.53,1.0013787631433024,0.9997224866319048,1.0069075409068073,1.0043968631902436
21,2019-06-18,TJEA18,"148,645","2,077,493",13.98,0.0035893754486719938,3455,6248.147,499.7216,164.7385,5857.95,1.0094610512785425,1.0024352687902853,1.0059438793735662,1.0097476471196607
22,2019-06-19,TJEA18,"36,026","500,012",13.88,-0.007153075822603715,3456,6279.33,500.7899,163.7508,5875.45,1.0049907596604242,1.002137790321651,0.9940044373355349,1.002987393200693
23,2019-06-21,TJEA18,"209,485","2,932,790",14.0,0.008645533141210304,3458,6328.012,503.2036,166.0169,5924.54,0.9976468317993964,0.9979161312226528,0.9959500155976291,0.9987996614775628
24,2019-06-26,TJEA18,"217,784","3,002,126",13.78,-0.01571428571428579,3463,6271.536,504.3838,168.8174,5850.9,0.9976463222114265,0.9968939943904135,1.0038795230874438,0.9987658177609577
25,2019-06-27,TJEA18,"259,430","3,820,863",14.73,0.06894049346879537,3464,6296.298000000001,504.7363,168.9168,5874.15,1.00394831505392,1.0006988725649,1.0005888018652105,1.00397374762857
26,2019-07-17,TJEA19,400,"5,240",13.1,-0.11065852002715547,3484,6390.763000000001,503.5834,167.8371,5999.05,0.9954092037412329,1.0025149302207894,0.9992034334518657,0.9934833730789614
27,2019-07-31,TJEA19,400,"5,400",13.5,0.03053435114503822,3498,6362.444,504.1809,166.6751,5993.17,0.9928416462543912,1.0021672040781522,0.9985352229456576,0.9891417008859607
28,2019-08-12,TJEA19,387,"4,992",12.9,-0.0444444444444444,3510,6163.954000000001,513.1366,162.2724,5804.25,0.9917861664748996,1.0034626868940617,0.9924316509275586,0.9882148031742735
29,2019-08-14,TJEA19,"41,764","523,721",12.54,-0.027906976744186185,3512,6074.133000000001,513.5523,162.3572,5719.3,0.9776116700521807,1.0034469337120315,0.9906183722729458,0.9709922990207397
30,2019-08-22,TJEA19,365,"4,818",13.2,0.05263157894736836,3520,6210.0830000000005,512.2655,161.5027,5888.37,0.9982834897531028,0.9980250514729606,0.9951212148285986,0.9995213191222826
31,2019-10-25,TJEA19,170,"2,385",14.03,0.06287878787878798,3584,6494.276,509.4625,168.5602,6107.42,1.0032244246187052,0.9981706368503527,1.0019437304883936,1.0040903964462216
32,2019-12-30,TJEA19,427,"6,576",15.4,0.09764789736279413,3650,6894.184,510.9252,173.0705,6533.91,0.9952012486021146,1.0005124705407769,1.0006313551066048,0.9943509617213739
33,2020-01-02,TJEA19,400,"6,320",15.8,0.025974025974025983,3653,6961.251,512.3369,172.2605,6609.29,1.0074637331198744,1.0013010308182286,1.001490079893398,1.0085022361857736
34,2020-01-03,TJEA19,350,"5,460",15.6,-0.012658227848101332,3654,6924.025,513.3938,173.045,6563.32,0.9946523979669746,1.0020629004079153,1.0045541490939593,0.9930446386828237
35,2020-01-06,TJEA19,415,"6,433",15.5,-0.006410256410256388,3657,6928.356,513.3474,173.6555,6586.54,1.0006255032296967,0.999909621035548,1.0035279840503915,1.003537843652298
36,2020-01-07,TJEA19,300,"4,800",16.0,0.032258064516129004,3658,6922.604,511.9721,173.5155,6568.74,0.9991697886194071,0.9973209175696615,0.9991938061276494,0.9972975188794116
37,2020-01-08,TJEA19,125,"1,963",15.7,-0.018750000000000044,3659,6935.89,510.9523,171.4093,6601.15,1.001919219992939,0.9980080945817164,0.9878616031420824,1.004933975161142
38,2020-01-10,TJEA19,247,"3,952",16.0,0.019108280254777062,3661,6968.134,510.9379,171.6898,6627.87,0.999061892041739,1.0019077779847638,1.003156889152466,0.9971460122404029
39,2020-01-13,TJEA19,255,"4,208",16.5,0.03125,3664,6999.2880000000005,510.4613,170.8311,6674.13,1.0044709243536363,0.9990672056232274,0.9949985380610846,1.0069796178862893
40,2020-01-14,TJEA19,410,"6,806",16.6,0.0060606060606061,3665,7000.342,510.7093,170.9599,6664.66,1.0001505867453946,1.0004858350672226,1.0007539610761742,0.9985810884714562
41,2020-01-15,TJEA19,400,"6,320",15.8,-0.048192771084337394,3666,7010.897,511.885,170.2906,6677.25,1.0015077834768644,1.0023020924036434,0.9960850468443185,1.0018890686096515
42,2020-01-16,TJEA19,405,"6,156",15.2,-0.03797468354430389,3667,7052.536,511.6398,169.4065,6733.35,1.0059391829604685,0.9995209861590005,0.9948082865407719,1.008401662361002
43,2020-01-20,TJEA19,380,"5,700",15.0,-0.013157894736842035,3671,7078.778,510.6836,169.851,6759.51,0.9998292369745878,0.9995922816548862,1.0,1.0
44,2020-01-21,TJEA19,320,"4,848",15.15,0.010000000000000007,3672,7062.013000000001,512.3263,168.5838,6741.71,0.997631653372941,1.0032166687945334,0.9925393433067806,0.9973666730280745
45,2020-02-12,TJEA19,"102,363","1,555,918",15.2,0.003300330033003229,3694,7141.143,513.5717,160.1126,6867.92,1.0056742494667188,0.9985972979221381,1.0104259421117565,1.0064965802458823
46,2020-02-26,TJEA19,200,"3,200",16.0,0.05263157894736836,3708,6629.232,516.8015,156.958,6339.38,0.9952648131477853,0.9984295259173624,0.9922432594746657,0.9962299850550888
47,2020-02-27,TJEA19,300,"4,900",16.33,0.02062499999999989,3709,6392.674,518.3495,154.7179,6060.67,0.9643159267921231,1.0029953473432256,0.985728029154296,0.9560351327732365
48,2020-02-28,TJEA19,240,"3,960",16.5,0.01041028781383968,3710,6287.116999999999,521.688,151.3185,6011.73,0.9834878174610499,1.0064406351313158,0.9780283987825585,0.9919249851914061
49,2020-03-02,TJEA19,350,"5,950",17.0,0.03030303030303028,3713,6496.5869999999995,524.019,154.5201,6288.64,1.033317337660489,1.0044681878824124,1.02115802099545,1.0460616162069822
50,2020-03-03,TJEA19,250,"4,325",17.3,0.01764705882352935,3714,6400.927,526.1759,156.0566,6112.07,0.9852753453467182,1.0041160721271556,1.0099436901736407,0.9719223870343985
51,2020-03-04,TJEA19,275,"4,620",16.8,-0.02890173410404628,3715,6588.023,526.9108,156.1423,6370.35,1.0292295162872502,1.0013966812239026,1.0005491597279448,1.042257369434578
52,2020-03-05,TJEA19,340,"5,593",16.45,-0.02083333333333337,3716,6440.969,528.5738,154.9835,6155.58,0.9776785843036674,1.0031561319297309,0.992578564552975,0.9662859968447572
53,2020-03-06,TJEA19,330,"5,511",16.7,0.015197568389057725,3717,6314.628000000001,534.5859,150.9587,6050.8,0.9803847837181021,1.0113741922130837,0.9740307839221595,0.9829780459355577
54,2020-03-09,TJEA19,280,"4,620",16.5,-0.0119760479041916,3720,5862.356,538.9731,144.6936,5591.74,0.9283770952144765,1.0082067259910896,0.9584979202921065,0.9241323461360481
55,2020-03-10,TJEA19,260,"4,316",16.6,0.0060606060606061,3721,6029.166,531.5222,147.784,5868.11,1.0284544302666028,0.9861757479176604,1.0213582356095916,1.0494246871277992
56,2020-03-11,TJEA19,342,"5,814",17.0,0.02409638554216853,3722,5794.766,528.2103,145.6599,5581.76,0.9611223177467663,0.9937690278976117,0.9856269961565528,0.9512023462409533
57,2020-03-12,TJEA19,350,"5,950",17.0,0.0,3723,5220.98,519.6413,141.1066,5051.97,0.9009820241231483,0.9837772947630897,0.9687401954827649,0.9050854927478071
58,2020-03-16,TJEA19,322,"5,635",17.5,0.02941176470588225,3727,5005.156,515.3382,133.4574,4861.22,0.9049712199192332,1.0024098457243573,0.9582225221861627,0.8802013453198982
59,2020-03-17,TJEA19,305,"5,429",17.8,0.017142857142857126,3728,5211.462,506.6228,132.251,5152.83,1.041218695281426,0.9830879992983248,0.9909604113372507,1.059986999148362
60,2020-03-18,TJEA19,333,"5,661",17.0,-0.0449438202247191,3729,4944.958,495.598,126.8581,4885.76,0.948861950830688,0.9782386422403414,0.9592222365048279,0.9481702287868997
61,2020-03-19,TJEA19,335,"5,762",17.2,0.0117647058823529,3730,4981.854,491.7119,131.0129,4909.13,1.0074613373864856,0.9921587657738732,1.0327515546898465,1.0047832885774168
62,2020-03-20,TJEA19,300,"5,400",18.0,0.046511627906976834,3731,4854.303,494.7105,130.3159,4697.09,0.9743968811611098,1.006098286415277,0.9946799131993872,0.9568070106108414
63,2020-03-23,TJEA19,270,"4,914",18.2,0.011111111111111072,3734,4710.78,496.8553,132.2568,4559.5,0.9704338604326924,1.0043354648829972,1.0148938080464471,0.9707073954299363
64,2020-03-24,TJEA19,285,"5,130",18.0,-0.01098901098901095,3735,5124.2609999999995,498.2149,136.0065,4987.8,1.08777336237311,1.0027364103794405,1.0283516613134447,1.0939357385678254
65,2020-03-25,TJEA19,296,"5,476",18.5,0.027777777777777683,3736,5251.88,499.2641,136.472,5045.35,1.024904859451929,1.0021059185504086,1.0034226305360407,1.0115381530935483
66,2020-03-26,TJEA19,366,"6,698",18.3,-0.010810810810810813,3737,5515.939,506.7601,135.0656,5360.49,1.050278947729194,1.0150140977490671,0.9896945893663167,1.0624614744269474
67,2020-03-27,TJEA19,300,"5,550",18.5,0.010928961748633892,3738,5373.875,510.4101,133.763,5179.92,0.9742448203288687,1.0072026191485872,0.990355797479151,0.9663146466087988
68,2020-03-30,TJEA19,200,"3,800",19.0,0.027027027027026973,3741,5507.08,511.474,132.3753,5354.39,1.024787513665651,1.0020844023266782,0.9896256812421971,1.0336819873666003
69,2020-03-31,TJEA19,248,"4,836",19.5,0.02631578947368429,3742,5455.063,509.9988,131.9359,5269.2,0.9905545225418916,0.9971157869217204,0.99668064963781,0.9840896908891581
70,2020-04-01,TJEA19,348,"6,960",20.0,0.02564102564102555,3743,5244.805,510.5404,128.592,5036.64,0.9614563571493125,1.0010619632830509,0.9746551166134465,0.9558642678205421
71,2020-04-02,TJEA19,280,"5,488",19.6,-0.01999999999999991,3744,5308.507,509.2771,131.2772,5152.47,1.0121457327774817,0.9975255631092075,1.020881547841234,1.022997474506814
72,2020-04-03,TJEA19,240,"4,680",19.5,-0.005102040816326592,3745,5232.130999999999,508.0991,132.6578,5075.16,0.9856125272133953,0.9976869173972284,1.0105166776866052,0.9849955458255942
73,2020-04-07,TJEA19,277,"5,540",20.0,0.02564102564102555,3749,5580.41,508.1802,134.8425,5423.52,1.0072389529527621,1.0024195508227973,1.006393210031802,0.9984076345180656
74,2020-04-08,TJEA19,316,"6,478",20.5,0.024999999999999908,3750,5713.853,508.6688,134.6888,5609.55,1.023912759098346,1.0009614699667557,0.9988601516584162,1.0343006018231702
75,2020-04-09,TJEA19,335,"6,633",19.8,-0.03414634146341455,3751,5804.275,512.4361,135.3908,5691.54,1.0158250483517863,1.0074061943645847,1.0052120146589771,1.0146161456801348
76,2020-04-10,TJEA19,336,"6,552",19.5,-0.015151515151515138,3752,5808.056,512.4616,135.3908,5691.54,1.0006514164129026,1.0000497623020703,1.0,1.0
77,2020-04-13,TJEA19,187,"3,553",19.0,-0.02564102564102566,3755,5763.334,513.5991,135.1981,5634.15,0.992300005371849,1.0022196785085946,0.9985767127456223,0.9899166130783583
78,2020-04-14,TJEA19,160,"3,072",19.2,0.010526315789473715,3756,5911.101,515.1297,134.4888,5807.1,1.0256391526154827,1.0029801454091332,0.9947536244962022,1.0306967333138097
79,2020-04-15,TJEA19,347,"6,420",18.5,-0.03645833333333326,3757,5773.9980000000005,515.3392,132.1739,5679.53,0.9768058437844321,1.0004066936928702,0.9827874142679539,0.9780320641972756
80,2020-04-16,TJEA19,330,"6,270",19.0,0.027027027027026973,3758,5786.441999999999,514.9951,132.364,5712.6,1.002155179132379,0.999332284444886,1.0014382567208806,1.0058226649036102
81,2020-04-17,TJEA19,200,"3,800",19.0,0.0,3759,5943.246,515.3022,132.4482,5865.9,1.0270985175346095,1.0005963163533012,1.0006361246260314,1.026835416447852
82,2020-04-20,TJEA19,130,"2,418",18.6,-0.021052631578947326,3762,5874.101,514.6801,132.2049,5761.0,0.9883657852964524,0.9987927472461792,0.9981630554435621,0.9821169811964064
83,2020-04-21,TJEA19,310,"5,828",18.8,0.010752688172043,3763,5692.446999999999,513.9709,126.9362,5584.44,0.9690754380968253,0.9986220566911369,0.9601474680590507,0.9693525429612914
84,2020-04-22,TJEA19,300,"5,490",18.3,-0.02659574468085102,3764,5798.823,513.2003,129.4404,5712.65,1.0186872183438864,0.9985006933271902,1.0197280208482689,1.0229584345073095
85,2020-04-23,TJEA19,246,"4,551",18.5,0.010928961748633892,3765,5817.275,514.7271,129.641,5710.04,1.0031820250419783,1.0029750567176208,1.001549747992126,0.9995431192178762
86,2020-04-24,TJEA19,256,"4,608",18.0,-0.027027027027026973,3766,5856.72,515.1652,128.4981,5789.65,1.0067806662053969,1.0008511306282495,0.9911841161360989,1.0139421089869773
87,2020-04-27,TJEA19,285,"5,301",18.6,0.03333333333333344,3769,5960.441,515.4144,127.0348,5874.94,1.0177097419716155,1.00048372832637,0.9886122829831726,1.0147314604509772
88,2020-04-28,TJEA19,270,"5,130",19.0,0.021505376344086,3770,5963.01,516.6036,127.2242,5844.18,1.0004310083767292,1.0023072696455513,1.0014909300443657,0.994764201847168
89,2020-04-29,TJEA19,280,"5,404",19.3,0.015789473684210575,3771,6103.314,517.7244,127.7246,5999.74,1.0235290566341495,1.0021695551482799,1.00393321396401,1.0266179344236488
90,2020-04-30,TJEA19,295,"5,605",19.0,-0.015544041450777256,3772,6050.996999999999,520.0118,129.9062,5944.68,0.9914280995537833,1.0044181807927153,1.017080499762771,0.9908229356605454
91,2020-05-06,TJEA19,250,"4,875",19.5,0.02631578947368429,3778,5919.111,515.5634,131.1085,5815.17,0.9948237863805983,0.9962858855534861,0.9863974751065517,0.9930988902892626
92,2020-05-07,TJEA19,249,"4,823",19.37,-0.0066666666666665994,3779,5975.630999999999,515.891,132.2496,5884.14,1.0095487312199416,1.0006354213662179,1.0087034784167312,1.0118603583386212
93,2020-05-08,TJEA19,286,"5,548",19.4,0.0015487867836860847,3780,6081.664000000001,515.6506,132.9422,5984.55,1.0177442348766184,0.9995340100912792,1.0052370668795976,1.0170645158001
94,2020-05-11,TJEA19,268,"5,226",19.5,0.005154639175257714,3783,6078.399,514.3944,131.7972,5985.66,0.9994631403510618,0.997563854284277,0.9913872344522656,1.0001854776048325
95,2020-05-12,TJEA19,251,"5,020",20.0,0.02564102564102555,3784,6000.5740000000005,515.9578,131.306,5863.68,0.9871964640689103,1.0030393021385924,0.9962730619466879,0.9796212948947987
96,2020-05-13,TJEA19,270,"5,535",20.5,0.024999999999999908,3785,5895.943,515.9067,129.3234,5761.7,0.9825631681235828,0.9999009608925381,0.9849009184652642,0.9826081914429163
97,2020-05-14,TJEA19,266,"5,381",20.23,-0.013170731707317085,3786,5901.3240000000005,515.774,130.7416,5829.33,1.0009126614690813,0.9997427829489325,1.010966306175062,1.0117378551469185
98,2020-05-15,TJEA19,260,"5,460",21.0,0.03806228373702414,3787,5927.186,515.3831,131.5352,5852.84,1.0043824063888034,0.9992421099163588,1.0060699884352036,1.004033053541316
99,2020-05-18,TJEA19,"25,000","500,000",20.0,-0.04761904761904767,3790,6106.751,515.2587,134.4572,6037.9,1.0302951518646455,0.9997586261559605,1.0222145859055218,1.031618838034185
100,2020-05-19,TJEA19,"10,000","220,000",22.0,0.10000000000000007,3791,6084.746999999999,516.9711,134.9047,5975.15,0.996396774651529,1.0033233791103382,1.0033281966306007,0.9896073138011561
101,2020-05-20,TJEA19,"2,000","46,000",23.0,0.04545454545454541,3792,6175.826999999999,519.049,135.6881,6075.76,1.014968576343437,1.004019373616823,1.0058070623188073,1.0168380710107696
102,2020-05-21,TJEA19,"1,800","42,300",23.5,0.021739130434782702,3793,6123.533,518.5985,134.4284,6028.93,0.9915324700643332,0.9991320665293643,0.9907162087169031,0.9922923222773776
103,2020-05-22,TJEA19,"2,000","46,000",23.0,-0.021276595744680882,3794,6117.666,518.1732,133.8446,6044.16,0.9990418929725698,0.9991799050710714,0.9956571676818292,1.0025261530653033
104,2020-05-25,TJEA19,"2,000","48,000",24.0,0.04347826086956519,3797,6147.005,517.871,133.8446,6044.16,1.0047957832284404,0.9994167973179625,1.0,1.0
105,2020-05-26,TJEA19,"3,000","72,000",24.0,0.0,3798,6242.87,519.2604,135.1481,6118.54,1.0155953997109162,1.0026829075194401,1.0097389061643127,1.0123060938161796
106,2020-05-27,TJEA19,"1,144","28,600",25.0,0.04166666666666674,3799,6309.743,519.0913,133.697,6209.38,1.0107119001356748,0.9996743445099993,0.989262890118322,1.0148466791097224
107,2020-05-28,TJEA19,"1,800","45,000",25.0,0.0,3800,6344.02,520.5546,133.9122,6197.02,1.005432392412813,1.0028189646021808,1.0016096097892997,0.9980094631025964
108,2020-06-01,TJEA19,"2,200","50,600",23.0,-0.07999999999999996,3804,6390.871,522.7518,135.4956,6251.48,1.0074978205384886,1.0008782425040652,0.9996377578761839,1.0038006939839204
109,2020-06-02,TJEA19,"1,700","38,250",22.5,-0.021739130434782598,3805,6459.454000000001,523.1298,136.0742,6303.0,1.0107314010875827,1.0007230965058371,1.004270249366031,1.0082412484723617
110,2020-06-03,TJEA19,"3,800","87,400",23.0,0.022222222222222143,3806,6564.821999999999,522.5109,136.3276,6389.67,1.0163122146237125,0.9988169284181477,1.001862219289182,1.0137505949547834
111,2020-06-04,TJEA19,"3,600","81,000",22.5,-0.021739130434782598,3807,6553.525,523.3169,137.2916,6369.54,0.9982791612628644,1.0015425515525131,1.0070712020163195,0.9968496025616346
112,2020-06-05,TJEA19,"3,500","78,400",22.4,-0.004444444444444473,3808,6696.194,522.4213,138.0206,6536.58,1.0217698109032927,0.9982886086805145,1.0053098660078257,1.026224813722812
113,2020-06-08,TJEA19,"3,500","77,000",22.0,-0.017857142857142794,3811,6759.274,524.0722,137.9102,6615.4,1.0094202766526776,1.0031600932044693,0.999200119402466,1.0120582934806885
114,2020-06-09,TJEA19,"3,450","79,350",23.0,0.04545454545454541,3812,6721.896,526.0831,138.0927,6564.27,0.9944701161692808,1.0038370667247758,1.0013233248882245,0.9922710644858966
115,2020-06-11,TJEA19,"34,852","871,300",25.0,0.08695652173913038,3814,6365.653,529.0486,136.7408,6145.3,0.9502967413315777,1.0031219064163757,0.9859925557060182,0.9411708850096946
116,2020-06-15,TJEA19,"7,677","198,067",25.8,0.03200000000000003,3818,6417.088000000001,526.5531,135.791,6279.4,1.0032653752961525,1.0006457457460691,0.9990788441701577,1.0083469558822111
117,2020-06-16,TJEA19,"7,424","196,736",26.5,0.027131782945736482,3819,6557.9259999999995,526.3366,136.4228,6398.58,1.0219473381072535,0.999588835390011,1.0046527383994521,1.0189795203363379
118,2020-06-17,TJEA19,"7,238","192,531",26.6,0.0037735849056603774,3820,6554.468000000001,526.4017,136.7024,6375.54,0.9994726991429914,1.0001236851094908,1.0020495107855873,0.996399201072738
119,2020-06-18,TJEA19,"7,336","192,937",26.3,-0.011278195488721776,3821,6548.07,526.7354,136.8027,6379.56,0.9990238719603176,1.0006339265241735,1.0007337106005452,1.0006305348252855
120,2020-06-19,TJEA19,"22,167","596,292",26.9,0.02281368821292773,3822,6529.276,526.0591,137.7724,6344.7,0.9971298413120202,0.9987160536390756,1.007088310391535,0.994535673306623
121,2020-06-22,TJEA19,"22,500","594,000",26.4,-0.018587360594795488,3825,6555.938,527.3953,138.3259,6385.91,1.004083454275788,1.0025400187925655,1.0040174955215992,1.0064951849575237
122,2020-06-23,TJEA19,"43,446","1,160,008",26.7,0.011363636363636465,3826,6609.95,528.8307,138.067,6413.44,1.0082386380103046,1.0027216776486252,0.998128333161035,1.0043110535538395
123,2020-06-24,TJEA19,"50,666","1,350,249",26.65,-0.0018726591760299671,3827,6444.68,527.7694,135.9296,6247.66,0.9749967851496608,0.9979931195371222,0.9845191102870344,0.9741511575691049
124,2020-06-29,TJEA19,"62,760","1,556,448",24.8,-0.06941838649155717,3832,6435.908,527.0577,137.0737,6254.78,1.0091991162952392,1.0003264465139212,1.0162075803910666,1.0148097671777399
125,2020-06-30,TJEA19,"59,408","1,556,490",26.2,0.05645161290322576,3833,6511.097,526.9333,138.6382,6351.67,1.0116827338116081,0.9997639727111474,1.0114135680294616,1.0154905528251994
126,2020-07-01,TJEA19,"56,800","1,513,152",26.64,0.016793893129771087,3834,6539.444,527.0668,139.0814,6383.76,1.004353644247659,1.0002533527488202,1.003196810114384,1.0050522146144243
127,2020-07-02,TJEA19,"58,560","1,556,525",26.58,-0.0022522522522523407,3835,6588.83,527.4791,140.0398,6414.16,1.007552018183809,1.0007822537864273,1.006890928621656,1.004762083787611
128,2020-07-03,TJEA19,"72,870","1,945,629",26.7,0.004514672686230181,3836,6585.251,527.7667,140.0398,6414.16,0.9994568079613528,1.000545234872813,1.0,1.0
129,2020-07-06,TJEA19,"72,600","1,945,680",26.8,0.0037453183520599342,3839,6697.45,529.1507,141.2104,6516.05,1.0170379230799251,1.0026223708316573,1.0083590522122996,1.0158851665689663
130,2020-07-07,TJEA19,"72,740","1,945,795",26.75,-0.0018656716417910781,3840,6635.366999999999,529.2873,141.982,6445.59,0.9907303525968838,1.0002581495214877,1.0054641867737788,0.9891867005317638
131,2020-07-08,TJEA19,"72,060","1,945,620",27.0,0.009345794392523256,3841,6663.464,530.1214,142.5187,6496.14,1.0042344304391906,1.0015758927145995,1.0037800566268964,1.007842571432561
132,2020-07-09,TJEA19,"58,120","1,556,454",26.78,-0.008148148148148127,3842,6629.543000000001,530.9169,141.5669,6461.31,0.9949094044779113,1.0015005996739617,0.9933215781507971,0.9946383544689615
133,2020-07-10,TJEA19,"43,476","1,167,331",26.85,0.0026138909634054737,3843,6685.366,531.3642,142.1855,6528.96,1.0084203390791793,1.0008425047309661,1.0043696655079681,1.0104700130468898
134,2020-07-13,TJEA19,"72,820","1,945,750",26.72,-0.00484171322160154,3846,6668.102,530.8972,141.8748,6467.84,0.9974176432524412,0.9991211301024796,0.9978148264063494,0.9906386315737882
135,2020-07-14,TJEA19,"72,653","1,945,647",26.78,0.0022455089820359038,3847,6718.74,531.663,141.2065,6555.4,1.007594064997806,1.0014424638140869,0.9952895087781622,1.0135377498515732
136,2020-07-15,TJEA19,"72,980","1,945,647",26.66,-0.004480955937266606,3848,6801.991999999999,532.5739,142.251,6615.07,1.0123910137912762,1.0017133033519352,1.0073969682698742,1.009102419379443
137,2020-07-16,TJEA19,"72,900","1,946,430",26.7,0.0015003750937734315,3849,6772.573,533.2203,141.8418,6592.75,0.9956749434577402,1.001213728273203,0.9971233945631314,0.9966258860450457
138,2020-07-17,TJEA19,"164,285","4,407,823",26.83,0.004868913857677848,3850,6787.834,532.6813,141.8882,6611.86,1.0022533533414848,0.9989891607652597,1.000327125008284,1.0028986386560994
139,2020-07-20,TJEA19,"468,778","11,953,839",25.5,-0.04957137532612743,3853,6844.348000000001,533.8489,141.4959,6667.45,1.0083257781495543,1.0021919297711408,0.9972351471087799,1.0084076190360958
140,2020-07-22,TJEA19,"43,530","1,167,475",26.82,0.051764705882352935,3855,6888.321999999999,537.5181,144.5464,6717.29,1.0026911858423362,1.003316151539502,1.006727236637287,1.0057720468232032
141,2020-07-23,TJEA19,"65,335","1,751,123",26.8,-0.0007457121551081025,3856,6830.528,538.0097,145.369,6635.04,0.9916098579596019,1.00091457385342,1.005690906172689,0.9877554787719453
142,2020-07-24,TJEA19,"72,730","1,945,528",26.75,-0.0018656716417910781,3857,6781.781,538.7462,145.4245,6594.1,0.9928633628322729,1.0013689344262753,1.000381787038502,0.9938297282307266
143,2020-07-27,TJEA19,"58,232","1,556,541",26.73,-0.0007476635514018781,3860,6841.143,541.7927,146.1777,6642.89,1.0087531579094047,1.0056547962658482,1.005179319853257,1.0073990385344473
144,2020-07-28,TJEA19,"58,240","1,556,173",26.72,-0.00037411148522270565,3861,6806.505999999999,541.7852,146.2388,6599.97,0.9949369571722151,0.999986157067085,1.000417984412123,0.9935389566890315
145,2020-07-29,TJEA19,"43,200","1,156,896",26.78,0.0022455089820359038,3862,6865.15,542.3468,147.2259,6682.01,1.008615874282635,1.0010365731658968,1.006749918626247,1.0124303595319373
146,2020-07-30,TJEA19,"71,920","1,931,052",26.85,0.0026138909634054737,3863,6819.276999999999,543.5113,145.6468,6658.02,0.9933179901385985,1.0021471501260817,0.9892743056758357,0.9964097629306152
147,2020-07-31,TJEA19,"83,205","2,214,380",26.61,-0.008938547486033621,3864,6822.597,543.739,146.55100000000002,6709.81,1.0004868551314166,1.0004189425316456,1.0062081693521587,1.0077785888297122
148,2020-08-03,TJEA19,"70,257","1,874,559",26.68,0.002630590003757982,3867,6879.235,541.7188,149.1733,6758.2,1.0083015309272993,0.9962846144933506,1.0178934295910638,1.0072118286508858
149,2020-08-04,TJEA19,"393,096","10,481,593",26.66,-0.0007496251874062888,3868,6917.0,543.2571,150.5371,6782.6,1.005489709248194,1.0028396651546891,1.0091423867407907,1.0036104288124057
150,2020-08-05,TJEA19,"350,000","9,335,500",26.67,0.00037509377344346895,3869,6973.585,545.0315,151.9202,6826.22,1.008180569611103,1.0032662251445954,1.0091877683308632,1.0064311620912334
151,2020-08-06,TJEA19,"235,172","6,232,074",26.5,-0.0063742032245970295,3870,6986.293000000001,545.2036,152.2354,6870.86,1.001822305170153,1.0003157615660747,1.0020747734665962,1.0065394903768117
152,2020-08-07,TJEA19,"123,460","3,298,850",26.72,0.008301886792452695,3871,6975.41,543.462,150.3384,6876.65,0.9984422353886387,0.9968055970283394,0.9875390349419386,1.0008426892703388
153,2020-08-10,TJEA19,"85,187","2,271,195",26.66,-0.0022455089820359038,3874,6990.055,543.4489,151.3065,6895.59,1.0020995181645238,0.9999758952787867,1.0064394725499273,1.002754248071372
154,2020-08-11,TJEA19,"87,552","2,330,352",26.62,-0.0015003750937734315,3875,6985.909000000001,541.3408,149.1477,6840.67,0.9994068716197513,0.9961208864347687,0.9857322719116495,0.9920354893489897
155,2020-08-12,TJEA19,"30,000","801,000",26.7,0.003005259203606281,3876,7082.08,540.8741,149.9563,6937.44,1.0137664261014565,0.9991378813494199,1.0054214714675453,1.0141462751455632
156,2020-08-13,TJEA19,"86,000","2,237,400",26.02,-0.025468164794007486,3877,7079.139,540.3534,151.1671,6924.96,0.9995847265210221,0.9990372990683044,1.0080743523279783,0.9982010655227289
157,2020-08-14,TJEA19,"88,889","2,307,435",25.96,-0.002305918524212136,3878,7062.1630000000005,540.3119,151.1018,6924.28,0.9976019682619596,0.9999231984105218,0.9995680276991488,0.9999018044869573
158,2020-08-17,TJEA19,"114,935","2,988,310",26.0,0.0015408320493066616,3881,7091.235,541.7766,153.6884,6943.22,1.004116585810891,1.0027108416453534,1.0171182606692972,1.0027353024429977
159,2020-08-18,TJEA19,"102,000","2,652,000",26.0,0.0,3882,7107.7519999999995,543.5261,154.662,6960.3,1.0023292134585866,1.003229190777158,1.0063348958021556,1.0024599537390433
160,2020-08-19,TJEA19,"100,000","2,650,000",26.5,0.01923076923076916,3883,7093.9490000000005,543.1836,154.3651,6930.8,0.9980580357896562,0.9993698554678422,0.9980803300099572,0.9957616769392124
161,2020-08-20,TJEA19,"94,000","2,486,300",26.45,-0.0018867924528301887,3884,7078.829000000001,542.2871,153.187,6952.92,0.9978686060472101,0.9983495451629983,0.9923680935651906,1.003191550758931
162,2020-08-21,TJEA19,"98,813","2,619,058",26.51,0.0022684310018903364,3885,7087.901999999999,541.5186,152.4965,6977.27,1.0012817091640438,0.9985828539900727,0.9954924373478167,1.0035021257255945
163,2020-08-24,TJEA19,"487,552","12,358,348",25.35,-0.04375707280271601,3888,7162.361,542.073,152.9137,7048.17,1.010505083168475,1.0010237875485717,1.0027358004937819,1.0101615674898634
164,2020-08-26,TJEA19,"19,000","486,400",25.6,0.009861932938856066,3890,7248.695,540.6099,154.2883,7145.77,1.009557425050891,1.000208141611782,1.0038994332710864,1.010202725627686
165,2020-08-27,TJEA19,180,"4,680",26.0,0.015625,3891,7239.306,539.0473,154.9686,7158.18,0.9987047323690678,0.9971095608866947,1.0044092779556195,1.0017366917770933
166,2020-08-28,TJEA19,170,"4,437",26.1,0.003846153846153833,3892,7281.769,541.8519,156.0781,7207.1,1.0058656175053244,1.0052028829381021,1.0071595148952754,1.0068341394041502
167,2020-08-31,TJEA19,185,"4,773",25.8,-0.011494252873563204,3895,7278.444,542.91,156.4625,7192.11,0.9995433801868749,1.001952747605019,1.0024628695505649,0.997920106561585
168,2020-09-16,TJEA20,195,"5,015",25.72,-0.003100775193798477,3911,7128.624,543.7684,154.299,6962.29,0.9981659885388986,1.0012644506342234,1.0069843267062066,0.995419146651645
169,2020-09-17,TJEA20,"3,052","70,806",23.2,-0.09797822706065318,3912,7069.602,543.776,154.49,6903.82,0.9917204217812582,1.000013976538541,1.0012378563697757,0.9916019010986328
170,2020-09-18,TJEA20,"2,800","58,800",21.0,-0.09482758620689656,3913,7023.556,544.5762,155.7289,6826.72,0.9934867620553463,1.0014715618195729,1.0080192892743867,0.9888322696709938
171,2020-09-28,TJEA20,"4,500","103,500",23.0,0.09523809523809534,3923,7019.964,539.5694,151.5106,6894.27,1.01699859575243,1.000989544297598,1.0042759941802468,1.016112130524175
172,2020-09-29,TJEA20,"4,578","114,450",25.0,0.08695652173913038,3924,7004.558000000001,541.1673,149.974,6861.96,0.9978054018510638,1.002961435544714,0.9898581353383854,0.9953134994713
173,2020-09-30,TJEA20,"2,880","73,440",25.5,0.020000000000000014,3925,7027.344,540.9572,151.2189,6918.83,1.0032530246733626,0.9996117651602379,1.0083007721338366,1.0082877195436872
174,2020-10-12,TJEA20,"1,524","39,624",26.0,0.019607843137254832,3937,7358.7,543.3336,155.3359,7275.43,1.012321830491155,1.0008442086055491,0.9935571230472449,1.0164167802937167
175,2020-10-13,TJEA20,"18,652","477,491",25.6,-0.015384615384615332,3938,7317.904,543.0469,154.8916,7229.55,0.99445608599345,0.999472331547322,0.9971397468325094,0.9936938435253999
176,2020-10-14,TJEA20,"18,800","479,400",25.5,-0.00390625,3939,7286.849,543.9745,155.8007,7182.38,0.9957562985248235,1.001708139757358,1.0058692659898922,0.9934753892012642
177,2020-10-15,TJEA20,"16,000","403,200",25.2,-0.011764705882353009,3940,7234.525,542.8489,156.7415,7171.61,0.9928193928541678,0.9979307853585048,1.0060384837808816,0.9985004970497244
178,2020-10-16,TJEA20,"19,200","480,000",25.0,-0.007936507936507908,3941,7247.081999999999,543.4339,156.6307,7172.7,1.001735704832038,1.0010776479421806,0.9992931036132741,1.000151988186753
179,2020-10-19,TJEA20,"18,000","460,800",25.6,0.024000000000000018,3944,7181.12,544.1573,157.0258,7055.58,0.9908981297576046,1.0013311646549838,1.002522493993834,0.9836714208038814
180,2020-10-20,TJEA20,"28,200","713,460",25.3,-0.01171875,3945,7195.384,543.9745,157.7982,7089.06,1.0019863196827237,0.999664067724535,1.0049189368880782,1.0047451804103986
181,2020-10-21,TJEA20,"16,800","433,440",25.8,0.019762845849802483,3946,7180.986999999999,545.5576,158.2179,7073.65,0.997999133889171,1.0029102467119322,1.002659726156572,0.9978262280189474
182,2020-10-22,TJEA20,"25,500","655,350",25.7,-0.003875968992248069,3947,7190.794,543.6948,157.6012,7111.17,1.0013656897025438,0.9965855117773083,0.9961022109382063,1.0053041923193826
183,2020-10-23,TJEA20,"25,920","653,184",25.2,-0.01945525291828798,3948,7219.401999999999,543.8025,157.02200000000002,7135.81,1.0039784201855873,1.0001980890749738,0.9963249010794335,1.0034649713057064
184,2020-10-26,TJEA20,"16,000","400,000",25.0,-0.007936507936507908,3951,7099.255,543.9694,156.3046,7003.21,0.9833577628728808,1.0003069128957662,0.995431213460534,0.9814176666699365
185,2020-10-27,TJEA20,"27,972","706,293",25.25,0.010000000000000007,3952,7074.286999999999,545.4697,157.0624,6982.14,0.9964830112455461,1.0027580595526147,1.004848225835964,0.996991379667324
186,2020-10-28,TJEA20,"17,520","441,504",25.2,-0.001980198019801982,3953,6851.5,543.9592,153.9736,6735.75,0.9685074976460526,0.9972308269368583,0.9803339309726581,0.9647113922092653
187,2020-10-29,TJEA20,"18,492","468,772",25.35,0.005952380952380931,3954,6887.094,541.7831,152.858,6816.79,1.0051950667736993,0.9959995161401811,0.9927546020876306,1.0120313253906394
188,2020-10-30,TJEA20,"17,600","446,160",25.35,0.0,3955,6811.78,541.4746,153.349,6734.84,0.9890644733468136,0.9994305839366344,1.0032121315207578,0.987978212619136
189,2020-11-02,TJEA20,"17,800","450,340",25.3,-0.001972386587771213,3958,6898.656999999999,541.4536,153.9511,6817.89,1.0127539350947916,0.9999612170173818,1.0039263379611214,1.012331399112674
190,2020-11-03,TJEA20,"16,952","427,190",25.2,-0.0039525691699605625,3959,7038.755999999999,543.2396,154.2368,6939.3,1.0203081556308713,1.0032985282580076,1.0018557840768918,1.0178075621636606
191,2020-11-04,TJEA20,"17,584","446,634",25.4,0.007936507936507908,3960,7179.433000000001,544.6883,155.1609,7092.3,1.0199860600367454,1.0026667790786976,1.0059914365443268,1.0220483334053867
192,2020-11-05,TJEA20,"18,268","459,988",25.18,-0.00866141732283465,3961,7328.643,548.1579,156.2287,7231.67,1.0207829782658322,1.0063698816368922,1.0068818884138981,1.0196508889922873
193,2020-11-06,TJEA20,"25,956","651,496",25.1,-0.0031771247021444853,3962,7339.4259999999995,548.4961,155.4409,7230.51,1.001471350153091,1.0006169755101586,0.9949573925917581,0.9998395944505212
194,2020-11-09,TJEA20,"16,756","427,278",25.5,0.015936254980079667,3965,7435.156999999999,544.6831,155.2841,7315.77,1.0130433905866754,0.9930482641535646,0.9989912564839756,1.0117916993407103
195,2020-11-10,TJEA20,"28,518","719,794",25.24,-0.010196078431372602,3966,7450.705,544.1708,157.8803,7306.75,1.002091146158716,0.99905945310218,1.0167190330497458,0.9987670470777511
196,2020-11-11,TJEA20,"18,492","465,998",25.2,-0.0015847860538826806,3967,7513.687,543.011,157.9613,7362.65,1.0084531598016564,0.9978686838764593,1.000513046909589,1.0076504601909193
197,2020-11-12,TJEA20,"18,244","461,573",25.3,0.003968253968253954,3968,7458.689,545.1091,157.3589,7290.69,0.9926802913137053,1.00386382596301,0.996186407683401,0.9902263451338852
198,2020-11-13,TJEA20,"18,760","476,504",25.4,0.003952569169960452,3969,7518.606,545.8977,157.3752,7390.61,1.008033181166288,1.0014466828750428,1.0001035848623752,1.013705149992662
199,2020-11-16,TJEA20,"18,572","468,757",25.24,-0.006299212598425252,3972,7614.482,546.7667,157.4725,7476.79,1.0127518319220346,1.0015918733491642,1.0006182676813118,1.0116607424826909
200,2020-11-17,TJEA20,"18,648","471,981",25.31,0.0027733755942946914,3973,7605.911999999999,548.4444,157.7175,7442.04,0.9988745130660234,1.0030684019344995,1.0015558272079252,0.9953522835334415
201,2020-11-18,TJEA20,"15,552","392,844",25.26,-0.0019755037534570086,3974,7561.733,549.2798,158.364,7357.34,0.9941914920919412,1.0015232173033402,1.004099101241143,0.9886187120735712
202,2020-11-19,TJEA20,"15,600","391,560",25.1,-0.006334125098970689,3975,7570.83,548.6534,156.9679,7386.86,1.0012030311041134,0.9988595976039898,0.9911842337905078,1.0040123196698807
203,2020-11-20,TJEA20,"15,800","398,160",25.2,0.003984063745019917,3976,7552.231,549.7987,158.2492,7336.76,0.997543334086223,1.0020874745331023,1.008162815454625,0.9932176865406953
204,2020-11-23,TJEA20,"24,000","600,000",25.0,-0.007936507936507908,3979,7573.101,548.5965,158.2994,7378.94,1.0027634218285961,0.9978133815158164,1.0003172211929032,1.0057491317693368
205,2020-11-24,TJEA20,"14,000","351,400",25.1,0.0040000000000000036,3980,7693.22,549.0274,159.5275,7498.29,1.0158612700398424,1.0007854588937406,1.0077580837324716,1.016174409874589
206,2020-11-25,TJEA20,"15,800","399,740",25.3,0.007968127490039834,3981,7700.732,549.7328,159.6807,7486.68,1.0009764441937186,1.001284817479055,1.000960335992227,0.9984516469755105
207,2020-11-26,TJEA20,"12,000","304,800",25.4,0.003952569169960452,3982,7702.493,550.0528,159.6807,7486.68,1.0002286795592938,1.0005821009770566,1.0,1.0
208,2020-11-27,TJEA20,"21,000","525,000",25.0,-0.015748031496062964,3983,7736.576,551.2971,159.7036,7505.38,1.0044249309931212,1.0022621464703023,1.0001434111949659,1.0024977693717376
209,2020-12-22,TJEA20,"3,400","76,500",22.5,-0.09999999999999998,4008,7866.351,555.6922,163.4217,7614.83,0.9993181920388915,0.9994704908355705,0.994645815556045,0.9980026395563868
210,2020-12-23,TJEA20,"3,200","64,800",20.25,-0.09999999999999998,4009,7891.298000000001,555.4962,164.4411,7620.63,1.0031713560709408,0.9996472867533504,1.0062378496858129,1.0007616716328533
211,2020-12-24,TJEA20,"28,000","623,560",22.27,0.09975308641975313,4010,7914.424,555.9688,164.4347,7648.39,1.0029305698504858,1.0008507708963625,0.9999610802895382,1.0036427434477202
212,2020-12-25,TJEA20,"26,000","624,000",24.0,0.07768298158958231,4011,7915.111999999999,555.9331,164.4347,7648.39,1.0000869298890227,0.9999357877636299,1.0,1.0
