,index,Date,Trading Index,Open Price,Highest Price,Lowest Price,Settlement Price (yuan/ton),Close Price,Settlement Volume (ton),Turnover (yuan),Return
0,1156,2016-07-20,SZA-2016,41.0,41.0,41.0,41.0,41.0,3000.0,123000,
1,1152,2016-07-21,SZA-2016,41.0,,,41.0,41.0,0.0,0,0.0
2,1148,2016-07-22,SZA-2016,41.0,,,41.0,41.0,0.0,0,0.0
3,1144,2016-07-25,SZA-2016,41.0,,,41.0,41.0,0.0,0,0.0
4,1091,2016-07-26,SZA-2016,41.0,,,41.0,41.0,0.0,0,0.0
5,1123,2016-07-27,SZA-2016,41.0,,,41.0,41.0,0.0,0,0.0
6,1119,2016-07-28,SZA-2016,41.0,,,41.0,41.0,0.0,0,0.0
7,1115,2016-07-29,SZA-2016,41.0,,,41.0,41.0,0.0,0,0.0
8,1076,2016-08-01,SZA-2016,41.0,,,41.0,41.0,0.0,0,0.0
9,1072,2016-08-02,SZA-2016,41.0,,,41.0,41.0,0.0,0,0.0
10,1196,2016-08-03,SZA-2016,41.0,,,41.0,41.0,0.0,0,0.0
11,1192,2016-08-04,SZA-2016,41.0,,,41.0,41.0,0.0,0,0.0
12,1188,2016-08-05,SZA-2016,41.0,,,41.0,41.0,0.0,0,0.0
13,1184,2016-08-08,SZA-2016,36.9,36.9,36.9,36.9,36.9,177.0,6531.3,-0.10000000000000009
14,1180,2016-08-09,SZA-2016,36.9,,,36.9,36.9,0.0,0,0.0
15,1216,2016-08-10,SZA-2016,36.9,,,36.9,36.9,0.0,0,0.0
16,1212,2016-08-11,SZA-2016,36.9,,,36.9,36.9,0.0,0,0.0
17,1208,2016-08-12,SZA-2016,36.9,,,36.9,36.9,0.0,0,0.0
18,1204,2016-08-15,SZA-2016,36.9,,,36.9,36.9,0.0,0,0.0
19,1200,2016-08-16,SZA-2016,36.9,,,36.9,36.9,0.0,0,0.0
20,1304,2016-08-17,SZA-2016,36.9,,,36.9,36.9,0.0,0,0.0
21,1262,2016-08-18,SZA-2016,36.9,,,36.9,36.9,0.0,0,0.0
22,1258,2016-08-19,SZA-2016,36.9,,,36.9,36.9,0.0,0,0.0
23,1254,2016-08-22,SZA-2016,36.9,,,36.9,36.9,0.0,0,0.0
24,1226,2016-08-23,SZA-2016,36.9,,,36.9,36.9,0.0,0,0.0
25,1298,2016-08-25,SZA-2016,36.9,,,36.9,36.9,0.0,0,0.0
26,1252,2016-08-25,SZA-2016,36.9,,,36.9,36.9,0.0,0,0.0
27,1248,2016-08-26,SZA-2016,36.9,,,36.9,36.9,0.0,0,0.0
28,1224,2016-08-29,SZA-2016,36.9,,,36.9,36.9,0.0,0,0.0
29,1220,2016-08-30,SZA-2016,36.9,,,36.9,36.9,0.0,0,0.0
30,1320,2016-08-31,SZA-2016,36.9,,,36.9,36.9,0.0,0,0.0
31,1278,2016-09-01,SZA-2016,33.21,33.21,33.21,33.21,33.21,10.0,332.1,-0.09999999999999998
32,1274,2016-09-02,SZA-2016,33.21,,,33.21,33.21,0.0,0,0.0
33,1237,2016-09-05,SZA-2016,29.89,29.89,29.89,29.89,29.89,18.0,538.02,-0.09996988858777478
34,1233,2016-09-06,SZA-2016,29.89,,,29.89,29.89,0.0,0,0.0
35,1313,2016-09-07,SZA-2016,29.89,,,29.89,29.89,0.0,0,0.0
36,1309,2016-09-08,SZA-2016,29.89,,,29.89,29.89,0.0,0,0.0
37,1269,2016-09-09,SZA-2016,29.89,,,29.89,29.89,0.0,0,0.0
38,1265,2016-09-12,SZA-2016,29.89,,,29.89,29.89,0.0,0,0.0
39,1230,2016-09-13,SZA-2016,29.89,,,29.89,29.89,0.0,0,0.0
40,1328,2016-09-14,SZA-2016,26.9,26.9,26.9,26.9,26.9,380.0,10222.00,-0.10003345600535307
41,1324,2016-09-19,SZA-2016,26.9,,,26.9,26.9,0.0,0,0.0
42,1284,2016-09-20,SZA-2016,24.21,24.21,24.21,24.21,24.21,3.0,72.63,-0.09999999999999987
43,1280,2016-09-21,SZA-2016,22.0,22.0,22.0,22.0,22.0,5000.0,110000.00,-0.09128459314332926
44,1239,2016-09-22,SZA-2016,19.8,19.8,19.8,19.8,19.8,10466.0,207226.80,-0.09999999999999998
45,1336,2016-09-23,SZA-2016,17.82,21.78,17.82,21.78,21.78,10037.0,178867.26,0.10000000000000009
46,1292,2016-09-27,SZA-2016,21.56,26.36,21.56,26.36,26.36,10003.0,215679.08,0.21028466483011932
47,1288,2016-09-28,SZA-2016,23.72,29.0,23.72,29.0,29.0,10011.0,237476.76,0.10015174506828539
48,1242,2016-09-29,SZA-2016,26.1,31.9,26.1,26.1,26.1,10383.0,271002.10,-0.09999999999999998
49,1356,2016-09-30,SZA-2016,23.49,28.71,23.49,28.71,28.71,10001.0,234928.71,0.09999999999999987
50,1352,2016-10-10,SZA-2016,25.84,25.84,25.84,25.84,25.84,10000.0,258400.00,-0.09996516893068619
51,1348,2016-10-11,SZA-2016,23.26,28.42,23.26,23.26,23.26,10404.0,242007.34,-0.09984520123839002
52,1344,2016-10-12,SZA-2016,20.93,25.59,20.93,25.59,25.59,10002.0,209351.18,0.1001719690455718
53,1340,2016-10-13,SZA-2016,23.03,28.15,20.93,28.15,28.15,13005.0,299515.39,0.10003907776475174
54,1502,2016-10-14,SZA-2016,25.34,25.34,25.34,25.34,25.34,10001.0,253425.34,-0.09982238010657185
55,1498,2016-10-17,SZA-2016,22.81,27.87,22.81,27.87,27.87,10002.0,228155.74,0.09984214680347292
56,1494,2016-10-18,SZA-2016,25.08,25.08,25.08,25.08,25.08,10002.0,250850.16,-0.1001076426264802
57,1484,2016-10-19,SZA-2016,22.57,27.59,22.57,27.59,27.59,10003.0,225777.75,0.1000797448165871
58,1480,2016-10-20,SZA-2016,24.83,30.35,24.83,24.83,24.83,10009.0,248534.51,-0.10003624501631037
59,1376,2016-10-24,SZA-2016,22.35,27.31,22.35,22.35,22.35,10034.0,224269.82,-0.0998791784132097
60,1372,2016-10-25,SZA-2016,20.12,24.59,20.12,24.59,24.59,10003.0,201271.18,0.10022371364653226
61,1368,2016-10-26,SZA-2016,22.13,27.05,22.13,27.05,27.05,10004.0,221398.36,0.10004066693777958
62,1360,2016-10-28,SZA-2016,26.78,32.74,26.78,26.78,26.78,15003.0,401786.30,-0.009981515711645073
63,1415,2016-10-31,SZA-2016,24.1,29.46,24.1,24.1,24.1,15003.0,361583.02,-0.10007468259895447
64,1411,2016-11-01,SZA-2016,21.69,26.51,21.69,21.69,21.69,15004.0,325446.41,-0.09999999999999998
65,1407,2016-11-02,SZA-2016,19.52,23.86,19.52,23.86,23.86,16102.0,314319.72,0.10004610419548166
66,1384,2016-11-03,SZA-2016,21.47,26.25,21.47,26.25,26.25,15003.0,322123.97,0.10016764459346184
67,1380,2016-11-04,SZA-2016,23.63,28.88,23.63,28.88,28.88,15004.0,354555.02,0.10019047619047616
68,1465,2016-11-07,SZA-2016,25.99,31.77,25.99,31.77,31.77,15003.0,389939.53,0.10006925207756234
69,1461,2016-11-08,SZA-2016,28.59,34.95,28.59,34.95,34.95,15003.0,428948.49,0.10009442870632679
70,1457,2016-11-09,SZA-2016,31.46,38.45,31.46,38.45,38.45,15004.0,472039.82,0.10014306151645203
71,1422,2016-11-10,SZA-2016,34.61,34.62,34.61,34.62,34.62,15002.0,519219.23,-0.0996098829648896
72,1418,2016-11-11,SZA-2016,31.16,31.16,31.16,31.16,31.16,15003.0,467493.48,-0.09994222992489887
73,1429,2016-11-14,SZA-2016,28.04,34.28,28.04,28.04,28.04,15003.0,420690.36,-0.1001283697047497
74,1425,2016-11-15,SZA-2016,25.24,30.84,25.24,30.84,30.84,15006.0,378762.64,0.09985734664764623
75,1395,2016-11-16,SZA-2016,27.76,33.92,27.76,27.76,27.76,15004.0,416517.21,-0.09987029831387806
76,1387,2016-11-18,SZA-2016,25.65,30.0,25.65,25.65,25.65,15007.0,384938.26,-0.07600864553314135
77,1470,2016-11-21,SZA-2016,23.09,28.22,23.09,23.1,23.1,15013.0,346686.09,-0.09941520467836251
78,1440,2016-11-22,SZA-2016,20.79,25.41,20.79,25.41,25.41,17009.0,353643.73,0.09999999999999987
79,1436,2016-11-23,SZA-2016,22.87,27.95,22.87,27.95,27.95,15002.0,343105.90,0.0999606454151909
80,1432,2016-11-24,SZA-2016,25.16,30.75,25.16,25.16,25.16,15003.0,377486.66,-0.09982110912343467
81,1397,2016-11-25,SZA-2016,22.64,22.64,22.64,22.64,22.64,19000.0,430160.00,-0.10015898251192368
82,1452,2016-11-28,SZA-2016,20.38,23.8,20.38,20.38,20.38,17943.0,367183.14,-0.09982332155477036
83,1448,2016-11-29,SZA-2016,18.34,22.42,18.34,22.42,22.42,14053.0,301660.18,0.10009813542688928
84,1444,2016-11-30,SZA-2016,20.18,24.66,20.18,24.66,24.66,13003.0,262413.98,0.09991079393398739
85,1405,2016-12-01,SZA-2016,22.19,27.13,22.19,27.13,27.13,13001.0,288497.13,0.10016220600162207
86,1401,2016-12-02,SZA-2016,24.42,24.42,24.42,24.42,24.42,13001.0,317489.84,-0.09988942130482847
87,1515,2016-12-05,SZA-2016,26.86,32.82,26.86,32.82,32.82,13001.0,349212.82,0.34398034398034394
88,1511,2016-12-06,SZA-2016,29.54,29.54,29.54,29.54,29.54,13000.0,384020.00,-0.09993906154783672
89,1507,2016-12-07,SZA-2016,26.59,32.0,26.59,32.0,32.0,13202.0,351046.59,0.08327691266079884
90,1490,2016-12-08,SZA-2016,28.8,28.8,28.8,28.8,28.8,13000.0,374400.00,-0.09999999999999998
91,1486,2016-12-09,SZA-2016,25.92,31.68,25.92,31.68,31.68,13001.0,336991.68,0.09999999999999987
92,1536,2016-12-12,SZA-2016,28.51,34.85,28.51,34.85,34.85,13002.0,370699.70,0.10006313131313127
93,1532,2016-12-13,SZA-2016,31.37,31.37,31.37,31.37,31.37,13000.0,407810.00,-0.09985652797704447
94,1528,2016-12-14,SZA-2016,28.23,34.51,28.23,34.51,34.51,13001.0,367024.51,0.10009563277016253
95,1524,2016-12-15,SZA-2016,31.06,31.06,31.06,31.06,31.06,13000.0,403780.00,-0.0999710228919154
96,1520,2016-12-16,SZA-2016,27.95,27.95,27.95,27.95,27.95,13000.0,363350.00,-0.10012878300064387
97,1594,2016-12-19,SZA-2016,25.16,30.75,25.16,30.75,30.75,13002.0,327141.50,0.10017889087656529
98,1590,2016-12-20,SZA-2016,27.68,27.68,27.68,27.68,27.68,13000.0,359840.00,-0.09983739837398375
99,1586,2016-12-21,SZA-2016,24.91,30.45,24.91,30.45,30.45,13002.0,323890.90,0.10007225433526012
100,1552,2016-12-22,SZA-2016,27.41,27.41,27.41,27.41,27.41,13000.0,356330.00,-0.09983579638752049
101,1548,2016-12-23,SZA-2016,24.67,30.15,24.67,30.15,30.15,13001.0,320740.15,0.09996351696461137
102,1580,2016-12-26,SZA-2016,27.14,33.17,27.14,33.16,33.16,14102.0,382740.33,0.09983416252072952
103,1576,2016-12-27,SZA-2016,29.84,36.47,29.84,36.47,36.47,13001.0,378956.47,0.09981905910735844
104,1572,2016-12-28,SZA-2016,32.82,32.82,32.82,32.82,32.82,13000.0,426660.00,-0.10008225939128046
105,1544,2016-12-29,SZA-2016,31.73,36.1,31.73,36.09,36.09,13.0,419.03,0.0996343692870203
106,1540,2016-12-30,SZA-2016,32.48,39.7,32.48,32.48,32.48,3003.0,97544.66,-0.10002770850651166
107,1631,2017-01-03,SZA-2016,35.73,35.73,29.23,35.72,35.72,3.0,100.68,0.09975369458128092
108,1601,2017-01-04,SZA-2016,32.15,39.29,32.15,32.15,32.15,7.0,239.32,-0.09994400895856659
109,1597,2017-01-05,SZA-2016,28.94,35.37,28.94,35.37,35.37,6503.0,188216.10,0.10015552099533442
110,1557,2017-01-06,SZA-2016,31.83,38.9,31.83,31.83,31.83,4.0,134.39,-0.10008481764206956
111,1623,2017-01-10,SZA-2016,38.5,38.51,31.51,31.51,31.51,4.0,140.03,-0.010053408733898705
112,1619,2017-01-11,SZA-2016,34.66,34.66,28.36,34.66,34.66,6.0,195.36,0.09996826404316073
113,1615,2017-01-12,SZA-2016,38.12,38.13,38.12,38.13,38.13,2.0,76.26,0.100115406809002
114,1569,2017-01-13,SZA-2016,41.9,41.9,41.9,41.9,41.9,1.0,1,0.09887227904537088
115,1565,2017-01-16,SZA-2016,37.71,37.71,37.71,37.71,37.71,1.0,37.71,-0.09999999999999998
116,1636,2017-01-17,SZA-2016,37.71,,,37.71,37.71,0.0,0,0.0
117,1611,2017-01-18,SZA-2016,41.48,41.48,41.47,41.47,41.47,2.0,82.95,0.09970830018562715
118,1607,2017-01-19,SZA-2016,41.47,,,41.47,41.47,0.0,0,0.0
119,1564,2017-01-20,SZA-2016,37.32,42.0,37.32,42.0,42.0,2.0,79.32,0.01278032312515065
120,1560,2017-01-23,SZA-2016,42.0,,,42.0,42.0,0.0,0,0.0
121,1664,2017-01-24,SZA-2016,42.0,,,42.0,42.0,0.0,0,0.0
122,1660,2017-01-25,SZA-2016,37.8,37.8,37.8,37.8,37.8,1.0,37.80,-0.10000000000000009
123,1648,2017-01-26,SZA-2016,34.02,34.02,34.02,34.02,34.02,1.0,34.02,-0.09999999999999987
124,1644,2017-02-03,SZA-2016,37.42,37.42,37.42,37.42,37.42,1.0,37.42,0.09994121105232212
125,1640,2017-02-06,SZA-2016,41.16,41.16,33.68,33.68,33.68,5.0,190.84,-0.09994655264564412
126,1676,2017-02-07,SZA-2016,30.31,37.05,30.31,37.05,37.05,2.0,67.36,0.10005938242280288
127,1672,2017-02-08,SZA-2016,37.05,,,37.05,37.05,0.0,0,0.0
128,1668,2017-02-09,SZA-2016,33.35,33.35,33.35,33.35,33.35,1.0,33.35,-0.09986504723346823
129,1653,2017-02-10,SZA-2016,33.35,33.35,30.02,30.02,30.02,2.0,63.37,-0.09985007496251874
130,1649,2017-02-13,SZA-2016,27.02,33.02,27.02,33.02,33.02,4.0,126.08,0.0999333777481679
131,1827,2017-02-14,SZA-2016,36.32,36.32,29.72,29.72,29.72,4.0,132.08,-0.09993943064809219
132,1823,2017-02-15,SZA-2016,32.69,32.69,32.69,32.69,32.69,1.0,32.69,0.09993270524899045
133,1799,2017-02-16,SZA-2016,35.96,35.96,29.42,35.96,35.96,3.0,101.34,0.10003059039461615
134,1795,2017-02-17,SZA-2016,39.55,39.55,32.36,32.36,32.36,2.0,71.91,-0.10011123470522809
135,1791,2017-02-20,SZA-2016,35.6,35.6,35.6,35.6,35.6,1.0,35.60,0.10012360939431408
136,1742,2017-02-21,SZA-2016,39.16,39.16,39.16,39.16,39.16,1.0,39.16,0.09999999999999987
137,1738,2017-02-22,SZA-2016,35.24,35.24,35.24,35.24,35.24,1.0,35.24,-0.10010214504596515
138,1706,2017-02-23,SZA-2016,31.72,38.76,31.72,38.76,38.76,2.0,70.48,0.0998864926220202
139,1702,2017-02-24,SZA-2016,42.0,42.0,34.88,34.88,34.88,2.0,76.88,-0.10010319917440647
140,1698,2017-02-27,SZA-2016,31.39,31.39,31.39,31.39,31.39,1.0,31.39,-0.10005733944954132
141,1696,2017-02-28,SZA-2016,34.53,34.53,28.25,28.25,28.25,4.0,125.55,-0.10003185727938835
142,1692,2017-03-01,SZA-2016,31.07,31.08,31.07,31.08,31.08,5.0,155.36,0.10017699115044243
143,1688,2017-03-02,SZA-2016,34.15,34.19,27.97,34.19,34.19,4.0,130.46,0.1000643500643501
144,1684,2017-03-03,SZA-2016,37.6,37.6,30.77,30.77,30.77,2.0,68.37,-0.10002924831822169
145,1680,2017-03-06,SZA-2016,33.84,3.85,27.69,27.69,27.69,5.0,156.91,-0.10009749756256092
146,1759,2017-03-07,SZA-2016,30.45,30.46,30.45,30.46,30.46,3.0,91.37,0.10003611412062119
147,1755,2017-03-08,SZA-2016,27.41,27.41,27.41,27.41,27.41,1.0,27.41,-0.10013131976362444
148,1726,2017-03-09,SZA-2016,30.15,30.15,24.67,30.15,30.15,5.0,139.79,0.09996351696461137
149,1722,2017-03-10,SZA-2016,27.14,33.17,27.14,33.17,33.17,5.0,153.79,0.10016583747927044
150,1718,2017-03-13,SZA-2016,36.48,36.48,29.85,29.85,29.85,4.0,139.26,-0.10009044317154059
151,1750,2017-03-14,SZA-2016,26.87,26.87,26.87,26.87,26.87,4.0,107.48,-0.09983249581239528
152,1746,2017-03-15,SZA-2016,29.56,29.56,24.18,29.56,29.56,6.0,166.58,0.10011164867882383
153,1716,2017-03-16,SZA-2016,32.52,32.52,32.52,32.52,32.52,1.0,32.52,0.1001353179972937
154,1712,2017-03-17,SZA-2016,35.76,35.77,29.27,29.27,29.27,4.0,136.57,-0.099938499384994
155,1708,2017-03-20,SZA-2016,32.2,32.2,26.34,32.2,32.2,4.0,117.08,0.10010249402118232
156,1776,2017-03-21,SZA-2016,35.42,35.42,35.42,35.42,35.42,2.0,70.84,0.09999999999999987
157,1770,2017-03-22,SZA-2016,38.96,38.96,31.88,31.88,31.88,2.0,70.84,-0.09994353472614348
158,1766,2017-03-23,SZA-2016,35.06,35.06,35.06,35.06,35.06,1.0,35.06,0.09974905897114184
159,1735,2017-03-24,SZA-2016,35.0,35.0,31.55,31.55,31.55,2.0,66.55,-0.10011409013120365
160,1731,2017-03-27,SZA-2016,28.4,28.4,28.4,28.4,28.4,2.0,56.80,-0.09984152139461178
161,1818,2017-03-28,SZA-2016,25.56,31.24,25.56,31.24,31.24,2.0,56.80,0.10000000000000009
162,1814,2017-03-29,SZA-2016,34.36,34.36,34.36,34.36,34.36,2.0,68.72,0.09987195902688861
163,1788,2017-03-30,SZA-2016,37.0,37.8,37.0,37.8,37.8,2.0,74.80,0.10011641443538988
164,1784,2017-03-31,SZA-2016,34.02,35.0,34.02,35.0,35.0,2.0,69.02,-0.07407407407407396
165,1780,2017-04-05,SZA-2016,35.0,,,35.0,35.0,0.0,0,0.0
166,1836,2017-04-06,SZA-2016,31.5,31.5,31.5,31.5,31.5,2.0,63.00,-0.09999999999999998
167,1832,2017-04-07,SZA-2016,34.6,34.65,31.5,31.5,31.5,3.0,100.75,0.0
168,1810,2017-04-10,SZA-2016,28.35,34.65,28.35,34.5,34.5,5.0,163.60,0.09523809523809534
169,1802,2017-04-12,SZA-2016,27.95,27.95,27.95,27.95,27.95,3500.0,97825.00,-0.1898550724637681
170,1915,2017-04-13,SZA-2016,25.16,30.75,25.16,25.16,25.16,14552.0,392326.19,-0.09982110912343467
171,1891,2017-04-14,SZA-2016,27.68,27.68,22.64,22.64,22.64,5.0,133.36,-0.10015898251192368
172,1887,2017-04-17,SZA-2016,24.9,24.9,24.84,24.9,24.9,5.0,124.44,0.09982332155477014
173,1870,2017-04-18,SZA-2016,27.35,27.39,27.35,27.39,27.39,4.0,109.48,0.10000000000000009
174,1859,2017-04-19,SZA-2016,24.9,30.13,24.65,30.13,30.13,3905.0,96980.15,0.10003650967506372
175,1855,2017-04-20,SZA-2016,27.12,33.13,27.12,33.13,33.13,3506.0,95106.37,0.09956853634251583
176,1851,2017-04-21,SZA-2016,36.0,36.2,36.0,36.2,36.2,3.0,108.20,0.09266525807425285
177,1847,2017-04-24,SZA-2016,32.58,39.82,32.58,33.0,33.0,3.0,105.40,-0.08839779005524873
178,1843,2017-04-25,SZA-2016,36.3,36.3,29.7,29.7,29.7,2.0,66.00,-0.09999999999999998
179,1914,2017-04-26,SZA-2016,29.99,29.99,29.99,29.99,29.99,2.0,59.98,0.009764309764309642
180,1910,2017-04-27,SZA-2016,32.99,32.99,32.99,32.99,32.99,1.0,32.99,0.1000333444481496
181,1884,2017-04-28,SZA-2016,32.99,,,32.99,32.99,0.0,0,0.0
182,1880,2017-05-02,SZA-2016,29.69,29.69,29.69,29.69,29.69,2.0,59.38,-0.10003031221582304
183,1863,2017-05-03,SZA-2016,26.72,31.0,26.72,31.0,31.0,1002.0,26782.00,0.04412260020208825
184,1926,2017-05-04,SZA-2016,27.9,34.0,27.9,34.0,34.0,10.0,285.10,0.09677419354838701
185,1922,2017-05-05,SZA-2016,36.0,36.0,34.0,34.0,34.0,2.0,70.00,0.0
186,1901,2017-05-08,SZA-2016,32.0,32.0,32.0,32.0,32.0,2000.0,64000.00,-0.05882352941176472
187,1897,2017-05-09,SZA-2016,28.8,28.8,28.8,28.8,28.8,1.0,28.80,-0.09999999999999998
188,1877,2017-05-10,SZA-2016,28.8,,,28.8,28.8,0.0,0,0.0
189,1939,2017-05-11,SZA-2016,31.67,31.68,31.67,31.68,31.68,2.0,63.35,0.09999999999999987
190,1935,2017-05-12,SZA-2016,32.0,34.85,32.0,34.85,34.85,2.0,66.85,0.10006313131313127
191,1931,2017-05-15,SZA-2016,32.0,32.0,32.0,32.0,32.0,1.0,32.00,-0.0817790530846485
192,1927,2017-05-16,SZA-2016,34.0,34.0,34.0,34.0,34.0,1.0,34.00,0.0625
193,1905,2017-05-17,SZA-2016,30.6,30.6,30.6,30.6,30.6,1.0,30.60,-0.09999999999999998
194,1966,2017-05-18,SZA-2016,33.66,33.66,27.54,33.6,33.6,1054.0,30116.40,0.0980392156862746
195,1962,2017-05-19,SZA-2016,33.6,,,33.6,33.6,0.0,0,0.0
196,1958,2017-05-22,SZA-2016,34.0,34.0,34.0,34.0,34.0,1.0,34.00,0.011904761904761862
197,1947,2017-05-23,SZA-2016,30.6,36.0,30.6,36.0,36.0,3891.0,119070.00,0.05882352941176472
198,1943,2017-05-24,SZA-2016,32.4,32.4,32.4,32.4,32.4,8434.0,273261.60,-0.10000000000000009
199,1987,2017-05-25,SZA-2016,29.16,35.6,29.16,35.6,35.6,74.0,2176.48,0.09876543209876543
200,1971,2017-05-31,SZA-2016,32.4,32.4,32.4,32.4,32.4,4.0,129.60,-0.08988764044943831
201,1967,2017-06-01,SZA-2016,29.16,32.0,29.16,29.16,29.16,10011.0,303280.76,-0.09999999999999998
202,1951,2017-06-02,SZA-2016,26.24,32.07,26.24,32.07,32.07,1991.0,52255.49,0.09979423868312765
203,1999,2017-06-05,SZA-2016,35.28,35.28,28.86,32.98,32.98,4557.0,160737.42,0.028375428749610077
204,1995,2017-06-06,SZA-2016,29.68,35.27,29.68,33.1,33.1,26993.0,862766.37,0.0036385688295939023
205,1991,2017-06-07,SZA-2016,30.0,33.1,29.79,33.0,33.0,4233.0,126229.18,-0.0030211480362538623
206,1986,2017-06-08,SZA-2016,29.7,36.3,29.7,29.7,29.7,8720.0,278327.80,-0.09999999999999998
207,1982,2017-06-09,SZA-2016,26.73,32.67,26.73,26.73,26.73,3618.0,96732.87,-0.09999999999999998
208,2085,2017-06-12,SZA-2016,24.06,29.4,24.06,24.06,24.06,202.0,4881.46,-0.09988776655443332
209,2054,2017-06-13,SZA-2016,21.65,26.47,21.65,26.47,26.47,7423.0,168838.44,0.10016625103906907
210,2050,2017-06-14,SZA-2016,27.0,29.12,23.82,24.0,24.0,6195.0,149841.82,-0.09331318473743855
211,2027,2017-06-15,SZA-2016,21.6,26.4,21.6,24.0,24.0,11145.0,248937.53,0.0
212,2023,2017-06-16,SZA-2016,21.6,26.4,21.6,26.4,26.4,2822.0,62470.26,0.09999999999999987
213,2019,2017-06-19,SZA-2016,24.0,29.04,23.76,29.03,29.03,21807.0,548821.16,0.09962121212121233
214,2015,2017-06-20,SZA-2016,26.13,31.93,26.13,26.13,26.13,25304.0,678652.09,-0.09989665862900454
215,2011,2017-06-21,SZA-2016,23.52,28.74,23.52,28.74,28.74,17918.0,466161.27,0.09988518943742819
216,2007,2017-06-22,SZA-2016,31.61,31.6,25.87,31.61,31.61,31464.0,874651.67,0.09986082115518435
217,2003,2017-06-23,SZA-2016,28.45,34.77,28.45,34.77,34.77,15585.0,445655.69,0.09996836444163248
218,2066,2017-06-24,SZA-2016,31.29,36.0,31.29,36.0,36.0,4173.0,130587.31,0.03537532355478845
219,2062,2017-06-25,SZA-2016,32.4,36.0,32.4,36.0,36.0,4.0,136.80,0.0
220,2058,2017-06-26,SZA-2016,32.4,36.0,32.4,35.5,35.5,16089.0,526376.67,-0.01388888888888884
221,2035,2017-06-27,SZA-2016,31.95,39.05,31.95,32.73,32.73,33200.0,1146032.18,-0.0780281690140846
222,2031,2017-06-28,SZA-2016,29.46,30.0,29.46,29.46,29.46,16639.0,490882.63,-0.09990834097158563
223,2091,2017-06-29,SZA-2016,26.51,32.41,26.51,32.4,32.4,25058.0,677288.81,0.09979633401221988
224,2087,2017-06-30,SZA-2016,29.16,35.6,29.16,35.6,35.6,4801.0,140003.60,0.09876543209876543
225,2072,2017-07-03,SZA-2016,32.04,32.04,32.04,32.04,32.04,11.0,352.44,-0.10000000000000009
226,2068,2017-07-04,SZA-2016,28.84,28.84,28.84,28.84,28.84,10002.0,288457.68,-0.09987515605493136
227,2041,2017-07-05,SZA-2016,25.96,30.3,25.96,25.96,25.96,128.0,3327.22,-0.09986130374479885
228,2099,2017-07-06,SZA-2016,23.36,23.36,23.36,23.36,23.36,2.0,46.72,-0.10015408320493069
229,2095,2017-07-07,SZA-2016,21.02,25.7,21.02,25.7,25.7,3.0,72.42,0.10017123287671237
230,2083,2017-07-10,SZA-2016,28.27,28.27,28.27,28.27,28.27,30.0,848.10,0.10000000000000009
231,2079,2017-07-11,SZA-2016,25.44,25.44,25.44,25.44,25.44,3558.0,90515.52,-0.10010611956137239
232,2075,2017-07-12,SZA-2016,27.98,27.98,27.98,27.98,27.98,1.0,27.98,0.09984276729559749
233,2150,2017-07-13,SZA-2016,25.18,25.18,25.18,25.18,25.18,30003.0,588075.54,-0.10007147962830598
234,2130,2017-07-14,SZA-2016,27.7,27.7,27.7,27.7,27.7,1.0,27.70,0.10007942811755366
235,2126,2017-07-17,SZA-2016,30.47,30.47,30.47,30.47,30.47,1.0,30.47,0.10000000000000009
236,2107,2017-07-18,SZA-2016,27.42,33.52,27.42,33.52,33.52,2.0,60.94,0.10009845749917967
237,2103,2017-07-19,SZA-2016,35.0,35.0,35.0,35.0,35.0,1.0,35.00,0.04415274463007157
238,2155,2017-07-20,SZA-2016,31.5,31.5,31.5,31.5,31.5,1322.0,41643.00,-0.09999999999999998
239,2151,2017-07-21,SZA-2016,31.5,,,31.5,31.5,0.0,0,0.0
240,2138,2017-07-24,SZA-2016,31.5,,,31.5,31.5,0.0,0,0.0
241,2134,2017-07-25,SZA-2016,31.5,,,31.5,31.5,0.0,0,0.0
242,2111,2017-07-26,SZA-2016,28.35,28.35,28.35,28.35,28.35,132.0,3742.20,-0.09999999999999998
243,2158,2017-07-27,SZA-2016,28.35,,,28.35,28.35,0.0,0,0.0
244,2147,2017-07-28,SZA-2016,28.35,,,28.35,28.35,0.0,0,0.0
245,2142,2017-07-31,SZA-2016,28.35,,,28.35,28.35,0.0,0,0.0
246,2118,2017-08-01,SZA-2016,28.35,,,28.35,28.35,0.0,0,0.0
247,2247,2017-08-02,SZA-2016,28.35,,,28.35,28.35,0.0,0,0.0
248,2215,2017-08-03,SZA-2016,28.35,,,28.35,28.35,0.0,0,0.0
249,2210,2017-08-04,SZA-2016,28.35,,,28.35,28.35,0.0,0,0.0
250,2183,2017-08-07,SZA-2016,28.35,,,28.35,28.35,0.0,0,0.0
251,2178,2017-08-08,SZA-2016,28.35,,,28.35,28.35,0.0,0,0.0
252,2173,2017-08-09,SZA-2016,28.35,,,28.35,28.35,0.0,0,0.0
253,2168,2017-08-10,SZA-2016,28.35,,,28.35,28.35,0.0,0,0.0
254,2163,2017-08-11,SZA-2016,25.52,25.52,25.52,25.52,25.52,1.0,25.52,-0.09982363315696652
255,2258,2017-08-14,SZA-2016,22.97,22.97,22.97,22.97,22.97,1.0,22.97,-0.09992163009404387
256,2241,2017-08-15,SZA-2016,22.97,,,22.97,22.97,0.0,0,0.0
257,2236,2017-08-16,SZA-2016,22.97,,,22.97,22.97,0.0,0,0.0
258,2207,2017-08-17,SZA-2016,22.97,,,22.97,22.97,0.0,0,0.0
259,2254,2017-08-18,SZA-2016,23.0,23.0,23.0,23.0,23.0,19.0,437,0.0013060513713540889
260,2249,2017-08-21,SZA-2016,23.0,23.0,22.0,23.0,23.0,7001.0,161022,0.0
261,2219,2017-08-22,SZA-2016,23.0,,,23.0,23.0,0.0,0,0.0
262,2190,2017-08-23,SZA-2016,23.0,,,23.0,23.0,0.0,0,0.0
263,2232,2017-08-24,SZA-2016,25.3,25.3,25.3,25.3,25.3,20001.0,320025.3,0.10000000000000009
264,2227,2017-08-25,SZA-2016,27.83,27.83,27.83,27.83,27.83,1.0,27.83,0.09999999999999987
265,2202,2017-08-28,SZA-2016,30.61,30.61,30.61,30.61,30.61,1.0,30.61,0.09989220265900123
266,2197,2017-08-29,SZA-2016,30.61,,,30.61,30.61,0.0,0,0.0
267,2316,2017-08-30,SZA-2016,30.61,,,30.61,30.61,0.0,0,0.0
268,2291,2017-08-31,SZA-2016,27.55,27.55,27.55,27.55,27.55,3.0,82.65,-0.09996733093760202
269,2286,2017-09-01,SZA-2016,24.8,30.31,24.8,30.31,30.31,7.0,184.62,0.10018148820326678
270,2267,2017-09-04,SZA-2016,30.31,,,30.31,30.31,190000.0,3268000,0.0
271,2311,2017-09-05,SZA-2016,27.28,27.28,27.28,27.28,27.28,2.0,54.56,-0.09996700758825461
272,2306,2017-09-06,SZA-2016,24.55,28.2,24.55,24.55,24.55,20002.0,527549.1,-0.10007331378299122
273,2279,2017-09-07,SZA-2016,24.55,,,24.55,24.55,0.0,0,0.0
274,2263,2017-09-08,SZA-2016,24.55,,,24.55,24.55,0.0,0,0.0
275,2318,2017-09-11,SZA-2016,25.6,25.8,23.5,23.5,23.5,37452.0,954817,-0.04276985743380857
276,2300,2017-09-12,SZA-2016,23.5,,,23.5,23.5,0.0,0,0.0
277,2295,2017-09-13,SZA-2016,21.15,21.15,21.15,21.15,21.15,2.0,42.3,-0.10000000000000009
278,2272,2017-09-14,SZA-2016,21.15,,,21.15,21.15,0.0,0,0.0
279,2338,2017-09-15,SZA-2016,23.2,23.25,23.2,23.25,23.25,57010.0,1324552.5,0.09929078014184411
280,2333,2017-09-18,SZA-2016,23.5,23.5,23.35,23.35,23.35,87020.0,2037683,0.004301075268817289
281,2328,2017-09-19,SZA-2016,22.9,25.69,21.02,25.69,25.69,48232.0,1130363.71,0.10021413276231272
282,2323,2017-09-20,SZA-2016,26.2,28.2,23.12,28.2,28.2,54382.0,1408297.32,0.09770338653172428
283,2432,2017-09-21,SZA-2016,25.38,31.01,25.38,31.01,31.01,103.0,2631.03,0.09964539007092199
284,2396,2017-09-22,SZA-2016,27.91,28.0,27.91,27.91,27.91,47501.0,1326472.91,-0.09996775233795552
285,2391,2017-09-25,SZA-2016,25.13,25.13,25.12,25.12,25.12,49969.0,1255720.96,-0.09996417054819062
286,2352,2017-09-26,SZA-2016,26.8,27.6,22.61,22.61,22.61,76313.0,2084537.82,-0.09992038216560517
287,2436,2017-09-27,SZA-2016,22.6,23.3,22.6,23.3,23.3,54580.0,1253331.50,0.030517470145953185
288,2404,2017-09-28,SZA-2016,21.73,23.8,20.97,20.97,20.97,97234.0,2139558.02,-0.10000000000000009
289,2399,2017-09-29,SZA-2016,20.9,20.9,20.9,20.9,20.9,1.0,20.90,-0.0033381020505484083
290,2357,2017-10-09,SZA-2016,22.99,22.99,22.99,22.99,22.99,24000.0,551760,0.10000000000000009
291,2438,2017-10-10,SZA-2016,24.8,25.1,20.69,23.1,23.1,154250.0,3071525.50,0.004784688995215447
292,2412,2017-10-11,SZA-2016,20.79,25.4,20.79,25.4,25.4,56101.0,1202665.40,0.09956709956709942
293,2407,2017-10-12,SZA-2016,24.2,24.2,22.86,23.5,23.5,172640.0,3589960.9,-0.07480314960629919
294,2364,2017-10-13,SZA-2016,24.7,24.95,23.3,24.7,24.7,61220.0,1494950.5,0.051063829787234116
295,2427,2017-10-16,SZA-2016,22.23,26.2,22.23,22.23,22.23,131652.0,2664931.96,-0.09999999999999998
296,2422,2017-10-17,SZA-2016,21.0,24.4,21.0,24.4,24.4,28002.0,591418.80,0.09761583445793964
297,2385,2017-10-18,SZA-2016,21.96,25.0,21.96,25.0,25.0,137221.0,2636682.20,0.024590163934426368
298,2380,2017-10-19,SZA-2016,26.2,26.35,24.6,24.65,24.65,50750.0,1283795,-0.014000000000000012
299,2418,2017-10-20,SZA-2016,24.12,26.8,22.19,22.19,22.19,32222.0,839916.38,-0.09979716024340757
300,2376,2017-10-23,SZA-2016,24.41,24.41,22.0,24.41,24.41,78461.0,1823633.41,0.10004506534474977
301,2371,2017-10-24,SZA-2016,21.97,24.0,21.97,24.0,24.0,130443.0,2491065.00,-0.016796394920114754
302,2343,2017-10-25,SZA-2016,24.6,26.0,21.6,21.6,21.6,40463.0,1009349.20,-0.09999999999999998
303,2468,2017-10-26,SZA-2016,22.85,23.65,19.44,22.0,22.0,172362.0,3303547.40,0.01851851851851838
304,2463,2017-10-27,SZA-2016,23.34,24.2,20.0,20.0,20.0,101133.0,2382340.70,-0.09090909090909094
305,2448,2017-10-30,SZA-2016,22.0,22.0,22.0,22.0,22.0,4.0,88.00,0.10000000000000009
306,2443,2017-10-31,SZA-2016,22.0,24.2,22.0,24.2,24.2,3.0,68.20,0.09999999999999987
307,2478,2017-11-01,SZA-2016,23.83,26.5,21.78,21.78,21.78,149732.0,2997561.08,-0.09999999999999998
308,2473,2017-11-02,SZA-2016,23.35,23.9,21.0,23.9,23.9,9953.0,232401.3,0.09733700642791532
309,2457,2017-11-03,SZA-2016,23.6,23.6,21.51,22.0,22.0,147191.0,2858741.5,-0.07949790794979072
310,2452,2017-11-06,SZA-2016,23.5,23.86,23.1,23.86,23.86,61590.0,1450629.70,0.08454545454545448
311,2635,2017-11-07,SZA-2016,23.5,24.0,21.47,21.47,21.47,107662.0,1970202.94,-0.10016764459346184
312,2600,2017-11-08,SZA-2016,20.15,23.6,20.15,21.0,21.0,57673.0,1181721.7,-0.021891010712622228
313,2595,2017-11-09,SZA-2016,18.9,20.36,18.9,20.36,20.36,109382.0,1758287.52,-0.030476190476190546
314,2530,2017-11-10,SZA-2016,20.36,,,20.36,20.36,0.0,0,0.0
315,2554,2017-11-13,SZA-2016,22.4,22.4,22.4,22.4,22.4,80001.0,2116822.40,0.10019646365422386
316,2510,2017-11-14,SZA-2016,24.64,24.64,24.64,24.64,24.64,80001.0,2116824.64,0.10000000000000009
317,2505,2017-11-15,SZA-2016,26.32,27.1,22.18,27.1,27.1,226901.0,6582002,0.09983766233766245
318,2500,2017-11-16,SZA-2016,24.41,29.8,24.41,29.8,29.8,238274.0,7551986,0.09963099630996308
319,2538,2017-11-17,SZA-2016,31.85,32.78,26.9,29.0,29.0,231105.0,7531831.18,-0.02684563758389269
320,2533,2017-11-20,SZA-2016,31.85,31.85,26.18,28.0,28.0,111093.0,3773328.90,-0.03448275862068961
321,2490,2017-11-21,SZA-2016,25.22,30.0,25.22,30.0,30.0,182893.0,5809038.10,0.0714285714285714
322,2483,2017-11-22,SZA-2016,32.76,32.76,28.0,28.0,28.0,86102.0,3079892,-0.06666666666666665
323,2616,2017-11-23,SZA-2016,30.0,30.0,30.0,30.0,30.0,140300.0,4689000,0.0714285714285714
324,2572,2017-11-24,SZA-2016,33.0,33.0,33.0,33.0,33.0,220001.0,7080033,0.10000000000000009
325,2567,2017-11-27,SZA-2016,33.0,,,33.0,33.0,145000.0,4350000,0.0
326,2518,2017-11-28,SZA-2016,29.7,29.7,29.7,29.7,29.7,210001.0,6780029.70,-0.09999999999999998
327,2622,2017-11-29,SZA-2016,26.78,26.78,26.78,26.78,26.78,229850.0,7343783,-0.09831649831649825
328,2582,2017-11-30,SZA-2016,24.32,28.0,24.32,28.0,28.0,230101.0,6858440,0.045556385362210516
329,2577,2017-12-01,SZA-2016,28.0,,,28.0,28.0,147250.0,4417500,0.0
330,2522,2017-12-04,SZA-2016,28.0,,,28.0,28.0,80000.0,2400000,0.0
331,2630,2017-12-05,SZA-2016,30.8,30.8,30.8,30.8,30.8,270001.0,6048030.80,0.10000000000000009
332,2625,2017-12-06,SZA-2016,30.8,,,30.8,30.8,80000.0,2400000,0.0
333,2587,2017-12-07,SZA-2016,27.72,28.0,27.72,28.0,28.0,80002.0,2800055.72,-0.09090909090909094
334,2526,2017-12-08,SZA-2016,28.0,28.0,28.0,28.0,28.0,130002.0,3800056,0.0
335,2637,2017-12-11,SZA-2016,28.0,,,28.0,28.0,180000.0,6300000,0.0
336,2607,2017-12-12,SZA-2016,26.5,26.5,26.5,26.5,26.5,180001.0,6300026.5,-0.0535714285714286
337,2560,2017-12-13,SZA-2016,29.0,29.0,29.0,29.0,29.0,180001.0,6120029,0.09433962264150941
338,2514,2017-12-14,SZA-2016,28.99,28.99,28.99,28.99,28.99,180002.0,6480057.98,-0.00034482758620690834
339,2603,2017-12-15,SZA-2016,28.99,,,28.99,28.99,180000.0,6300000,0.0
340,2547,2017-12-18,SZA-2016,28.99,,,28.99,28.99,180000.0,6300000,0.0
341,2542,2017-12-19,SZA-2016,28.99,,,28.99,28.99,180000.0,6300000,0.0
342,2496,2017-12-20,SZA-2016,28.99,,,28.99,28.99,140000.0,4100000,0.0
343,2703,2017-12-21,SZA-2016,27.3,27.3,27.3,27.3,27.3,100002.0,3000054.60,-0.058295964125560484
344,2698,2017-12-22,SZA-2016,30.0,30.0,30.0,30.0,30.0,125001.0,3480030.00,0.09890109890109877
345,2688,2017-12-25,SZA-2016,30.0,,,30.0,30.0,100000.0,3120000,0.0
346,2677,2017-12-26,SZA-2016,30.0,,,30.0,30.0,155000.0,5220000,0.0
347,2682,2017-12-27,SZA-2016,27.0,27.0,27.0,27.0,27.0,243300.0,7304100,-0.09999999999999998
348,2673,2017-12-28,SZA-2016,29.0,29.0,29.0,29.0,29.0,155001.0,4600029,0.07407407407407418
349,2668,2017-12-29,SZA-2016,29.0,,,29.0,29.0,53000.0,1802400,0.0
350,2659,2018-01-02,SZA-2016,29.0,,,29.0,29.0,0.0,0,0.0
351,2662,2018-01-03,SZA-2016,27.8,27.8,27.8,27.8,27.8,1.0,27.80,-0.04137931034482756
352,2653,2018-01-04,SZA-2016,30.0,30.0,25.02,25.02,25.02,20001.0,501470,-0.10000000000000009
353,2648,2018-01-05,SZA-2016,25.02,,,25.02,25.02,0.0,0,0.0
354,2643,2018-01-08,SZA-2016,27.5,27.5,27.5,27.5,27.5,2.0,55,0.09912070343725032
355,2787,2018-01-09,SZA-2016,30.0,30.0,30.0,30.0,30.0,2.0,60.00,0.09090909090909083
356,2764,2018-01-10,SZA-2016,30.0,,,30.0,30.0,79216.0,1663536,0.0
357,2759,2018-01-11,SZA-2016,30.0,,,30.0,30.0,0.0,0,0.0
358,2739,2018-01-15,SZA-2016,30.0,,,30.0,30.0,0.0,0,0.0
359,2754,2018-01-16,SZA-2016,30.0,,,30.0,30.0,0.0,0,0.0
360,2728,2018-01-17,SZA-2016,27.0,32.0,27.0,32.0,32.0,2.0,59.00,0.06666666666666665
361,2723,2018-01-18,SZA-2016,28.8,35.2,28.8,28.8,28.8,6.0,198.40,-0.09999999999999998
362,2708,2018-01-19,SZA-2016,25.92,25.92,25.92,25.92,25.92,1.0,25.92,-0.09999999999999998
363,2790,2018-01-22,SZA-2016,23.55,23.55,23.53,23.53,23.53,17571.0,413620.35,-0.09220679012345678
364,2771,2018-01-23,SZA-2016,25.1,25.88,25.1,25.88,25.88,10401.0,262165.88,0.09987250318742014
365,2766,2018-01-24,SZA-2016,25.88,,,25.88,25.88,0.0,0,0.0
366,2744,2018-01-25,SZA-2016,26.3,28.3,23.29,23.29,23.29,9503.0,249925.09,-0.10007727975270475
367,2798,2018-01-26,SZA-2016,25.62,25.62,25.62,25.62,25.62,3.0,76.86,0.10004293688278243
368,2793,2018-01-29,SZA-2016,24.5,24.9,23.06,24.9,24.9,6201.0,153203.06,-0.02810304449648726
369,2779,2018-01-30,SZA-2016,20.75,25.3,20.75,25.3,25.3,113000.0,2197050,0.016064257028112428
370,2751,2018-01-31,SZA-2016,27.83,27.83,27.83,27.83,27.83,4.0,111.32,0.09999999999999987
371,2734,2018-02-01,SZA-2016,27.83,,,27.83,27.83,20000.0,420000,0.0
372,2717,2018-02-02,SZA-2016,30.6,30.6,30.6,30.6,30.6,1.0,30.60,0.0995328781890048
373,2712,2018-02-05,SZA-2016,33.66,33.66,27.54,27.54,27.54,20003.0,475088.74,-0.10000000000000009
374,2695,2018-02-06,SZA-2016,27.54,,,27.54,27.54,20000.0,435000,0.0
375,2838,2018-02-07,SZA-2016,30.29,30.29,30.29,30.29,30.29,41431.0,900904.29,0.09985475671750188
376,2833,2018-02-08,SZA-2016,30.29,,,30.29,30.29,49467.0,1110946.5,0.0
377,2828,2018-02-09,SZA-2016,30.29,,,30.29,30.29,24585.0,559595.7,0.0
378,2810,2018-02-12,SZA-2016,30.29,,,30.29,30.29,27246.0,632107.20,0.0
379,2824,2018-02-13,SZA-2016,30.29,,,30.29,30.29,24180.0,563394,0.0
380,2819,2018-02-14,SZA-2016,30.29,,,30.29,30.29,34963.0,820440.60,0.0
381,2814,2018-02-22,SZA-2016,30.29,,,30.29,30.29,12492.0,284817.6,0.0
382,2803,2018-02-23,SZA-2016,30.29,,,30.29,30.29,22934.0,527897.20,0.0
383,2913,2018-02-26,SZA-2016,30.29,,,30.29,30.29,0.0,0,0.0
384,2908,2018-02-27,SZA-2016,33.0,33.32,33.0,33.32,33.32,4.0,132.32,0.10003301419610433
385,2865,2018-02-28,SZA-2016,35.0,35.0,35.0,35.0,35.0,1.0,35.00,0.050420168067226934
386,2843,2018-03-01,SZA-2016,38.0,38.5,38.0,38.5,38.5,2.0,76.50,0.10000000000000009
387,2943,2018-03-02,SZA-2016,40.0,40.0,40.0,40.0,40.0,3.0,120.00,0.03896103896103886
388,2905,2018-03-05,SZA-2016,42.0,42.0,42.0,42.0,42.0,1.0,42.00,0.050000000000000044
389,2900,2018-03-06,SZA-2016,40.0,40.0,40.0,40.0,40.0,20001.0,590040.00,-0.04761904761904767
390,2860,2018-03-07,SZA-2016,36.0,36.0,36.0,36.0,36.0,26501.0,792506.00,-0.09999999999999998
391,2927,2018-03-08,SZA-2016,39.6,39.6,39.6,39.6,39.6,11401.0,322659.6,0.10000000000000009
392,2922,2018-03-09,SZA-2016,39.6,,,39.6,39.6,23578.0,679377.40,0.0
393,2875,2018-03-12,SZA-2016,42.0,42.0,42.0,42.0,42.0,34901.0,1054362.00,0.06060606060606055
394,2870,2018-03-13,SZA-2016,37.8,37.8,37.8,37.8,37.8,39438.0,1175796.3,-0.10000000000000009
395,2958,2018-03-14,SZA-2016,34.02,34.02,34.02,34.02,34.02,35085.0,1074837.84,-0.09999999999999987
396,2953,2018-03-15,SZA-2016,37.0,37.0,37.0,37.0,37.0,39594.0,1206795.00,0.08759553203997639
397,2948,2018-03-16,SZA-2016,37.0,,,37.0,37.0,42952.0,1276567,0.0
398,2918,2018-03-19,SZA-2016,33.3,33.3,33.3,33.3,33.3,46732.0,1384751.60,-0.10000000000000009
399,2934,2018-03-20,SZA-2016,29.97,36.0,29.97,36.0,36.0,20463.0,589975.94,0.08108108108108114
400,2929,2018-03-21,SZA-2016,32.4,32.4,32.4,32.4,32.4,11901.0,361792.40,-0.10000000000000009
401,2881,2018-03-22,SZA-2016,29.16,35.0,29.16,35.0,35.0,35093.0,1002580.82,0.08024691358024705
402,2852,2018-03-23,SZA-2016,37.3,37.3,37.3,37.3,37.3,35483.0,1020572.70,0.06571428571428561
403,2939,2018-03-26,SZA-2016,37.3,,,37.3,37.3,34452.0,986775.3,0.0
404,2896,2018-03-27,SZA-2016,39.89,39.89,39.89,39.89,39.89,46373.0,1330409.69,0.06943699731903497
405,2891,2018-03-28,SZA-2016,39.89,,,39.89,39.89,12020.0,354590,0.0
406,2886,2018-03-29,SZA-2016,40.7,40.7,40.7,40.7,40.7,23890.0,680877.20,0.020305841062923102
407,2978,2018-03-30,SZA-2016,36.63,36.63,36.63,36.63,36.63,1.0,36.63,-0.09999999999999998
408,2973,2018-04-02,SZA-2016,36.63,,,36.63,36.63,0.0,0,0.0
409,2968,2018-04-03,SZA-2016,36.63,,,36.63,36.63,0.0,0,0.0
410,2963,2018-04-04,SZA-2016,36.63,,,36.63,36.63,33061.0,892647,0.0
411,2998,2018-04-09,SZA-2016,,,,36.63,36.63,20433.0,585409.5,0.0
412,2993,2018-04-10,SZA-2016,,,,36.63,36.63,12110.0,326970,0.0
413,2987,2018-04-11,SZA-2016,34.5,34.5,34.5,34.5,34.5,36112.0,1034557,-0.05814905814905824
414,2982,2018-04-12,SZA-2016,35.6,35.6,35.6,35.6,35.6,95929.0,2523305.05,0.03188405797101446
415,3063,2018-04-13,SZA-2016,27.95,34.16,27.95,34.16,34.16,72234.0,1927976.47,-0.040449438202247334
416,3030,2018-04-16,SZA-2016,34.16,,,34.16,34.16,54665.0,1518485.8,0.0
417,3008,2018-04-18,SZA-2016,27.67,27.67,27.67,27.67,27.67,49376.0,1367098.47,-0.18998829039812637
418,3086,2018-04-19,SZA-2016,24.9,30.44,24.9,30.44,30.44,73696.0,2035026.09,0.10010842067220804
419,3081,2018-04-20,SZA-2016,27.4,33.48,27.4,33.48,33.48,6661.0,182517.48,0.09986859395532188
420,3076,2018-04-23,SZA-2016,30.13,36.8,30.13,30.13,30.13,52625.0,1448153.66,-0.10005973715651129
421,3042,2018-04-24,SZA-2016,27.12,33.14,27.12,33.14,33.14,50370.0,1360107.12,0.09990043146365757
422,3114,2018-04-25,SZA-2016,29.83,36.45,29.83,29.83,29.83,11969.0,297071.14,-0.09987929993965006
423,3095,2018-04-26,SZA-2016,26.85,32.81,26.85,26.85,26.85,1622.0,43568.58,-0.0998994301039221
424,3090,2018-04-27,SZA-2016,24.17,29.54,24.17,29.54,29.54,29535.0,686819.64,0.1001862197392922
425,3050,2018-05-02,SZA-2016,26.59,26.59,26.59,26.59,26.59,500.0,13295,-0.09986459038591733
426,3118,2018-05-03,SZA-2016,23.93,29.25,23.93,29.25,29.25,25628.0,872968.52,0.10003760812335472
427,3106,2018-05-04,SZA-2016,32.0,32.18,30.0,30.0,30.0,12759.0,423254.48,0.02564102564102555
428,3101,2018-05-07,SZA-2016,32.0,33.0,32.0,32.0,32.0,23879.0,781329.00,0.06666666666666665
429,3056,2018-05-08,SZA-2016,28.8,32.0,28.8,32.0,32.0,57718.0,1861449.50,0.0
430,3060,2018-05-09,SZA-2016,35.2,35.2,35.2,35.2,35.2,37140.0,1195824.80,0.10000000000000009
431,3022,2018-05-10,SZA-2016,31.68,38.72,31.68,38.72,38.72,65802.0,2366221.44,0.09999999999999987
432,3017,2018-05-11,SZA-2016,42.5,42.5,38.0,38.0,38.0,40542.0,1163882.50,-0.018595041322314043
433,3003,2018-05-14,SZA-2016,38.0,,,38.0,38.0,70222.0,2349092.5,0.0
434,3111,2018-05-15,SZA-2016,34.2,34.2,34.2,34.2,34.2,27201.0,813540.80,-0.09999999999999998
435,3073,2018-05-16,SZA-2016,37.62,37.62,30.78,30.78,30.78,46699.0,1437360.76,-0.10000000000000009
436,3068,2018-05-17,SZA-2016,27.7,33.86,27.7,27.7,27.7,58593.0,1679303.48,-0.10006497725795982
437,3037,2018-05-18,SZA-2016,24.93,30.46,24.93,30.46,30.46,34366.0,1052004.19,0.09963898916967517
438,3144,2018-05-21,SZA-2016,27.41,27.41,27.41,27.41,27.41,63021.0,1781030.92,-0.10013131976362444
439,3139,2018-05-22,SZA-2016,24.67,30.15,24.67,30.15,30.15,46690.0,1356046.71,0.09996351696461137
440,3128,2018-05-23,SZA-2016,33.17,33.17,33.16,33.17,33.17,61279.0,1738605.97,0.10016583747927044
441,3123,2018-05-24,SZA-2016,29.85,36.49,29.85,36.0,36.0,35353.0,992596.99,0.08531805848658425
442,3158,2018-05-25,SZA-2016,32.4,39.59,32.4,39.58,39.58,53928.0,1604235.85,0.09944444444444445
443,3152,2018-05-28,SZA-2016,39.58,43.0,39.58,39.58,39.58,50444.0,1445780.74,0.0
444,3147,2018-05-29,SZA-2016,35.62,39.98,35.62,39.98,39.98,31480.0,902428.42,0.010106114199090355
445,3136,2018-05-30,SZA-2016,43.98,43.98,35.98,43.98,43.98,7523.0,270701.54,0.10005002501250626
446,3186,2018-05-31,SZA-2016,39.58,45.0,39.58,39.58,39.58,6465.0,255890.12,-0.10004547521600726
447,3181,2018-06-01,SZA-2016,35.62,43.5,35.62,43.5,43.5,3003.0,106989.00,0.09903991915108645
448,3168,2018-06-04,SZA-2016,39.15,39.15,39.15,39.15,39.15,44384.0,1630779.20,-0.09999999999999998
449,3163,2018-06-05,SZA-2016,35.24,43.07,35.24,43.07,43.07,28278.0,1044863.27,0.10012771392081743
450,3234,2018-06-06,SZA-2016,43.07,,,43.07,43.07,40260.0,1518988,0.0
451,3229,2018-06-07,SZA-2016,38.88,42.0,38.88,42.0,42.0,40698.0,1549731.08,-0.024843278384026002
452,3197,2018-06-08,SZA-2016,37.8,46.2,37.8,46.2,46.2,40520.0,1443758.10,0.10000000000000009
453,3192,2018-06-11,SZA-2016,41.58,41.58,41.58,41.58,41.58,55838.0,1984533.86,-0.10000000000000009
454,3275,2018-06-12,SZA-2016,39.15,42.0,39.15,41.7,41.7,60438.0,2237502.8,0.0028860028860029363
455,3261,2018-06-13,SZA-2016,37.53,42.7,37.53,42.7,42.7,68894.0,2626152.61,0.023980815347721895
456,3226,2018-06-14,SZA-2016,38.43,46.97,38.43,46.0,46.0,70246.0,2485146.08,0.07728337236533944
457,3191,2018-06-15,SZA-2016,41.4,42.0,41.4,42.0,42.0,82444.0,2883017.7,-0.08695652173913049
458,3278,2018-06-19,SZA-2016,46.2,46.2,37.8,41.0,41.0,19034.0,688445.20,-0.023809523809523836
459,3266,2018-06-20,SZA-2016,36.9,36.9,36.9,36.9,36.9,60354.0,2130314.60,-0.10000000000000009
460,3240,2018-06-21,SZA-2016,33.21,40.59,33.21,40.59,40.59,84353.0,2572502.90,0.10000000000000009
461,3205,2018-06-22,SZA-2016,36.53,40.59,36.53,36.53,36.53,93722.0,3308514.83,-0.1000246366100025
462,3248,2018-06-23,SZA-2016,32.88,38.8,32.88,32.88,32.88,36766.0,1243018.52,-0.09991787571858746
463,3214,2018-06-24,SZA-2016,29.59,29.59,29.59,29.59,29.59,14.0,414.26,-0.10006082725060839
464,3209,2018-06-25,SZA-2016,26.63,32.55,26.63,26.63,26.63,118561.0,3570715.58,-0.10003379520108147
465,3179,2018-06-26,SZA-2016,23.97,29.29,23.97,23.97,23.97,85765.0,2496642.76,-0.0998873450995118
466,3272,2018-06-27,SZA-2016,21.57,26.37,21.57,26.37,26.37,145240.0,3591516.07,0.10012515644555697
467,3256,2018-06-28,SZA-2016,23.73,29.01,23.73,29.01,29.01,187617.0,6112026.61,0.10011376564277596
468,3251,2018-06-29,SZA-2016,31.91,31.91,31.91,31.91,31.91,15002.0,467613.82,0.09996552912788692
469,3218,2018-06-30,SZA-2016,28.72,28.72,28.72,28.72,28.72,6000.0,172320,-0.09996866186148545
470,3306,2018-07-02,SZA-2016,27.8,27.8,27.8,27.8,27.8,41644.0,1162196.40,-0.03203342618384397
471,3301,2018-07-03,SZA-2016,28.1,28.2,28.1,28.2,28.2,16585.0,466909.90,0.014388489208633004
472,3288,2018-07-04,SZA-2016,25.38,25.38,25.38,25.38,25.38,1.0,25.38,-0.09999999999999998
473,3282,2018-07-05,SZA-2016,26.0,26.0,26.0,26.0,26.0,32799.0,724924.4,0.024428684003152235
474,3316,2018-07-06,SZA-2016,26.0,,,26.0,26.0,10100.0,341380,0.0
475,3310,2018-07-09,SZA-2016,26.0,,,26.0,26.0,11111.0,"308,885.80",0.0
476,3297,2018-07-10,SZA-2016,26.0,,,26.0,26.0,0.0,0,0.0
477,3377,2018-07-11,SZA-2016,23.4,23.4,23.4,23.4,23.4,20.0,468,-0.10000000000000009
478,3356,2018-07-12,SZA-2016,23.4,,,23.4,23.4,21118.0,642409.56,0.0
479,3350,2018-07-13,SZA-2016,21.06,25.73,21.06,25.73,25.73,22888.0,620118.93,0.09957264957264966
480,3328,2018-07-16,SZA-2016,23.16,23.16,23.16,23.16,23.16,21333.0,616422.66,-0.09988340458608624
481,3346,2018-07-17,SZA-2016,23.16,,,23.16,23.16,22923.0,643044.3,0.0
482,3340,2018-07-18,SZA-2016,20.84,25.48,20.84,25.48,25.48,24290.0,676175.18,0.10017271157167529
483,3319,2018-07-19,SZA-2016,25.48,,,25.48,25.48,25204.0,698312.4,0.0
484,3370,2018-07-20,SZA-2016,25.48,,,25.48,25.48,21680.0,605792.5,0.0
485,3364,2018-07-23,SZA-2016,25.48,,,25.48,25.48,21597.0,602435.80,0.0
486,3337,2018-07-24,SZA-2016,22.93,22.93,22.93,22.93,22.93,26387.0,741619.5,-0.10007849293563587
487,3433,2018-07-25,SZA-2016,20.64,25.22,20.64,25.22,25.22,52.0,1082.44,0.09986916703009152
488,3405,2018-07-26,SZA-2016,25.22,,,25.22,25.22,24306.0,692095.8,0.0
489,3399,2018-07-27,SZA-2016,25.22,,,25.22,25.22,23800.0,659079.6,0.0
490,3380,2018-07-30,SZA-2016,25.22,,,25.22,25.22,23241.0,657442.4,0.0
491,3414,2018-07-31,SZA-2016,25.22,,,25.22,25.22,38932.0,1059688.8,0.0
492,3393,2018-08-01,SZA-2016,25.22,,,25.22,25.22,0.0,0,0.0
493,3387,2018-08-02,SZA-2016,23.16,23.16,23.16,23.16,23.16,211.0,4886.76,-0.08168120539254553
494,3436,2018-08-03,SZA-2016,23.16,,,23.16,23.16,0.0,0,0.0
495,3426,2018-08-06,SZA-2016,23.16,,,23.16,23.16,0.0,0,0.0
496,3420,2018-08-07,SZA-2016,23.16,,,23.16,23.16,21057.0,607543.4,0.0
497,3501,2018-08-08,SZA-2016,23.16,,,23.16,23.16,0.0,0,0.0
498,3495,2018-08-09,SZA-2016,25.48,25.48,25.48,25.48,25.48,13152.0,374828.98,0.10017271157167529
499,3457,2018-08-10,SZA-2016,22.93,22.93,22.93,22.93,22.93,1000.0,22930.00,-0.10007849293563587
500,3451,2018-08-13,SZA-2016,20.64,25.22,20.64,25.22,25.22,392.0,8100.04,0.09986916703009152
501,3506,2018-08-14,SZA-2016,25.22,,,25.22,25.22,0.0,0,0.0
502,3469,2018-08-15,SZA-2016,27.74,27.74,27.74,27.74,27.74,15191.0,419271.88,0.09992069785884228
503,3463,2018-08-16,SZA-2016,30.51,30.51,30.51,30.51,30.51,23102.0,628490.62,0.09985580389329507
504,3477,2018-08-17,SZA-2016,30.51,,,30.51,30.51,0.0,0,0.0
505,3450,2018-08-20,SZA-2016,27.46,27.46,27.46,27.46,27.46,2.0,54.92,-0.09996722386102919
506,3444,2018-08-21,SZA-2016,30.21,30.21,30.21,30.21,30.21,21815.0,615348.12,0.10014566642388933
507,3532,2018-08-22,SZA-2016,28.0,33.23,27.19,27.19,27.19,34296.0,977348.96,-0.09996689837802053
508,3516,2018-08-23,SZA-2016,24.47,24.47,24.47,24.47,24.47,21461.0,605015.71,-0.10003677822728951
509,3487,2018-08-24,SZA-2016,26.92,26.92,22.93,22.93,22.93,34514.0,964304.6,-0.06293420514916226
510,3481,2018-08-27,SZA-2016,20.64,25.22,20.64,25.22,25.22,1115.0,23036.47,0.09986916703009152
511,3534,2018-08-28,SZA-2016,27.73,27.73,27.73,27.73,27.73,10393.0,281652.19,0.09952418715305322
512,3525,2018-08-29,SZA-2016,30.49,30.49,30.49,30.49,30.49,24736.0,668312.29,0.09953119365308316
513,3491,2018-08-30,SZA-2016,33.54,33.54,33.54,33.54,33.54,1.0,33.54,0.10003279763856998
514,3576,2018-08-31,SZA-2016,33.54,,,33.54,33.54,0.0,0,0.0
515,3570,2018-09-03,SZA-2016,33.54,,,33.54,33.54,0.0,0,0.0
516,3544,2018-09-04,SZA-2016,33.54,,,33.54,33.54,0.0,0,0.0
517,3587,2018-09-05,SZA-2016,33.54,,,33.54,33.54,0.0,0,0.0
518,3581,2018-09-06,SZA-2016,30.19,30.19,30.19,30.19,30.19,1.0,30.19,-0.09988073941562303
519,3555,2018-09-07,SZA-2016,33.21,33.21,33.21,33.21,33.21,1.0,33.21,0.1000331235508447
520,3549,2018-09-10,SZA-2016,36.53,36.53,29.89,29.89,29.89,2.0,66.42,-0.09996988858777478
521,3594,2018-09-11,SZA-2016,32.88,32.88,26.9,32.88,32.88,5.0,152.44,0.10003345600535307
522,3568,2018-09-12,SZA-2016,32.88,,,32.88,32.88,0.0,0,0.0
523,3562,2018-09-13,SZA-2016,32.88,,,32.88,32.88,0.0,0,0.0
524,3648,2018-09-14,SZA-2016,29.59,29.59,29.59,29.59,29.59,21425.0,708185.49,-0.10006082725060839
525,3642,2018-09-17,SZA-2016,26.63,26.63,26.63,26.63,26.63,1.0,26.63,-0.10003379520108147
526,3608,2018-09-18,SZA-2016,29.18,29.18,29.18,29.18,29.18,32824.0,1035570.54,0.09575666541494554
527,3661,2018-09-19,SZA-2016,29.18,,,29.18,29.18,37207.0,1176643.5,0.0
528,3625,2018-09-20,SZA-2016,26.26,26.26,26.26,26.26,26.26,1.0,26.26,-0.10006854009595612
529,3619,2018-09-21,SZA-2016,26.26,,,26.26,26.26,43782.0,1186981.6,0.0
530,3600,2018-09-25,SZA-2016,28.89,28.89,23.63,23.63,23.63,22050.0,650647.92,-0.10015232292460019
531,3672,2018-09-26,SZA-2016,21.27,21.27,21.27,21.27,21.27,38221.0,1052502.27,-0.09987304274227671
532,3653,2018-09-27,SZA-2016,21.27,,,21.27,21.27,24210.0,668196,0.0
533,3612,2018-09-28,SZA-2016,23.4,23.4,19.14,19.14,19.14,36968.0,897559.84,-0.10014104372355426
534,3696,2018-10-08,SZA-2016,21.05,21.05,17.23,21.05,21.05,71678.0,1543780.03,0.09979101358411713
535,3685,2018-10-09,SZA-2016,18.95,23.16,18.95,18.95,18.95,5031.0,95350.07,-0.09976247030878871
536,3679,2018-10-10,SZA-2016,17.06,17.06,17.06,17.06,17.06,15956.0,234609.36,-0.09973614775725592
537,3693,2018-10-11,SZA-2016,18.77,18.77,15.35,15.35,15.35,15956.0,234609.36,-0.1002344665885111
538,3668,2018-10-12,SZA-2016,16.89,16.89,13.82,13.82,13.82,2.0,30.71,-0.09967426710097715
539,3637,2018-10-15,SZA-2016,15.2,15.2,15.19,15.19,15.19,31605.0,462314.99,0.09913169319826332
540,3631,2018-10-16,SZA-2016,16.7,16.71,16.7,16.71,16.71,23305.0,307365.92,0.1000658327847268
541,3726,2018-10-17,SZA-2016,15.04,15.04,15.04,15.04,15.04,56056.0,826474.99,-0.09994015559545188
542,3720,2018-10-18,SZA-2016,16.54,16.54,13.54,15.04,15.04,70020.0,896168.08,0.0
543,3702,2018-10-19,SZA-2016,13.54,13.54,13.54,13.54,13.54,79981.0,1050943.88,-0.09973404255319152
544,3751,2018-10-22,SZA-2016,12.19,14.89,12.19,14.89,14.89,125408.0,1468390.15,0.09970457902511098
545,3733,2018-10-23,SZA-2016,13.4,16.38,13.4,16.38,16.38,94811.0,1298578.36,0.1000671591672262
546,3710,2018-10-24,SZA-2016,14.74,14.74,14.74,14.74,14.74,49873.0,722804.23,-0.1001221001221001
547,3757,2018-10-25,SZA-2016,13.27,16.21,13.27,16.21,16.21,32134.0,615669.76,0.09972862957937578
548,3740,2018-10-26,SZA-2016,14.59,14.59,14.59,14.59,14.59,34580.0,406804.38,-0.09993830968537942
549,3717,2018-10-29,SZA-2016,16.04,16.04,16.04,16.04,16.04,2.0,32.08,0.09938313913639485
550,3711,2018-10-30,SZA-2016,17.64,17.64,14.44,17.63,17.63,10006.0,201104.35,0.0991271820448878
551,3774,2018-10-31,SZA-2016,19.38,19.39,15.87,15.87,15.87,10048.0,124127.98,-0.09982983550765745
552,3768,2018-11-01,SZA-2016,14.28,17.46,14.28,17.46,17.46,6.0,95.22,0.10018903591682427
553,3762,2018-11-02,SZA-2016,15.71,19.21,15.71,19.21,19.21,6.0,97.76,0.10022909507445599
554,3841,2018-11-05,SZA-2016,17.29,21.13,17.29,17.29,17.29,9.0,174.75,-0.09994794377928173
555,3810,2018-11-06,SZA-2016,15.56,19.02,15.56,15.56,15.56,10.0,162.52,-0.10005783689994208
556,3781,2018-11-07,SZA-2016,14.0,17.12,14.0,14.0,14.0,3507.0,49110.46,-0.10025706940874035
557,3847,2018-11-08,SZA-2016,14.0,15.4,12.6,15.39,15.39,10.0,139.98,0.09928571428571442
558,3818,2018-11-09,SZA-2016,13.85,16.93,13.85,16.93,16.93,10032.0,110492.47,0.1000649772579596
559,3788,2018-11-12,SZA-2016,15.24,18.62,15.24,15.24,15.24,16.0,257.36,-0.09982279976373298
560,3782,2018-11-13,SZA-2016,16.76,16.76,13.72,16.76,16.76,15.0,233.14,0.09973753280839914
561,3854,2018-11-14,SZA-2016,15.08,18.44,15.08,18.44,18.44,1010.0,15244.24,0.10023866348448696
562,3832,2018-11-15,SZA-2016,16.6,20.28,16.6,20.28,20.28,10008.0,235154.42,0.09978308026030369
563,3799,2018-11-16,SZA-2016,18.25,22.3,18.25,18.25,18.25,6.0,113.55,-0.10009861932938857
564,3850,2018-11-19,SZA-2016,16.43,20.08,16.43,16.43,16.43,48177.0,1109896.45,-0.09972602739726033
565,3824,2018-11-20,SZA-2016,14.79,18.07,14.79,18.07,18.07,32007.0,661010.09,0.09981740718198417
566,3793,2018-11-21,SZA-2016,16.26,19.88,16.26,16.26,16.26,35005.0,766284.92,-0.10016602102933025
567,3895,2018-11-22,SZA-2016,14.63,17.89,14.63,17.89,17.89,41006.0,835825.38,0.10024600246002446
568,3889,2018-11-23,SZA-2016,19.68,19.68,16.1,16.1,16.1,18160.0,372214.58,-0.10005589714924534
569,3866,2018-11-26,SZA-2016,17.7,17.71,14.49,14.49,14.49,3006.0,53195.52,-0.10000000000000009
570,3860,2018-11-27,SZA-2016,14.49,15.94,13.04,13.04,13.04,26305.0,390455.00,-0.1000690131124915
571,3903,2018-11-28,SZA-2016,11.74,14.34,11.74,11.74,11.74,64299.0,835427.57,-0.09969325153374231
572,3897,2018-11-29,SZA-2016,10.57,12.91,10.57,10.57,10.57,36126.0,364049.20,-0.09965928449744466
573,3870,2018-11-30,SZA-2016,9.51,11.63,9.51,11.63,11.63,22105.0,176249.67,0.10028382213812681
574,3914,2018-12-03,SZA-2016,10.47,12.79,10.47,10.47,10.47,60114.0,810584.98,-0.0997420464316423
575,3908,2018-12-04,SZA-2016,9.42,11.52,9.42,11.52,11.52,52066.0,495455.14,0.1002865329512892
576,3880,2018-12-05,SZA-2016,10.37,12.0,10.37,10.37,10.37,50855.0,563828.61,-0.09982638888888895
577,4011,2018-12-06,SZA-2016,9.33,11.41,9.33,9.33,9.33,47046.0,547533.99,-0.10028929604628734
578,3971,2018-12-07,SZA-2016,8.4,8.4,8.4,8.4,8.4,50902.0,470755.90,-0.09967845659163987
579,3965,2018-12-10,SZA-2016,7.56,9.24,7.56,9.24,9.24,50902.0,470755.90,0.10000000000000009
580,3940,2018-12-11,SZA-2016,9.85,10.16,8.32,8.32,8.32,45395.0,383646.96,-0.09956709956709953
581,3934,2018-12-12,SZA-2016,8.2,9.15,7.49,7.49,7.49,13024.0,140874.38,-0.09975961538461542
582,3928,2018-12-13,SZA-2016,8.24,8.24,8.24,8.24,8.24,23041.0,120767.84,0.10013351134846471
583,3922,2018-12-14,SZA-2016,8.0,9.06,8.0,9.06,9.06,23034.0,246685.42,0.09951456310679618
584,4014,2018-12-17,SZA-2016,9.97,9.97,8.15,9.97,9.97,23120.0,147000.02,0.10044150110375272
585,3975,2018-12-18,SZA-2016,10.82,10.82,8.86,10.82,10.82,20106.0,138929.28,0.08525576730190565
586,3950,2018-12-19,SZA-2016,11.9,11.9,9.74,9.74,9.74,33797.0,344324.66,-0.09981515711645106
587,4004,2018-12-20,SZA-2016,8.77,10.71,8.77,10.71,10.71,31038.0,270047.42,0.09958932238193019
588,3992,2018-12-24,SZA-2016,10.6,12.96,10.6,10.6,10.6,5040.0,53431.08,-0.010270774976657404
589,3959,2018-12-25,SZA-2016,9.54,11.66,9.54,9.54,9.54,21055.0,162713.18,-0.10000000000000009
590,3988,2018-12-26,SZA-2016,10.49,10.49,8.59,10.49,10.49,122003.0,816989.57,0.09958071278825997
591,3982,2018-12-27,SZA-2016,9.44,11.24,9.44,10.0,10.0,62067.0,663750.40,-0.046711153479504275
592,3955,2018-12-28,SZA-2016,9.0,11.0,9.0,11.0,11.0,19504.0,144342.00,0.10000000000000009
593,4061,2019-01-02,SZA-2016,12.1,12.1,12.1,12.1,12.1,4.0,48.40,0.09999999999999987
594,4055,2019-01-03,SZA-2016,13.31,13.31,10.89,13.31,13.31,4.0,50.82,0.10000000000000009
595,4029,2019-01-04,SZA-2016,14.64,14.64,14.64,14.64,14.64,3.0,43.92,0.09992486851990989
596,4075,2019-01-07,SZA-2016,16.09,16.1,13.18,16.1,16.1,4.0,61.47,0.0997267759562841
597,4045,2019-01-08,SZA-2016,14.49,14.49,14.49,14.49,14.49,5.0,72.45,-0.10000000000000009
598,4039,2019-01-09,SZA-2016,15.94,15.94,15.94,15.94,15.94,11893.0,187909.82,0.10006901311249128
599,4020,2019-01-10,SZA-2016,17.53,17.53,14.35,14.35,14.35,4.0,66.94,-0.09974905897114172
600,4071,2019-01-11,SZA-2016,12.92,15.0,12.92,12.92,12.92,10103.0,157602.32,-0.0996515679442509
601,4065,2019-01-14,SZA-2016,14.21,14.21,11.63,11.63,11.63,4.0,54.26,-0.09984520123839002
602,4033,2019-01-15,SZA-2016,12.79,12.79,10.47,12.79,12.79,8.0,100.00,0.09974204643164208
603,4134,2019-01-16,SZA-2016,14.07,14.07,11.51,11.51,11.51,3.0,39.65,-0.10007818608287722
604,4128,2019-01-17,SZA-2016,12.66,12.66,12.66,12.66,12.66,6.0,75.96,0.09991311902693312
605,4092,2019-01-18,SZA-2016,12.66,,,12.66,12.66,0.0,0,0.0
606,4118,2019-01-21,SZA-2016,13.93,13.93,11.39,11.39,11.39,2.0,25.32,-0.10031595576619268
607,4112,2019-01-22,SZA-2016,12.53,12.53,12.53,12.53,12.53,10363.0,15381.19,0.10008779631255482
608,4086,2019-01-23,SZA-2016,13.78,13.78,11.28,11.28,11.28,2.0,25.06,-0.09976057462090981
609,4080,2019-01-24,SZA-2016,12.41,12.41,10.15,10.15,10.15,22002.0,198022.56,-0.10017730496453892
610,4148,2019-01-25,SZA-2016,11.17,11.17,11.17,11.17,11.17,13095.0,171538.71,0.10049261083743843
611,4106,2019-01-28,SZA-2016,12.29,12.29,12.29,12.29,12.29,11460.0,159290.78,0.10026857654431498
612,4100,2019-01-29,SZA-2016,11.06,11.06,11.06,11.06,11.06,12064.0,160448.96,-0.10008136696501213
613,4162,2019-01-30,SZA-2016,9.95,12.17,9.95,12.17,12.17,3002.0,29874.34,0.10036166365280286
614,4156,2019-01-31,SZA-2016,13.39,13.39,13.39,13.39,13.39,20133.0,228071.04,0.10024650780608058
615,4124,2019-02-01,SZA-2016,14.0,14.0,14.0,14.0,14.0,10003.0,138041.6,0.045556385362210516
616,4178,2019-02-11,SZA-2016,14.0,14.0,14.0,14.0,14.0,1.0,14.00,0.0
617,4171,2019-02-12,SZA-2016,14.0,14.0,14.0,14.0,14.0,11550.0,174403.90,0.0
618,4143,2019-02-13,SZA-2016,15.39,15.39,14.0,14.0,14.0,12013.0,178992.39,0.0
619,4137,2019-02-14,SZA-2016,14.0,14.0,14.0,14.0,14.0,10013.0,143185.00,0.0
620,4224,2019-02-15,SZA-2016,14.0,14.0,14.0,14.0,14.0,10003.0,142042.20,0.0
621,4218,2019-02-18,SZA-2016,15.4,15.4,14.0,14.0,14.0,13224.0,185138.80,0.0
622,4190,2019-02-19,SZA-2016,14.0,15.4,14.0,14.0,14.0,10105.0,150562.30,0.0
623,4214,2019-02-20,SZA-2016,14.0,15.4,14.0,15.4,15.4,10903.0,164634.50,0.10000000000000009
624,4208,2019-02-21,SZA-2016,16.94,16.94,13.86,13.86,13.86,13122.0,175842.34,-0.10000000000000009
625,4184,2019-02-22,SZA-2016,14.0,15.25,14.0,15.25,15.25,13001.0,231411.45,0.10028860028860032
626,4238,2019-02-25,SZA-2016,13.73,13.73,13.73,13.73,13.73,2.0,27.46,-0.09967213114754092
627,4232,2019-02-26,SZA-2016,13.73,,,13.73,13.73,0.0,0,0.0
628,4202,2019-02-27,SZA-2016,15.1,15.1,12.36,15.1,15.1,7.0,98.56,0.099781500364166
629,4196,2019-02-28,SZA-2016,16.61,16.61,13.59,13.59,13.59,4.0,58.20,-0.09999999999999998
630,4254,2019-03-01,SZA-2016,13.59,13.59,12.23,13.59,13.59,4.0,51.64,0.0
631,4248,2019-03-04,SZA-2016,12.23,12.23,12.23,12.23,12.23,2.0,24.46,-0.10007358351729212
632,4242,2019-03-05,SZA-2016,11.01,11.01,11.01,11.01,11.01,2.0,22.02,-0.09975470155355692
633,4319,2019-03-06,SZA-2016,9.91,9.91,9.91,9.91,9.91,1.0,9.91,-0.09990917347865569
634,4280,2019-03-07,SZA-2016,8.92,10.9,8.92,10.9,10.9,4.0,39.64,0.09989909182643797
635,4264,2019-03-08,SZA-2016,9.81,9.81,9.81,9.81,9.81,2.0,19.62,-0.09999999999999998
636,4334,2019-03-11,SZA-2016,8.83,8.83,8.83,8.83,8.83,1.0,8.83,-0.09989806320081551
637,4305,2019-03-12,SZA-2016,7.95,7.95,7.95,7.95,7.95,204.0,1621.80,-0.09966024915062288
638,4299,2019-03-13,SZA-2016,7.16,8.75,7.16,8.75,8.75,662.0,4741.51,0.10062893081761004
639,4271,2019-03-14,SZA-2016,7.88,7.88,7.88,7.88,7.88,3.0,23.64,-0.09942857142857142
640,4316,2019-03-15,SZA-2016,7.09,7.09,7.09,7.09,7.09,603.0,4275.27,-0.10025380710659904
641,4310,2019-03-18,SZA-2016,6.38,7.8,6.38,6.38,6.38,69.0,448.74,-0.10014104372355426
642,4276,2019-03-19,SZA-2016,5.74,5.75,5.74,5.75,5.75,2.0,11.49,-0.09874608150470221
643,4325,2019-03-20,SZA-2016,5.18,5.19,5.18,5.19,5.19,4.0,20.75,-0.09739130434782606
644,4292,2019-03-21,SZA-2016,4.67,5.71,4.67,4.67,4.67,14.0,68.50,-0.10019267822736044
645,4286,2019-03-22,SZA-2016,5.14,5.14,4.2,4.2,4.2,4.0,17.74,-0.10064239828693788
646,4396,2019-03-25,SZA-2016,3.78,3.78,3.78,3.78,3.78,4.0,15.12,-0.10000000000000009
647,4390,2019-03-26,SZA-2016,4.16,4.16,3.4,3.4,3.4,2.0,7.56,-0.10052910052910047
648,4372,2019-03-27,SZA-2016,3.74,3.74,3.74,3.74,3.74,4447.0,16629.74,0.10000000000000009
649,4351,2019-03-28,SZA-2016,3.37,3.37,3.37,3.37,3.37,3.0,10.11,-0.09893048128342252
650,4364,2019-03-29,SZA-2016,3.71,3.71,3.71,3.71,3.71,1.0,3.71,0.10089020771513346
651,4348,2019-04-01,SZA-2016,3.71,,,3.71,3.71,0.0,0,0.0
652,4342,2019-04-02,SZA-2016,4.08,4.08,4.08,4.08,4.08,1.0,4.08,0.09973045822102433
653,4387,2019-04-03,SZA-2016,4.49,4.49,3.67,3.67,3.67,4.0,15.83,-0.10049019607843146
654,4381,2019-04-04,SZA-2016,3.3,3.3,3.3,3.3,3.3,10157.0,33518.10,-0.10081743869209814
655,4359,2019-04-08,SZA-2016,3.3,,,3.3,3.3,0.0,0,0.0
656,4418,2019-04-09,SZA-2016,3.3,,,3.3,3.3,0.0,0,0.0
657,4412,2019-04-10,SZA-2016,3.3,,,3.3,3.3,0.0,0,0.0
658,4406,2019-04-11,SZA-2016,3.3,,,3.3,3.3,0.0,0,0.0
659,4400,2019-04-12,SZA-2016,3.63,3.63,3.63,3.63,3.63,1.0,3.63,0.10000000000000009
660,4446,2019-04-15,SZA-2016,3.99,3.99,3.99,3.99,3.99,8.0,31.92,0.09917355371900838
661,4440,2019-04-16,SZA-2016,3.9,3.9,3.9,3.9,3.9,1.0,3.90,-0.022556390977443663
662,4422,2019-04-17,SZA-2016,4.29,4.29,4.29,4.29,4.29,8000.0,34320.00,0.10000000000000009
663,4496,2019-04-18,SZA-2016,4.29,,,4.29,4.29,0.0,0,0.0
664,4490,2019-04-19,SZA-2016,4.29,,,4.29,4.29,0.0,0,0.0
665,4466,2019-04-22,SZA-2016,4.29,,,4.29,4.29,0.0,0,0.0
666,4483,2019-04-23,SZA-2016,4.29,,,4.29,4.29,0.0,0,0.0
667,4459,2019-04-24,SZA-2016,4.29,,,4.29,4.29,0.0,0,0.0
668,4453,2019-04-25,SZA-2016,4.29,4.72,3.86,3.86,3.86,2.0,8.58,-0.10023310023310028
669,4478,2019-04-26,SZA-2016,4.25,4.25,3.47,3.47,3.47,2.0,7.72,-0.10103626943005173
670,4473,2019-04-29,SZA-2016,3.82,3.82,3.12,3.82,3.82,3.0,10.76,0.10086455331412103
671,4467,2019-04-30,SZA-2016,4.2,4.2,3.44,4.2,4.2,6.0,23.68,0.09947643979057608
672,4434,2019-05-06,SZA-2016,4.62,4.62,3.78,3.78,3.78,4.0,16.80,-0.10000000000000009
673,4547,2019-05-07,SZA-2016,4.16,4.16,3.4,3.4,3.4,7.0,26.84,-0.10052910052910047
674,4520,2019-05-08,SZA-2016,3.74,3.74,3.06,3.06,3.06,9.0,31.62,-0.09999999999999998
675,4514,2019-05-09,SZA-2016,3.37,3.37,3.37,3.37,3.37,5.0,16.85,0.10130718954248374
676,4540,2019-05-10,SZA-2016,3.71,3.71,3.03,3.03,3.03,4.0,13.48,-0.10089020771513357
677,4534,2019-05-13,SZA-2016,3.33,3.33,3.33,3.33,3.33,2.0,6.66,0.0990099009900991
678,4506,2019-05-14,SZA-2016,3.0,3.66,3.0,3.66,3.66,4.0,13.32,0.0990990990990992
679,4500,2019-05-15,SZA-2016,4.03,4.03,4.03,4.03,4.03,2.0,8.06,0.10109289617486339
680,4554,2019-05-16,SZA-2016,4.43,4.43,4.43,4.43,4.43,4.0,17.72,0.0992555831265507
681,4529,2019-05-17,SZA-2016,4.0,4.87,4.0,4.87,4.87,7265.0,29061.74,0.09932279909706554
682,4523,2019-05-20,SZA-2016,4.38,5.36,4.38,5.36,5.36,4.0,19.48,0.10061601642710483
683,4585,2019-05-21,SZA-2016,4.82,5.9,4.82,5.9,5.9,423.0,2041.02,0.10074626865671643
684,4579,2019-05-22,SZA-2016,6.49,6.49,5.31,5.31,5.31,3.0,17.11,-0.10000000000000009
685,4564,2019-05-23,SZA-2016,5.84,5.84,5.84,5.84,5.84,1.0,5.84,0.09981167608286268
686,4654,2019-05-24,SZA-2016,5.33,6.42,5.26,5.26,5.26,1003.0,5301.34,-0.09931506849315075
687,4618,2019-05-27,SZA-2016,4.89,5.79,4.73,4.73,4.73,8147.0,39839.13,-0.10076045627376418
688,4575,2019-05-28,SZA-2016,4.28,5.2,4.26,5.2,5.2,6581.0,28098.82,0.09936575052854124
689,4569,2019-05-29,SZA-2016,4.68,5.72,4.68,4.68,4.68,2305.0,10968.36,-0.10000000000000009
690,4628,2019-05-30,SZA-2016,5.15,5.15,4.21,5.15,5.15,7.0,34.17,0.10042735042735051
691,4597,2019-05-31,SZA-2016,5.67,5.67,4.64,5.67,5.67,6.0,31.96,0.10097087378640768
692,4591,2019-06-03,SZA-2016,5.1,6.24,5.1,5.1,5.1,5.1,75.42,-0.10052910052910058
693,4640,2019-06-04,SZA-2016,4.59,5.61,4.59,5.61,5.61,254.0,1244.17,0.10000000000000009
694,4634,2019-06-05,SZA-2016,6.17,6.17,5.05,6.17,6.17,1850.0,10468.10,0.09982174688057044
695,4603,2019-06-06,SZA-2016,5.56,6.79,5.55,6.79,6.79,4333.0,24987.54,0.10048622366288495
696,4658,2019-06-10,SZA-2016,7.47,7.47,6.11,6.11,6.11,13.0,91.63,-0.10014727540500734
697,4649,2019-06-11,SZA-2016,6.11,6.72,5.5,6.72,6.72,5808.0,35401.32,0.09983633387888702
698,4643,2019-06-12,SZA-2016,7.38,7.39,6.05,7.39,7.39,2433.0,16781.76,0.09970238095238093
699,4696,2019-06-14,SZA-2016,7.2,7.32,5.99,5.99,5.99,14141.0,100264.95,-0.189445196211096
700,4668,2019-06-17,SZA-2016,5.39,6.59,5.39,6.59,6.59,5652.0,30572.45,0.10016694490818034
701,4662,2019-06-18,SZA-2016,5.93,7.25,5.93,7.25,7.25,10488.0,69219.17,0.10015174506828539
702,4707,2019-06-19,SZA-2016,6.53,7.98,6.53,7.98,7.98,2802.0,18318.68,0.1006896551724139
703,4680,2019-06-20,SZA-2016,7.18,7.18,7.18,7.18,7.18,13239.0,95056.02,-0.10025062656641615
704,4674,2019-06-21,SZA-2016,7.2,7.9,6.46,7.9,7.9,6580.0,44707.12,0.10027855153203347
705,4718,2019-06-22,SZA-2016,8.0,8.69,7.11,8.69,8.69,10479.0,75657.33,0.09999999999999987
706,4712,2019-06-23,SZA-2016,9.56,9.56,7.82,7.82,7.82,11.0,92.98,-0.10011507479861903
707,4687,2019-06-24,SZA-2016,7.04,8.6,7.04,7.04,7.04,27802.0,197051.17,-0.09974424552429673
708,4681,2019-06-25,SZA-2016,7.74,7.74,6.34,6.34,6.34,12743.0,91025.02,-0.09943181818181823
709,4769,2019-06-26,SZA-2016,6.85,6.96,5.71,5.71,5.71,25811.0,170891.09,-0.09936908517350151
710,4745,2019-06-27,SZA-2016,5.14,6.28,5.14,5.14,5.14,23936.0,141694.00,-0.09982486865148865
711,4739,2019-06-28,SZA-2016,4.63,4.64,4.63,4.63,4.63,2665.0,12349.28,-0.09922178988326846
712,4735,2019-06-29,SZA-2016,4.63,,,4.63,4.63,0.0,0,0.0
713,4729,2019-06-30,SZA-2016,5.09,5.09,5.09,5.09,5.09,1.0,5.09,0.09935205183585305
714,4723,2019-07-01,SZA-2016,5.09,,,5.09,5.09,0.0,0,0.0
715,4806,2019-07-02,SZA-2016,5.6,5.6,4.58,4.58,4.58,2.0,10.18,-0.10019646365422397
716,4777,2019-07-03,SZA-2016,4.12,4.12,4.12,4.12,4.12,1.0,4.12,-0.10043668122270744
717,4752,2019-07-04,SZA-2016,3.71,4.53,3.71,4.53,4.53,251.0,933.67,0.09951456310679618
718,4814,2019-07-05,SZA-2016,4.53,,,4.53,4.53,0.0,0,0.0
719,4787,2019-07-08,SZA-2016,4.98,4.98,4.98,4.98,4.98,2.0,9.96,0.09933774834437092
720,4781,2019-07-09,SZA-2016,5.48,5.48,5.48,5.48,5.48,2.0,10.96,0.10040160642570273
721,4754,2019-07-10,SZA-2016,6.03,6.03,6.03,6.03,6.03,2.0,12.06,0.10036496350364965
722,4815,2019-07-11,SZA-2016,6.63,6.63,6.63,6.63,6.63,2.0,13.26,0.09950248756218905
723,4794,2019-07-12,SZA-2016,5.97,7.29,5.97,7.29,7.29,2.0,13.26,0.09954751131221728
724,4788,2019-07-15,SZA-2016,6.56,6.56,6.56,6.56,6.56,1.0,6.56,-0.10013717421124835
725,4874,2019-07-16,SZA-2016,6.56,,,6.56,6.56,0.0,0,0.0
726,4852,2019-07-17,SZA-2016,7.22,7.22,7.22,7.22,7.22,1.0,7.22,0.10060975609756095
727,4825,2019-07-18,SZA-2016,7.94,7.94,7.94,7.94,7.94,1.0,7.94,0.09972299168975085
728,4878,2019-07-19,SZA-2016,8.73,8.73,8.73,8.73,8.73,1.0,8.73,0.09949622166246841
729,4860,2019-07-22,SZA-2016,9.6,9.6,9.6,9.6,9.6,1.0,9.60,0.09965635738831602
730,4834,2019-07-23,SZA-2016,9.6,,,9.6,9.6,0.0,0,0.0
731,4828,2019-07-24,SZA-2016,9.6,,,9.6,9.6,0.0,0,0.0
732,4870,2019-07-25,SZA-2016,9.6,,,9.6,9.6,0.0,0,0.0
733,4847,2019-07-26,SZA-2016,8.9,8.9,8.64,8.64,8.64,2271.0,20211.64,-0.09999999999999987
734,4841,2019-07-29,SZA-2016,8.64,,,8.64,8.64,0.0,0,0.0
735,4972,2019-07-30,SZA-2016,8.64,,,8.64,8.64,0.0,0,0.0
736,4935,2019-07-31,SZA-2016,8.64,,,8.64,8.64,0.0,0,0.0
737,4929,2019-08-01,SZA-2016,8.64,,,8.64,8.64,0.0,0,0.0
738,4899,2019-08-02,SZA-2016,8.64,,,8.64,8.64,0.0,0,0.0
739,4893,2019-08-05,SZA-2016,8.64,,,8.64,8.64,0.0,0,0.0
740,4887,2019-08-06,SZA-2016,8.64,,,8.64,8.64,0.0,0,0.0
741,4881,2019-08-07,SZA-2016,8.64,,,8.64,8.64,125434.0,954559.7,0.0
742,4944,2019-08-08,SZA-2016,8.64,,,8.64,8.64,156912.0,1266724.8,0.0
743,4914,2019-08-09,SZA-2016,8.64,,,8.64,8.64,165038.0,1373427.5,0.0
744,4908,2019-08-12,SZA-2016,9.5,9.5,9.5,9.5,9.5,169403.0,1465080.20,0.09953703703703698
745,4954,2019-08-13,SZA-2016,9.5,,,9.5,9.5,170379.0,1519631.6,0.0
746,4948,2019-08-14,SZA-2016,10.45,10.45,10.45,10.45,10.45,1.0,10.45,0.09999999999999987
747,4920,2019-08-15,SZA-2016,11.5,11.5,11.5,11.5,11.5,155960.0,1430199.90,0.1004784688995215
748,4979,2019-08-16,SZA-2016,12.65,12.65,12.65,12.65,12.65,148967.0,1380178.40,0.10000000000000009
749,4966,2019-08-19,SZA-2016,13.91,13.91,13.91,13.91,13.91,182063.0,1690503.23,0.09960474308300404
750,4960,2019-08-20,SZA-2016,13.91,,,13.91,13.91,163867.0,1714980.3,0.0
751,4926,2019-08-21,SZA-2016,12.52,12.52,12.52,12.52,12.52,144510.0,1530976.72,-0.09992810927390372
752,5016,2019-08-22,SZA-2016,12.52,,,12.52,12.52,0.0,0,0.0
753,5010,2019-08-23,SZA-2016,12.52,,,12.52,12.52,0.0,0,0.0
754,4983,2019-08-26,SZA-2016,12.52,,,12.52,12.52,113110.0,1188090,0.0
755,5026,2019-08-27,SZA-2016,12.52,,,12.52,12.52,0.0,0,0.0
756,5020,2019-08-28,SZA-2016,12.52,,,12.52,12.52,30208.0,281169,0.0
757,4992,2019-08-29,SZA-2016,12.52,,,12.52,12.52,20389.0,212016.7,0.0
758,5037,2019-08-30,SZA-2016,12.52,,,12.52,12.52,0.0,0,0.0
759,5031,2019-09-02,SZA-2016,12.52,,,12.52,12.52,82094.0,925435.9,0.0
760,5004,2019-09-03,SZA-2016,12.52,,,12.52,12.52,88002.0,999250.2,0.0
761,4998,2019-09-04,SZA-2016,12.52,,,12.52,12.52,105341.0,1189482.2,0.0
762,5055,2019-09-05,SZA-2016,12.52,,,12.52,12.52,94719.0,1050070,0.0
763,5049,2019-09-06,SZA-2016,12.52,,,12.52,12.52,93615.0,907056.3,0.0
764,5043,2019-09-09,SZA-2016,12.52,,,12.52,12.52,91629.0,1042218.5,0.0
765,5116,2019-09-10,SZA-2016,12.52,,,12.52,12.52,153068.0,1631865.3,0.0
766,5082,2019-09-11,SZA-2016,12.52,,,12.52,12.52,70556.0,778609.5,0.0
767,5065,2019-09-12,SZA-2016,12.52,,,12.52,12.52,96311.0,909246.7,0.0
768,5126,2019-09-16,SZA-2016,12.52,,,12.52,12.52,91376.0,1015628.1,0.0
769,5120,2019-09-17,SZA-2016,12.52,,,12.52,12.52,69662.0,746116.8,0.0
770,5091,2019-09-18,SZA-2016,12.52,,,12.52,12.52,93856.0,1029823.6,0.0
771,5070,2019-09-19,SZA-2016,12.52,,,12.52,12.52,149697.0,1608562,0.0
772,5128,2019-09-20,SZA-2016,13.77,13.77,13.77,13.77,13.77,127086.0,1338921.94,0.09984025559105425
773,5102,2019-09-24,SZA-2016,13.77,,,13.77,13.77,92508.0,993964.2,0.0
774,5096,2019-09-25,SZA-2016,13.77,,,13.77,13.77,79441.0,811257,0.0
775,5138,2019-09-26,SZA-2016,12.39,12.39,12.39,12.39,12.39,70800.0,699145.26,-0.10021786492374718
776,5113,2019-09-27,SZA-2016,11.15,11.15,11.15,11.15,11.15,1700.0,18955.00,-0.10008071025020182
777,5107,2019-09-30,SZA-2016,10.04,10.04,10.04,10.04,10.04,1.0,10.04,-0.09955156950672661
778,5178,2019-10-08,SZA-2016,10.04,,,10.04,10.04,0.0,0,0.0
779,5172,2019-10-09,SZA-2016,10.04,,,10.04,10.04,74839.0,850329,0.0
780,5147,2019-10-10,SZA-2016,10.04,,,10.04,10.04,122004.0,1392763.9,0.0
781,5141,2019-10-11,SZA-2016,10.04,,,10.04,10.04,98355.0,1098210.2,0.0
782,5185,2019-10-14,SZA-2016,9.04,9.04,9.04,9.04,9.04,131636.0,1412501.14,-0.09960159362549803
783,5179,2019-10-15,SZA-2016,8.14,9.94,8.14,9.94,9.94,171636.0,1819180.62,0.0995575221238938
784,5152,2019-10-16,SZA-2016,9.94,,,9.94,9.94,135193.0,1361170.8,0.0
785,5197,2019-10-17,SZA-2016,9.94,,,9.94,9.94,138697.0,1590393.9,0.0
786,5191,2019-10-18,SZA-2016,9.94,,,9.94,9.94,36100.0,400179.9,0.0
787,5163,2019-10-21,SZA-2016,9.94,,,9.94,9.94,178585.0,1860732.1,0.0
788,5219,2019-10-22,SZA-2016,8.95,8.95,8.95,8.95,8.95,130101.0,1320626.25,-0.09959758551307851
789,5213,2019-10-23,SZA-2016,8.7,9.85,8.7,9.85,9.85,150938.0,1619196.10,0.1005586592178771
790,5207,2019-10-24,SZA-2016,10.0,10.0,10.0,10.0,10.0,130425.0,1342309.90,0.015228426395939021
791,5200,2019-10-25,SZA-2016,10.0,,,10.0,10.0,87991.0,811516.8,0.0
792,5249,2019-10-28,SZA-2016,10.0,,,10.0,10.0,142385.0,1314238.2,0.0
793,5226,2019-10-29,SZA-2016,11.0,11.0,11.0,11.0,11.0,108751.0,1019917.20,0.10000000000000009
794,5297,2019-10-30,SZA-2016,10.0,10.0,10.0,10.0,10.0,25116.0,239852.00,-0.09090909090909094
795,5264,2019-10-31,SZA-2016,9.5,11.0,9.5,11.0,11.0,2501.0,23761.00,0.10000000000000009
796,5257,2019-11-01,SZA-2016,9.9,11.5,9.9,11.5,11.5,88077.0,897734.20,0.045454545454545414
797,5298,2019-11-04,SZA-2016,11.5,,,11.5,11.5,129571.0,1341680.6,0.0
798,5273,2019-11-05,SZA-2016,10.35,10.35,10.35,10.35,10.35,91753.0,967724.35,-0.09999999999999998
799,5238,2019-11-06,SZA-2016,9.32,9.32,9.32,9.32,9.32,165214.0,1720354.50,-0.09951690821256032
800,5291,2019-11-07,SZA-2016,10.25,10.25,10.25,10.25,10.25,153336.0,1583906.15,0.09978540772532196
801,5284,2019-11-08,SZA-2016,10.25,,,10.25,10.25,162710.0,1669792.9,0.0
802,5243,2019-11-11,SZA-2016,10.25,,,10.25,10.25,140068.0,1537476.9,0.0
803,5336,2019-11-12,SZA-2016,10.25,,,10.25,10.25,164038.0,1735749.9,0.0
804,5329,2019-11-13,SZA-2016,10.25,,,10.25,10.25,166076.0,1725974.3,0.0
805,5302,2019-11-14,SZA-2016,10.25,,,10.25,10.25,93869.0,939838.4,0.0
806,5345,2019-11-15,SZA-2016,10.25,,,10.25,10.25,138518.0,1413485.6,0.0
807,5315,2019-11-18,SZA-2016,10.25,,,10.25,10.25,93641.0,1013014.4,0.0
808,5308,2019-11-19,SZA-2016,10.25,,,10.25,10.25,69518.0,670961.3,0.0
809,5354,2019-11-20,SZA-2016,10.25,,,10.25,10.25,32888.0,309147.2,0.0
810,5324,2019-11-21,SZA-2016,10.25,,,10.25,10.25,13000.0,132600,0.0
811,5317,2019-11-22,SZA-2016,10.25,,,10.25,10.25,0.0,0,0.0
812,5373,2019-11-25,SZA-2016,10.25,,,10.25,10.25,0.0,0,0.0
813,5366,2019-11-26,SZA-2016,10.25,,,10.25,10.25,0.0,0,0.0
814,5451,2019-11-27,SZA-2016,10.25,,,10.25,10.25,0.0,0,0.0
815,5413,2019-11-28,SZA-2016,10.25,,,10.25,10.25,0.0,0,0.0
816,5385,2019-11-29,SZA-2016,10.25,,,10.25,10.25,0.0,0,0.0
817,5452,2019-12-02,SZA-2016,10.25,,,10.25,10.25,0.0,0,0.0
818,5419,2019-12-03,SZA-2016,10.25,,,10.25,10.25,0.0,0,0.0
819,5391,2019-12-04,SZA-2016,10.25,,,10.25,10.25,0.0,0,0.0
820,5455,2019-12-05,SZA-2016,10.25,,,10.25,10.25,0.0,0,0.0
821,5431,2019-12-06,SZA-2016,10.25,,,10.25,10.25,0.0,0,0.0
822,5400,2019-12-09,SZA-2016,10.25,,,10.25,10.25,0.0,0,0.0
823,5447,2019-12-10,SZA-2016,10.25,,,10.25,10.25,0.0,0,0.0
824,5440,2019-12-11,SZA-2016,10.25,,,10.25,10.25,0.0,0,0.0
825,5404,2019-12-12,SZA-2016,10.25,,,10.25,10.25,0.0,0,0.0
826,5505,2019-12-13,SZA-2016,10.25,,,10.25,10.25,0.0,0,0.0
827,5468,2019-12-16,SZA-2016,10.25,,,10.25,10.25,0.0,0,0.0
828,5461,2019-12-17,SZA-2016,10.25,,,10.25,10.25,0.0,0,0.0
829,5513,2019-12-18,SZA-2016,9.23,9.23,9.23,9.23,9.23,1.0,9.23,-0.0995121951219512
830,5489,2019-12-19,SZA-2016,8.31,8.31,8.31,8.31,8.31,1.0,8.31,-0.09967497291440952
831,5469,2019-12-20,SZA-2016,7.48,7.48,7.48,7.48,7.48,1.0,7.48,-0.09987966305655838
832,5499,2019-12-23,SZA-2016,6.73,6.73,6.73,6.73,6.73,1.0,6.73,-0.10026737967914434
833,5480,2019-12-24,SZA-2016,6.73,,,6.73,6.73,0.0,0,0.0
834,5596,2019-12-25,SZA-2016,6.06,6.06,6.06,6.06,6.06,1.0,6.06,-0.09955423476968805
835,5560,2019-12-26,SZA-2016,6.06,,,6.06,6.06,0.0,0,0.0
836,5538,2019-12-27,SZA-2016,5.45,5.45,5.45,5.45,5.45,201.0,1095.45,-0.1006600660066006
837,5553,2019-12-30,SZA-2016,5.45,,,5.45,5.45,13000.0,65000,0.0
838,5531,2019-12-31,SZA-2016,4.91,4.91,4.91,4.91,4.91,1.0,4.91,-0.09908256880733946
839,5524,2020-01-02,SZA-2016,5.3,5.3,4.42,4.42,4.42,7.0,35.34,-0.09979633401221999
840,5601,2020-01-03,SZA-2016,4.42,,,4.42,4.42,0.0,0,0.0
841,5570,2020-01-06,SZA-2016,4.42,,,4.42,4.42,0.0,0,0.0
842,5563,2020-01-07,SZA-2016,4.42,,,4.42,4.42,0.0,0,0.0
843,5610,2020-01-08,SZA-2016,4.86,4.86,4.86,4.86,4.86,101.0,490.42,0.09954751131221728
844,5581,2020-01-09,SZA-2016,4.86,,,4.86,4.86,0.0,0,0.0
845,5574,2020-01-10,SZA-2016,4.42,,,4.42,4.42,0.0,0,-0.09053497942386834
846,5613,2020-01-13,SZA-2016,4.42,,,4.42,4.42,0.0,0,0.0
847,5585,2020-01-14,SZA-2016,4.42,,,4.42,4.42,0.0,0,0.0
848,5544,2020-01-15,SZA-2016,4.42,,,4.42,4.42,0.0,0,0.0
849,5661,2020-01-16,SZA-2016,4.42,,,4.42,4.42,0.0,0,0.0
850,5636,2020-01-17,SZA-2016,4.42,,,4.42,4.42,0.0,0,0.0
851,5618,2020-01-20,SZA-2016,4.42,,,4.42,4.42,0.0,0,0.0
852,5668,2020-01-21,SZA-2016,4.42,,,4.42,4.42,0.0,0,0.0
853,5645,2020-01-22,SZA-2016,4.42,,,4.42,4.42,0.0,0,0.0
854,5676,2020-01-23,SZA-2016,4.42,,,4.42,4.42,0.0,0,0.0
855,5658,2020-02-10,SZA-2016,4.42,,,4.42,4.42,0.0,0,0.0
856,5651,2020-02-11,SZA-2016,4.42,,,4.42,4.42,0.0,0,0.0
857,5771,2020-02-12,SZA-2016,4.42,,,4.42,4.42,0.0,0,0.0
858,5740,2020-02-13,SZA-2016,4.42,,,4.42,4.42,0.0,0,0.0
859,5724,2020-02-14,SZA-2016,4.42,,,4.42,4.42,0.0,0,0.0
860,5697,2020-02-17,SZA-2016,4.86,4.86,4.86,4.86,4.86,1.0,4.86,0.09954751131221728
861,5690,2020-02-18,SZA-2016,5.35,5.35,5.35,5.35,5.35,1.0,5.35,0.10082304526748964
862,5683,2020-02-19,SZA-2016,5.89,5.89,5.89,5.89,5.89,1.0,5.89,0.10093457943925244
863,5716,2020-02-20,SZA-2016,6.48,6.48,6.48,6.48,6.48,1.0,6.48,0.10016977928692716
864,5709,2020-02-21,SZA-2016,5.83,7.13,5.83,7.13,7.13,2.0,12.96,0.10030864197530853
865,5702,2020-02-24,SZA-2016,7.13,,,7.13,7.13,0.0,0,0.0
866,5775,2020-02-25,SZA-2016,7.84,7.84,7.84,7.84,7.84,1.0,7.84,0.09957924263674611
867,5764,2020-02-26,SZA-2016,8.62,8.62,8.62,8.62,8.62,1.0,8.62,0.09948979591836737
868,5731,2020-02-27,SZA-2016,9.48,9.48,9.48,9.48,9.48,1.0,9.48,0.09976798143851529
869,5755,2020-02-28,SZA-2016,9.48,,,9.48,9.48,0.0,0,0.0
870,5748,2020-03-02,SZA-2016,9.48,,,9.48,9.48,0.0,0,0.0
871,5725,2020-03-03,SZA-2016,9.48,,,9.48,9.48,0.0,0,0.0
872,5806,2020-03-04,SZA-2016,9.48,,,9.48,9.48,0.0,0,0.0
873,5786,2020-03-05,SZA-2016,9.48,,,9.48,9.48,0.0,0,0.0
874,5836,2020-03-06,SZA-2016,9.48,,,9.48,9.48,0.0,0,0.0
875,5816,2020-03-09,SZA-2016,9.48,,,9.48,9.48,0.0,0,0.0
876,5792,2020-03-10,SZA-2016,10.43,10.43,10.43,10.43,10.43,1.0,10.43,0.10021097046413496
877,5838,2020-03-11,SZA-2016,10.43,,,10.43,10.43,0.0,0,0.0
878,5821,2020-03-12,SZA-2016,10.43,,,10.43,10.43,0.0,0,0.0
879,5797,2020-03-13,SZA-2016,10.43,,,10.43,10.43,0.0,0,0.0
880,5868,2020-03-16,SZA-2016,11.0,11.0,11.0,11.0,11.0,1.0,11.00,0.05465004793863848
881,5861,2020-03-17,SZA-2016,11.0,,,11.0,11.0,0.0,0,0.0
882,5843,2020-03-18,SZA-2016,11.0,,,11.0,11.0,0.0,0,0.0
883,5912,2020-03-19,SZA-2016,11.0,,,11.0,11.0,0.0,0,0.0
884,5879,2020-03-20,SZA-2016,11.0,,,11.0,11.0,0.0,0,0.0
885,5847,2020-03-23,SZA-2016,11.0,,,11.0,11.0,0.0,0,0.0
886,5918,2020-03-24,SZA-2016,11.0,,,11.0,11.0,0.0,0,0.0
887,5885,2020-03-25,SZA-2016,11.0,,,11.0,11.0,0.0,0,0.0
888,5852,2020-03-26,SZA-2016,12.1,12.1,12.1,12.1,12.1,1.0,12.10,0.09999999999999987
889,5899,2020-03-27,SZA-2016,12.1,,,12.1,12.1,0.0,0,0.0
890,5892,2020-03-30,SZA-2016,12.1,,,12.1,12.1,0.0,0,0.0
891,5869,2020-03-31,SZA-2016,12.1,,,12.1,12.1,0.0,0,0.0
892,5933,2020-04-01,SZA-2016,13.31,13.31,13.31,13.31,13.31,1.0,13.31,0.10000000000000009
893,5926,2020-04-02,SZA-2016,13.31,,,13.31,13.31,0.0,0,0.0
894,5999,2020-04-03,SZA-2016,13.31,,,13.31,13.31,0.0,0,0.0
895,5970,2020-04-07,SZA-2016,13.31,,,13.31,13.31,0.0,0,0.0
896,5945,2020-04-08,SZA-2016,14.64,14.64,14.64,14.64,14.64,1.0,14.64,0.09992486851990989
897,5983,2020-04-09,SZA-2016,14.64,,,14.64,14.64,0.0,0,0.0
898,5976,2020-04-10,SZA-2016,15.56,,,15.56,15.56,0.0,0,0.06284153005464477
899,5950,2020-04-13,SZA-2016,15.56,,,15.56,15.56,0.0,0,0.0
900,5993,2020-04-14,SZA-2016,16.1,16.1,16.1,16.1,16.1,1.0,16.10,0.03470437017994854
901,5986,2020-04-15,SZA-2016,16.1,,,16.1,16.1,0.0,0,0.0
902,5957,2020-04-16,SZA-2016,16.1,,,16.1,16.1,0.0,0,0.0
903,5961,2020-04-16,SZA-2016,19.48,,,19.48,19.48,0.0,0,0.2099378881987577
904,6028,2020-04-17,SZA-2016,17.71,17.71,17.71,17.71,17.71,1.0,17.71,-0.09086242299794656
905,6021,2020-04-20,SZA-2016,17.71,,,17.71,17.71,0.0,0,0.0
906,6001,2020-04-21,SZA-2016,17.71,,,17.71,17.71,0.0,0,0.0
907,6086,2020-04-22,SZA-2016,17.71,,,17.71,17.71,0.0,0,0.0
908,6049,2020-04-23,SZA-2016,17.71,,,17.71,17.71,0.0,0,0.0
909,6015,2020-04-24,SZA-2016,17.71,,,17.71,17.71,0.0,0,0.0
910,6045,2020-04-27,SZA-2016,17.71,,,17.71,17.71,0.0,0,0.0
911,6013,2020-04-28,SZA-2016,19.48,19.48,19.48,19.48,19.48,1.0,19.48,0.09994353472614348
912,6098,2020-04-30,SZA-2016,19.48,,,19.48,19.48,0.0,0,0.0
913,6069,2020-05-06,SZA-2016,21.0,21.0,21.0,21.0,21.0,1.0,21.00,0.07802874743326482
914,6094,2020-05-07,SZA-2016,21.0,,,21.0,21.0,0.0,0,0.0
915,6062,2020-05-08,SZA-2016,21.0,,,21.0,21.0,0.0,0,0.0
916,6036,2020-05-11,SZA-2016,21.0,,,21.0,21.0,0.0,0,0.0
917,6137,2020-05-12,SZA-2016,21.0,,,21.0,21.0,0.0,0,0.0
918,6130,2020-05-13,SZA-2016,21.0,,,21.0,21.0,0.0,0,0.0
919,6113,2020-05-14,SZA-2016,21.0,,,21.0,21.0,0.0,0,0.0
920,6127,2020-05-15,SZA-2016,21.0,,,21.0,21.0,0.0,0,0.0
921,6109,2020-05-18,SZA-2016,21.0,,,21.0,21.0,0.0,0,0.0
922,6081,2020-05-19,SZA-2016,21.0,,,21.0,21.0,11014.0,161905.8,0.0
923,6156,2020-05-20,SZA-2016,21.0,,,21.0,21.0,0.0,0,0.0
924,6149,2020-05-21,SZA-2016,21.0,,,21.0,21.0,0.0,0,0.0
925,6142,2020-05-22,SZA-2016,21.0,,,21.0,21.0,0.0,0,0.0
926,6205,2020-05-25,SZA-2016,23.1,23.1,23.1,23.1,23.1,1.0,23.10,0.10000000000000009
927,6198,2020-05-26,SZA-2016,25.41,25.41,25.41,25.41,25.41,1.0,25.41,0.09999999999999987
928,6169,2020-05-27,SZA-2016,25.41,,,25.41,25.41,0.0,0,0.0
929,6181,2020-05-28,SZA-2016,25.41,,,25.41,25.41,0.0,0,0.0
930,6167,2020-05-29,SZA-2016,27.95,27.95,27.95,27.95,27.95,1.0,27.95,0.0999606454151909
931,6226,2020-06-01,SZA-2016,30.75,30.75,25.16,25.16,25.16,2.0,55.91,-0.09982110912343467
932,6221,2020-06-02,SZA-2016,27.68,27.68,27.68,27.68,27.68,1.0,27.68,0.10015898251192357
933,6193,2020-06-03,SZA-2016,24.91,30.45,24.91,30.45,30.45,3.0,85.81,0.10007225433526012
934,6259,2020-06-04,SZA-2016,33.5,33.5,33.5,33.5,33.5,1.0,33.50,0.10016420361247946
935,6245,2020-06-05,SZA-2016,30.15,36.85,30.15,30.15,30.15,3.0,97.15,-0.10000000000000009
936,6216,2020-06-08,SZA-2016,33.17,33.17,33.17,33.17,33.17,2.0,66.34,0.10016583747927044
937,6256,2020-06-09,SZA-2016,29.85,29.85,29.85,29.85,29.85,88.0,2626.80,-0.10009044317154059
938,6238,2020-06-10,SZA-2016,26.87,32.84,26.87,32.84,32.84,2.0,59.71,0.10016750418760467
939,6210,2020-06-11,SZA-2016,29.56,36.12,29.56,36.12,36.12,3726.0,110147.12,0.09987819732034087
940,6304,2020-06-12,SZA-2016,39.73,39.73,39.73,39.73,39.73,1.0,39.73,0.09994462901439638
941,6297,2020-06-15,SZA-2016,39.73,,,39.73,39.73,0.0,0,0.0
942,6269,2020-06-16,SZA-2016,35.76,35.76,35.76,35.76,35.76,1.0,35.76,-0.09992449030958972
943,6294,2020-06-17,SZA-2016,35.76,,,35.76,35.76,0.0,0,0.0
944,6287,2020-06-18,SZA-2016,35.76,,,35.76,35.76,0.0,0,0.0
945,6262,2020-06-19,SZA-2016,32.18,32.18,32.18,32.18,32.18,1.0,32.18,-0.10011185682326618
946,6313,2020-06-22,SZA-2016,32.18,,,32.18,32.18,0.0,0,0.0
947,6283,2020-06-23,SZA-2016,35.4,35.4,35.4,35.4,35.4,1.0,35.40,0.10006215040397759
948,6276,2020-06-24,SZA-2016,31.86,31.86,31.86,31.86,31.86,1.0,31.86,-0.09999999999999998
949,6344,2020-06-29,SZA-2016,31.86,,,31.86,31.86,0.0,0,0.0
950,6327,2020-06-30,SZA-2016,31.86,,,31.86,31.86,0.0,0,0.0
951,6320,2020-07-01,SZA-2016,35.05,35.05,35.05,35.05,35.05,1.0,35.05,0.10012554927809147
952,6379,2020-07-02,SZA-2016,35.05,,,35.05,35.05,0.0,0,0.0
953,6336,2020-07-03,SZA-2016,38.56,38.56,38.56,38.56,38.56,1.0,38.56,0.10014265335235395
954,6410,2020-07-06,SZA-2016,34.7,34.7,34.7,34.7,34.7,2.0,69.40,-0.100103734439834
955,6387,2020-07-07,SZA-2016,38.17,38.17,31.23,31.23,31.23,2.0,69.40,-0.10000000000000009
956,6355,2020-07-08,SZA-2016,34.35,34.35,34.35,34.35,34.35,1.0,34.35,0.09990393852065327
957,6418,2020-07-09,SZA-2016,30.92,30.92,30.92,30.92,30.92,1.0,30.92,-0.0998544395924309
958,6406,2020-07-10,SZA-2016,27.83,34.01,27.83,34.01,34.01,2.0,61.84,0.09993531694695967
959,6375,2020-07-13,SZA-2016,37.41,37.41,37.41,37.41,37.41,7.0,261.87,0.09997059688326959
960,6399,2020-07-14,SZA-2016,41.0,41.0,41.0,41.0,41.0,5.0,205.00,0.09596364608393482
961,6370,2020-07-15,SZA-2016,45.1,45.1,36.9,36.9,36.9,4.0,155.80,-0.10000000000000009
962,6363,2020-07-16,SZA-2016,33.21,33.21,33.21,33.21,33.21,1.0,33.21,-0.09999999999999998
963,6456,2020-07-20,SZA-2016,32.88,32.88,32.88,32.88,32.88,1.0,32.88,-0.009936766034326916
964,6449,2020-07-21,SZA-2016,29.59,29.59,29.59,29.59,29.59,3.0,88.77,-0.10006082725060839
965,6442,2020-07-22,SZA-2016,26.63,32.55,26.63,32.55,32.55,2460.0,65533.48,0.10003379520108147
966,6497,2020-07-23,SZA-2016,26.63,35.81,29.3,29.3,29.3,25.0,765.05,-0.09984639016897068
967,6468,2020-07-24,SZA-2016,26.37,32.23,26.37,32.23,32.23,3.0,84.97,0.09999999999999987
968,6461,2020-07-27,SZA-2016,35.45,35.45,29.01,29.01,29.01,4.0,122.48,-0.09990691901954685
969,6567,2020-07-28,SZA-2016,26.11,31.91,26.11,31.91,31.91,3.0,84.13,0.09996552912788692
970,6535,2020-07-29,SZA-2016,23.5,28.72,23.5,28.72,28.72,1913.0,44971.16,-0.09996866186148545
971,6483,2020-07-30,SZA-2016,31.59,31.59,31.59,31.59,31.59,3.0,94.77,0.09993036211699158
972,6433,2020-07-31,SZA-2016,34.75,34.75,34.75,34.75,34.75,4.0,139.00,0.10003165558721117
973,6426,2020-08-03,SZA-2016,38.23,38.23,38.23,38.23,38.23,13028.0,319529.25,0.10014388489208614
974,6554,2020-08-04,SZA-2016,42.05,42.05,42.05,42.05,42.05,3.0,126.15,0.09992152759612871
975,6507,2020-08-05,SZA-2016,46.26,46.26,46.26,46.26,46.26,1.0,46.26,0.10011890606420937
976,6476,2020-08-06,SZA-2016,50.89,50.89,50.89,50.89,50.89,2.0,101.78,0.10008646779074803
977,6559,2020-08-07,SZA-2016,50.89,,,50.89,50.89,0.0,0,0.0
978,6516,2020-08-10,SZA-2016,50.89,50.89,50.89,50.89,50.89,2.0,101.78,0.0
979,6509,2020-08-11,SZA-2016,55.98,55.98,55.98,55.98,55.98,1.0,55.98,0.10001965022597759
980,6562,2020-08-12,SZA-2016,50.38,50.38,50.38,50.38,50.38,1.0,50.38,-0.10003572704537322
981,6527,2020-08-13,SZA-2016,45.34,45.34,45.34,45.34,45.34,21.0,952.14,-0.10003969829297343
982,6520,2020-08-14,SZA-2016,40.81,40.81,40.81,40.81,40.81,10.0,408.10,-0.09991177767975301
983,6576,2020-08-17,SZA-2016,40.81,,,40.81,40.81,0.0,0,0.0
984,6544,2020-08-18,SZA-2016,36.73,36.73,36.73,36.73,36.73,10.0,367.30,-0.09997549620191137
985,6490,2020-08-19,SZA-2016,36.73,,,36.73,36.73,10000.0,258000,0.0
986,6595,2020-08-20,SZA-2016,36.73,,,36.73,36.73,0.0,0,0.0
987,6588,2020-08-21,SZA-2016,40.4,40.4,40.4,40.4,40.4,2.0,80.80,0.09991832289681457
988,6581,2020-08-24,SZA-2016,40.4,,,40.4,40.4,0.0,0,0.0
989,6719,2020-08-25,SZA-2016,36.36,44.44,36.36,36.36,36.36,3.0,117.16,-0.09999999999999998
990,6712,2020-08-26,SZA-2016,32.72,40.0,32.72,40.0,40.0,1013.0,33152.64,0.10011001100110017
991,6700,2020-08-27,SZA-2016,36.0,36.0,36.0,36.0,36.0,200.0,7200.00,-0.09999999999999998
992,6729,2020-08-31,SZA-2016,36.0,,,36.0,36.0,0.0,0,0.0
993,6722,2020-09-01,SZA-2016,36.0,,,36.0,36.0,0.0,0,0.0
994,6652,2020-09-02,SZA-2016,39.6,39.6,39.6,39.6,39.6,1.0,39.60,0.10000000000000009
995,6623,2020-09-03,SZA-2016,43.56,43.56,43.56,43.56,43.56,1.0,43.56,0.10000000000000009
996,6616,2020-09-04,SZA-2016,47.5,47.5,47.5,47.5,47.5,39.0,1852.50,0.09044995408631773
997,6641,2020-09-07,SZA-2016,52.25,52.25,52.25,52.25,52.25,1.0,52.25,0.10000000000000009
998,6634,2020-09-08,SZA-2016,57.48,57.48,57.48,57.48,57.48,1.0,57.48,0.10009569377990424
999,6609,2020-09-09,SZA-2016,51.73,51.73,51.73,51.73,51.73,1.0,51.73,-0.10003479471120391
1000,6697,2020-09-10,SZA-2016,46.56,46.56,46.56,46.56,46.56,1.0,46.56,-0.09994200657258834
1001,6686,2020-09-11,SZA-2016,41.9,41.9,41.9,41.9,41.9,263.0,11019.70,-0.10008591065292105
1002,6668,2020-09-14,SZA-2016,37.71,37.71,37.71,37.71,37.71,1.0,37.71,-0.09999999999999998
1003,6756,2020-09-15,SZA-2016,33.94,33.94,33.94,33.94,33.94,459.0,15578.46,-0.09997348183505705
1004,6749,2020-09-16,SZA-2016,30.55,30.55,30.55,30.55,30.55,1.0,30.55,-0.099882144961697
1005,6742,2020-09-17,SZA-2016,27.5,27.5,27.5,27.5,27.5,1.0,27.50,-0.09983633387888713
1006,6655,2020-09-18,SZA-2016,24.75,30.25,24.75,30.25,30.25,4851.0,120078.75,0.10000000000000009
1007,6645,2020-09-21,SZA-2016,27.23,27.23,27.23,27.23,27.23,4548.0,123842.04,-0.09983471074380168
1008,6612,2020-09-22,SZA-2016,24.51,24.51,24.51,24.51,24.51,15155.0,292184.25,-0.09988982739625407
1009,6689,2020-09-23,SZA-2016,22.06,22.06,22.06,22.06,22.06,1813.0,39994.78,-0.09995920032639749
1010,6674,2020-09-24,SZA-2016,19.85,24.27,19.85,24.27,24.27,22540.0,447432.26,0.10018132366273802
1011,6660,2020-09-25,SZA-2016,21.84,26.7,21.84,26.7,26.7,5734.0,125235.42,0.10012360939431386
1012,6773,2020-09-26,SZA-2016,29.37,29.37,29.37,29.37,29.37,1.0,29.37,0.10000000000000009
1013,6766,2020-09-27,SZA-2016,29.37,,,29.37,29.37,0.0,0,0.0
1014,6811,2020-09-28,SZA-2016,26.43,32.31,26.43,32.31,32.31,3873.0,102375.15,0.10010214504596537
1015,6804,2020-09-29,SZA-2016,35.54,35.54,35.54,35.54,35.54,1.0,35.54,0.09996904982977406
1016,6779,2020-09-30,SZA-2016,35.54,,,35.54,35.54,0.0,0,0.0
1017,6827,2020-10-09,SZA-2016,31.99,31.99,31.99,31.99,31.99,2.0,63.98,-0.0998874507597074
1018,6803,2020-10-12,SZA-2016,28.79,28.79,28.79,28.79,28.79,2.0,57.58,-0.10003125976867766
1019,6796,2020-10-13,SZA-2016,25.91,25.91,25.91,25.91,25.91,2.0,51.82,-0.10003473428273701
1020,6876,2020-10-14,SZA-2016,23.32,23.32,23.32,23.32,23.32,1.0,23.32,-0.09996140486298721
1021,6844,2020-10-15,SZA-2016,20.99,20.99,20.99,20.99,20.99,2.0,41.98,-0.09991423670668964
1022,6815,2020-10-16,SZA-2016,18.89,18.89,18.89,18.89,18.89,2.0,37.78,-0.10004764173415903
1023,6883,2020-10-19,SZA-2016,17.0,17.0,17.0,17.0,17.0,2.0,34.00,-0.10005293806246696
1024,6856,2020-10-20,SZA-2016,15.3,15.3,15.3,15.3,15.3,2.0,30.60,-0.09999999999999998
1025,6819,2020-10-21,SZA-2016,13.77,13.77,13.77,13.77,13.77,2.0,27.54,-0.10000000000000009
1026,6875,2020-10-22,SZA-2016,12.39,12.39,12.39,12.39,12.39,1.0,12.39,-0.10021786492374718
1027,6868,2020-10-23,SZA-2016,11.15,11.15,11.15,11.15,11.15,1.0,11.15,-0.10008071025020182
1028,6834,2020-10-26,SZA-2016,10.04,10.04,10.04,10.04,10.04,1.0,10.04,-0.09955156950672661
1029,34,2020-10-27,SZA-2016,9.04,9.04,9.04,9.04,9.04,1.0,9.04,-0.09960159362549803
1030,27,2020-10-28,SZA-2016,8.14,8.14,8.14,8.14,8.14,761.0,6194.54,-0.09955752212389368
1031,20,2020-10-29,SZA-2016,7.33,7.33,7.33,7.33,7.33,1.0,7.33,-0.09950859950859958
1032,73,2020-10-30,SZA-2016,6.6,6.6,6.6,6.6,6.6,1.0,6.60,-0.09959072305593453
1033,66,2020-11-02,SZA-2016,5.95,5.95,5.95,5.95,5.95,3.0,17.85,-0.0984848484848484
1034,175,2020-11-03,SZA-2016,5.36,5.36,5.36,5.36,5.36,1.0,5.36,-0.0991596638655462
1035,168,2020-11-04,SZA-2016,5.9,5.9,4.82,4.82,4.82,2427.0,11699.22,-0.10074626865671643
1036,134,2020-11-05,SZA-2016,4.82,,,4.82,4.82,0.0,0,0.0
1037,156,2020-11-06,SZA-2016,4.82,,,4.82,4.82,0.0,0,0.0
1038,120,2020-11-09,SZA-2016,4.82,,,4.82,4.82,0.0,0,0.0
1039,104,2020-11-10,SZA-2016,4.82,,,4.82,4.82,0.0,0,0.0
1040,100,2020-11-11,SZA-2016,4.82,,,4.82,4.82,0.0,0,0.0
1041,90,2020-11-12,SZA-2016,4.82,,,4.82,4.82,0.0,0,0.0
1042,83,2020-11-13,SZA-2016,4.82,,,4.82,4.82,0.0,0,0.0
1043,191,2020-11-16,SZA-2016,4.82,,,4.82,4.82,0.0,0,0.0
1044,150,2020-11-17,SZA-2016,4.82,,,4.82,4.82,0.0,0,0.0
1045,117,2020-11-18,SZA-2016,4.34,4.34,4.34,4.34,4.34,379.0,1644.86,-0.09958506224066399
1046,183,2020-11-19,SZA-2016,4.34,,,4.34,4.34,0.0,0,0.0
1047,176,2020-11-20,SZA-2016,4.34,,,4.34,4.34,0.0,0,0.0
1048,113,2020-11-23,SZA-2016,4.77,4.77,4.77,4.77,4.77,1.0,4.77,0.09907834101382473
1049,163,2020-11-24,SZA-2016,4.29,5.25,4.29,5.25,5.25,3.0,13.83,0.10062893081761026
1050,129,2020-11-25,SZA-2016,5.78,5.78,5.78,5.78,5.78,1.0,5.78,0.1009523809523809
1051,109,2020-11-26,SZA-2016,5.2,6.36,5.2,5.2,5.2,3.0,16.76,-0.10034602076124566
1052,53,2020-11-27,SZA-2016,5.72,5.72,4.68,4.68,4.68,2.0,10.40,-0.10000000000000009
1053,46,2020-11-30,SZA-2016,4.21,5.15,4.21,5.15,5.15,2.0,9.36,0.10042735042735051
1054,219,2020-12-01,SZA-2016,5.67,5.67,5.67,5.67,5.67,1.0,5.67,0.10097087378640768
1055,212,2020-12-02,SZA-2016,5.1,5.1,5.1,5.1,5.1,1.0,5.10,-0.10052910052910058
1056,205,2020-12-03,SZA-2016,5.61,5.61,4.59,4.59,4.59,2.0,10.20,-0.09999999999999998
1057,303,2020-12-04,SZA-2016,5.05,5.05,4.13,4.13,4.13,4.0,19.28,-0.10021786492374729
1058,265,2020-12-07,SZA-2016,4.54,4.54,3.72,3.72,3.72,2.0,8.26,-0.09927360774818395
1059,244,2020-12-08,SZA-2016,4.09,4.09,4.09,4.09,4.09,1.0,4.09,0.09946236559139776
1060,348,2020-12-09,SZA-2016,4.09,,,4.09,4.09,0.0,0,0.0
1061,307,2020-12-10,SZA-2016,4.09,,,4.09,4.09,0.0,0,0.0
1062,253,2020-12-11,SZA-2016,4.09,,,4.09,4.09,0.0,0,0.0
1063,364,2020-12-14,SZA-2016,4.09,,,4.09,4.09,0.0,0,0.0
1064,326,2020-12-15,SZA-2016,4.5,4.5,4.5,4.5,4.5,1.0,4.50,0.10024449877750619
1065,259,2020-12-16,SZA-2016,4.95,4.95,4.95,4.95,4.95,1.0,4.95,0.10000000000000009
1066,317,2020-12-17,SZA-2016,4.95,,,4.95,4.95,0.0,0,0.0
1067,278,2020-12-18,SZA-2016,5.45,5.45,5.45,5.45,5.45,1.0,5.45,0.101010101010101
1068,254,2020-12-21,SZA-2016,5.45,,,5.45,5.45,0.0,0,0.0
1069,336,2020-12-22,SZA-2016,5.45,,,5.45,5.45,0.0,0,0.0
1070,291,2020-12-23,SZA-2016,5.45,,,5.45,5.45,0.0,0,0.0
1071,376,2020-12-24,SZA-2016,6.0,6.0,6.0,6.0,6.0,1.0,6.00,0.10091743119266061
1072,342,2020-12-25,SZA-2016,6.6,6.6,6.6,6.6,6.6,2.0,13.2,0.09999999999999987
1073,297,2020-12-28,SZA-2016,7.26,7.26,7.26,7.26,7.26,11.0,79.86,0.10000000000000009
1074,6894,2020-12-29,SZA-2016,7.99,7.99,7.99,7.99,7.99,1.0,7.99,0.1005509641873279
1075,6887,2020-12-30,SZA-2016,7.19,8.1,7.19,8.1,8.1,2.0,15.29,0.013767209011263937
1076,6859,2020-12-31,SZA-2016,7.8,7.8,7.8,7.8,7.8,2.0,15.60,-0.03703703703703698
1077,6917,2021-01-04,SZA-2016,7.8,,,7.8,7.8,0.0,0,0.0
1078,6910,2021-01-05,SZA-2016,7.8,,,7.8,7.8,0.0,0,0.0
1079,6903,2021-01-06,SZA-2016,8.58,8.58,8.58,8.58,8.58,1.0,8.58,0.10000000000000009
1080,6952,2021-01-07,SZA-2016,8.58,,,8.58,8.58,0.0,0,0.0
1081,6929,2021-01-08,SZA-2016,9.44,9.44,9.44,9.44,9.44,1.0,9.44,0.10023310023310006
1082,6922,2021-01-11,SZA-2016,9.44,,,9.44,9.44,0.0,0,0.0
1083,6964,2021-01-12,SZA-2016,9.44,,,9.44,9.44,0.0,0,0.0
1084,6957,2021-01-13,SZA-2016,10.38,10.38,10.38,10.38,10.38,1.0,10.38,0.09957627118644075
1085,6937,2021-01-14,SZA-2016,11.42,11.42,9.34,9.34,9.34,2.0,20.76,-0.10019267822736044
1086,6973,2021-01-15,SZA-2016,9.34,,,9.34,9.34,0.0,0,0.0
1087,6950,2021-01-18,SZA-2016,10.27,10.27,10.27,10.27,10.27,1.0,10.27,0.0995717344753746
1088,6943,2021-01-19,SZA-2016,11.3,11.3,11.3,11.3,11.3,1.0,11.30,0.1002921129503409
1089,7010,2021-01-20,SZA-2016,12.43,12.43,12.43,12.43,12.43,1.0,12.43,0.09999999999999987
1090,7003,2021-01-21,SZA-2016,12.43,,,12.43,12.43,0.0,0,0.0
1091,7050,2021-01-22,SZA-2016,13.67,13.67,11.19,11.19,11.19,2.0,24.86,-0.09975864843121485
1092,7019,2021-01-25,SZA-2016,10.07,10.07,10.07,10.07,10.07,1.0,10.07,-0.10008936550491498
1093,6991,2021-01-26,SZA-2016,9.06,11.08,9.06,11.08,11.08,2.0,20.14,0.10029791459781534
1094,7058,2021-01-27,SZA-2016,9.97,9.97,9.97,9.97,9.97,1.0,9.97,-0.10018050541516244
1095,7043,2021-01-28,SZA-2016,9.97,,,9.97,9.97,0.0,0,0.0
1096,7001,2021-01-29,SZA-2016,8.97,8.97,8.97,8.97,8.97,1.0,8.97,-0.10030090270812442
1097,7051,2021-02-01,SZA-2016,8.07,8.07,8.07,8.07,8.07,1.0,8.07,-0.10033444816053516
1098,7031,2021-02-02,SZA-2016,7.26,7.26,7.26,7.26,7.26,1.0,7.26,-0.10037174721189601
1099,6995,2021-02-03,SZA-2016,7.26,,,7.26,7.26,0.0,0,0.0
1100,7076,2021-02-04,SZA-2016,7.26,,,7.26,7.26,0.0,0,0.0
1101,7069,2021-02-05,SZA-2016,7.26,,,7.26,7.26,0.0,0,0.0
1102,7062,2021-02-08,SZA-2016,7.26,,,7.26,7.26,0.0,0,0.0
1103,7095,2021-02-09,SZA-2016,7.26,,,7.26,7.26,0.0,0,0.0
1104,7088,2021-02-10,SZA-2016,7.26,,,7.26,7.26,0.0,0,0.0
1105,7081,2021-02-18,SZA-2016,7.26,,,7.26,7.26,0.0,0,0.0
1106,7134,2021-02-19,SZA-2016,7.26,,,7.26,7.26,0.0,0,0.0
1107,7127,2021-02-22,SZA-2016,7.26,,,7.26,7.26,0.0,0,0.0
1108,7103,2021-02-23,SZA-2016,7.26,,,7.26,7.26,0.0,0,0.0
1109,7160,2021-02-24,SZA-2016,7.26,,,7.26,7.26,0.0,0,0.0
1110,7153,2021-02-25,SZA-2016,7.26,,,7.26,7.26,0.0,0,0.0
1111,7152,2021-02-26,SZA-2016,7.26,,,7.26,7.26,0.0,0,0.0
1112,7116,2021-03-01,SZA-2016,7.26,,,7.26,7.26,0.0,0,0.0
1113,7109,2021-03-02,SZA-2016,7.26,,,7.26,7.26,0.0,0,0.0
1114,7224,2021-03-03,SZA-2016,7.26,,,7.26,7.26,0.0,0,0.0
1115,7204,2021-03-04,SZA-2016,7.99,7.99,6.99,6.99,6.99,101.0,805.99,-0.037190082644628086
1116,7179,2021-03-05,SZA-2016,6.99,,,6.99,6.99,0.0,0,0.0
1117,7215,2021-03-08,SZA-2016,6.99,,,6.99,6.99,0.0,0,0.0
1118,7188,2021-03-09,SZA-2016,7.69,7.69,7.69,7.69,7.69,50.0,384.50,0.10014306151645203
1119,7144,2021-03-10,SZA-2016,7.5,8.46,7.0,8.46,8.46,658.0,5182.46,0.10013003901170348
1120,7198,2021-03-11,SZA-2016,7.7,9.31,7.7,9.31,9.31,12.0,95.62,0.10047281323877066
1121,7171,2021-03-12,SZA-2016,8.38,10.24,8.38,10.24,10.24,2201.0,19576.24,0.0998925886143931
1122,7138,2021-03-15,SZA-2016,9.22,10.0,9.22,10.0,10.0,4001.0,37330.00,-0.0234375
1123,7235,2021-03-16,SZA-2016,10.0,,,10.0,10.0,0.0,0,0.0
1124,7228,2021-03-17,SZA-2016,10.0,,,10.0,10.0,0.0,0,0.0
1125,7219,2021-03-18,SZA-2016,10.0,,,10.0,10.0,0.0,0,0.0
1126,7254,2021-03-19,SZA-2016,10.0,,,10.0,10.0,0.0,0,0.0
1127,7247,2021-03-22,SZA-2016,10.0,,,10.0,10.0,0.0,0,0.0
1128,7240,2021-03-23,SZA-2016,10.0,,,10.0,10.0,0.0,0,0.0
1129,7346,2021-03-24,SZA-2016,10.0,,,10.0,10.0,0.0,0,0.0
1130,7295,2021-03-25,SZA-2016,10.001,,,10.0,10.0,0.0,0,0.0
1131,7357,2021-03-26,SZA-2016,10.0,,,10.0,10.0,0.0,0,0.0
1132,7307,2021-03-29,SZA-2016,10.0,,,10.0,10.0,0.0,0,0.0
1133,7300,2021-03-30,SZA-2016,10.0,,,10.0,10.0,0.0,0,0.0
1134,7369,2021-03-31,SZA-2016,10.0,,,10.0,10.0,0.0,0,0.0
1135,7323,2021-04-01,SZA-2016,10.0,,,10.0,10.0,0.0,0,0.0
1136,7281,2021-04-02,SZA-2016,9.0,9.0,9.0,9.0,9.0,1.0,9.00,-0.09999999999999998
1137,7366,2021-04-06,SZA-2016,8.34,8.34,8.34,8.34,8.34,1.0,8.34,-0.07333333333333336
1138,7314,2021-04-07,SZA-2016,7.51,7.51,7.51,7.51,7.51,5.0,37.55,-0.09952038369304561
1139,7272,2021-04-08,SZA-2016,6.78,6.81,6.78,6.8,6.8,11064.0,75090.20,-0.09454061251664447
1140,7338,2021-04-09,SZA-2016,7.48,7.48,6.12,6.12,6.12,645.0,4823.24,-0.09999999999999998
1141,7331,2021-04-12,SZA-2016,6.12,,,6.12,6.12,0.0,0,0.0
1142,7287,2021-04-13,SZA-2016,5.51,5.51,5.51,5.51,5.51,2058.0,11339.58,-0.09967320261437917
1143,7395,2021-04-14,SZA-2016,5.51,,,5.51,5.51,0.0,0,0.0
1144,7363,2021-04-15,SZA-2016,5.51,,,5.51,5.51,0.0,0,0.0
1145,7310,2021-04-16,SZA-2016,5.51,,,5.51,5.51,0.0,0,0.0
1146,7383,2021-04-19,SZA-2016,5.51,,,5.51,5.51,0.0,0,0.0
1147,7376,2021-04-20,SZA-2016,6.06,6.06,4.96,4.96,4.96,83.0,500.78,-0.09981851179673318
1148,7339,2021-04-21,SZA-2016,4.46,4.46,4.46,4.46,4.46,2.0,8.92,-0.10080645161290325
1149,7413,2021-04-22,SZA-2016,4.91,4.91,4.91,4.91,4.91,1.0,4.91,0.10089686098654704
1150,7406,2021-04-23,SZA-2016,4.91,,,4.91,4.91,0.0,0,0.0
1151,7466,2021-04-26,SZA-2016,4.91,,,4.91,4.91,0.0,0,0.0
1152,7440,2021-04-27,SZA-2016,4.91,,,4.91,4.91,0.0,0,0.0
1153,7425,2021-04-28,SZA-2016,4.91,,,4.91,4.91,0.0,0,0.0
1154,7468,2021-04-29,SZA-2016,4.91,,,4.91,4.91,0.0,0,0.0
1155,7445,2021-04-30,SZA-2016,4.91,,,4.91,4.91,0.0,0,0.0
1156,7431,2021-05-06,SZA-2016,5.4,5.4,5.4,5.4,5.4,2.0,10.80,0.0997963340122201
1157,7506,2021-05-07,SZA-2016,5.4,,,5.4,5.4,0.0,0,0.0
1158,7481,2021-05-10,SZA-2016,5.4,,,5.4,5.4,0.0,0,0.0
1159,7454,2021-05-11,SZA-2016,5.4,,,5.4,5.4,0.0,0,0.0
1160,7511,2021-05-12,SZA-2016,5.94,5.94,5.94,5.94,5.94,1.0,5.94,0.10000000000000009
1161,7488,2021-05-13,SZA-2016,6.53,6.53,6.53,6.53,6.53,1.0,6.53,0.09932659932659926
1162,7457,2021-05-14,SZA-2016,7.18,7.18,5.88,7.18,7.18,4.0,27.42,0.09954058192955584
1163,7515,2021-05-17,SZA-2016,7.9,7.9,7.9,7.9,7.9,2.0,15.80,0.10027855153203347
1164,7496,2021-05-18,SZA-2016,7.55,8.69,7.55,8.69,8.69,5957.0,45497.47,0.09999999999999987
1165,7471,2021-05-19,SZA-2016,9.56,9.56,7.82,7.82,7.82,1405.0,13430.06,-0.10011507479861903
1166,7542,2021-05-20,SZA-2016,8.6,8.6,7.04,8.6,8.6,1073.0,9149.80,0.0997442455242965
1167,7535,2021-05-21,SZA-2016,9.46,9.46,7.74,9.46,9.46,6.0,55.04,0.10000000000000009
1168,7520,2021-05-24,SZA-2016,10.41,10.41,8.51,10.41,10.41,5201.0,54140.51,0.10042283298097243
1169,7549,2021-05-25,SZA-2016,11.45,11.45,11.45,11.45,11.45,1562.0,17882.97,0.09990393852065305
1170,7532,2021-05-26,SZA-2016,10.31,12.6,10.31,10.31,10.31,1411.0,15465.70,-0.09956331877729252
1171,7579,2021-05-27,SZA-2016,10.0,11.34,9.28,11.34,11.34,1605.0,17440.52,0.09990300678952457
1172,7572,2021-05-28,SZA-2016,10.21,12.47,10.21,12.47,12.47,107.0,1103.77,0.09964726631393295
1173,7565,2021-05-31,SZA-2016,13.72,13.72,11.22,13.72,13.72,10935.0,173670.70,0.10024057738572578
1174,7629,2021-06-01,SZA-2016,12.5,15.09,12.35,12.35,12.35,1108.0,13854.28,-0.09985422740524785
1175,7615,2021-06-02,SZA-2016,13.59,13.59,11.12,11.12,11.12,40.0,522.06,-0.09959514170040484
1176,7604,2021-06-03,SZA-2016,12.23,12.23,10.01,12.23,12.23,1012.0,12356.78,0.09982014388489224
1177,7597,2021-06-04,SZA-2016,13.45,13.45,11.01,11.01,11.01,1504.0,20219.04,-0.09975470155355692
1178,7590,2021-06-07,SZA-2016,9.91,12.11,9.91,9.91,9.91,3090.0,30813.30,-0.09990917347865569
1179,7583,2021-06-08,SZA-2016,8.92,8.92,8.92,8.92,8.92,2.0,17.84,-0.09989909182643797
1180,7636,2021-06-09,SZA-2016,8.03,9.81,8.03,9.81,9.81,7.0,61.55,0.09977578475336335
1181,7622,2021-06-10,SZA-2016,10.79,10.79,10.79,10.79,10.79,1.0,10.79,0.09989806320081529
1182,7605,2021-06-11,SZA-2016,9.71,9.71,9.71,9.71,9.71,1.0,9.71,-0.10009267840593128
1183,12,2021-06-15,SZA-2016,8.74,8.74,8.74,8.74,8.74,2.0,17.48,-0.09989701338825963
1184,4,2021-06-16,SZA-2016,9.0,9.61,9.0,9.61,9.61,4337.0,40558.61,0.09954233409610969
