Trading Index,Date,Settlement Price (yuan/ton),Highest Price,Lowest Price,Settlement Volume (ton),Turnover (yuan)
HBEA,2021-06-16,31.49,35.25,28.91,51106.0,1575446.25
HBEA,2021-06-15,32.06,32.46,27.67,2256.0,71101.31
HBEA,2021-06-11,30.56,32.0,30.31,5728.0,179753.55
HBEA,2021-06-10,30.29,31.0,28.02,10234.0,314945.84
HBEA,2021-06-09,30.6,33.14,30.5,6425.0,206955.64
HBEA,2021-06-08,30.13,32.98,27.21,22101.0,604326.51
HBEA,2021-06-07,30.16,30.8,30.15,6523.0,198008.59
HBEA,2021-06-04,30.78,30.81,30.09,13432.0,407213.69
HBEA,2021-06-03,30.83,32.99,30.22,3530.0,106882.55
HBEA,2021-06-02,30.28,33.99,29.08,10416.0,302954.73
HBEA,2021-06-01,30.98,34.4,30.0,108689.0,3691517.11
HBEA,2021-05-31,33.04,33.04,29.86,22840.0,691981.05
HBEA,2021-05-28,30.06,32.8,30.06,10711.0,322838.00
HBEA,2021-05-27,30.15,32.99,29.71,3172.0,95837.63
HBEA,2021-05-26,30.01,33.4,29.07,26937.0,812621.66
HBEA,2021-05-25,30.37,31.99,30.13,8369.0,254114.07
HBEA,2021-05-24,30.53,33.37,30.02,5276.0,168953.97
HBEA,2021-05-21,30.34,32.99,27.1,8076.0,235345.41
HBEA,2021-05-20,30.04,33.99,28.34,771.0,23847.84
HBEA,2021-05-19,31.49,31.98,29.72,37.0,1125.08
HBEA,2017-07-14,13.90,13.99,13.21,181046.00,2502346.69
HBEA,2017-07-13,13.91,13.96,13.85,386336.00,5381028.09
HBEA,2017-07-12,13.80,13.97,13.02,152829.00,2099339.89
HBEA,2017-07-11,14.00,14.00,13.50,173732.00,2413330.48
HBEA,2017-07-10,13.92,14.54,13.11,57841.00,798789.45
HBEA,2017-07-07,14.00,14.20,13.96,100122.00,1405008.32
HBEA,2017-07-06,14.00,14.38,13.60,150845.00,2091384.49
HBEA,2017-07-05,13.95,14.34,13.65,338520.00,4756140.67
HBEA,2017-07-04,14.07,14.50,13.67,119026.00,1690610.67
HBEA,2017-07-03,13.67,13.78,13.41,109463.00,1494696.16
HBEA,2017-06-30,13.58,13.70,13.50,136324.00,1850807.23
HBEA,2017-06-29,13.44,13.80,13.25,160743.00,2144540.85
HBEA,2017-06-28,13.68,13.99,13.32,173219.00,2410514.98
HBEA,2017-06-27,13.99,14.19,12.51,141632.00,1964714.88
HBEA,2017-06-26,13.90,14.50,13.90,171768.00,2418343.84
HBEA,2017-06-23,14.36,14.99,14.30,229987.00,3330719.92
HBEA,2017-06-22,14.71,16.21,14.00,243525.00,3727920.92
HBEA,2017-06-21,15.33,15.55,15.01,159492.00,2440128.95
HBEA,2017-06-20,15.40,15.60,14.08,150205.00,2334295.41
HBEA,2017-06-19,15.60,16.39,15.41,143297.00,2241889.21
HBEA,2017-08-11,12.56,12.80,12.49,2841.00,35865.04
HBEA,2017-08-10,12.40,12.69,12.39,458.00,5677.29
HBEA,2017-08-09,12.43,12.43,12.20,922.00,11345.83
HBEA,2017-08-08,12.41,12.69,12.02,9124.00,111634.46
HBEA,2017-08-07,12.29,12.78,11.81,989.00,12353.79
HBEA,2017-08-04,12.23,12.50,11.51,25931.00,304472.60
HBEA,2017-08-03,12.00,12.34,11.26,18045.00,213012.33
HBEA,2017-08-02,11.56,13.20,11.50,67335.00,793054.61
HBEA,2017-08-01,12.28,13.18,12.00,63816.00,790349.33
HBEA,2017-07-31,13.01,13.89,12.75,487229.00,6402611.33
HBEA,2017-07-28,13.11,13.31,12.35,305339.00,4014566.02
HBEA,2017-07-27,13.31,13.44,13.28,310254.00,4134938.78
HBEA,2017-07-26,13.32,13.75,13.00,146373.00,1950927.08
HBEA,2017-07-25,13.22,13.40,12.55,196458.00,2594795.81
HBEA,2017-07-24,13.48,13.80,13.01,393721.00,5326554.98
HBEA,2017-07-21,13.45,13.70,12.68,276133.00,3633288.36
HBEA,2017-07-20,12.88,13.33,12.41,66329.00,846221.99
HBEA,2017-07-19,13.19,13.85,12.99,191379.00,2546098.10
HBEA,2017-07-18,13.65,13.95,13.30,150363.00,2049043.50
HBEA,2017-07-17,13.88,13.97,13.45,153732.00,2116053.88
HBEA,2018-01-08,15.01,15.59,13.24,63244,843098.6
HBEA,2018-01-05,14.7,15.39,13.6,8144,120422.4
HBEA,2018-01-04,15.02,15.39,13.81,1090,16609.11
HBEA,2018-01-03,15.29,15.4,15.11,2905,44144.67
HBEA,2018-01-02,15.23,15.58,15.2,631,9598.68
HBEA,2017-12-29,15.68,15.96,15.3,11760,185213.8
HBEA,2017-12-28,15.52,15.71,14.14,13551,212531.98
HBEA,2017-12-27,15.63,16.04,15.48,18009,284273.47
HBEA,2017-12-26,15.62,15.74,15.5,15183,237199.65
HBEA,2017-12-25,15.6,15.75,15.28,7203,112888.87
HBEA,2017-12-22,15.45,16.6,15.31,21862,340434.9
HBEA,2017-12-21,15.38,15.95,15.25,10797,166595.63
HBEA,2017-12-20,15.32,16.08,15.3,21772,336464.58
HBEA,2017-12-19,15.19,15.5,15.1,35839,550242.38
HBEA,2017-12-18,15.05,15.47,14.51,5756,87375.57
HBEA,2017-12-15,15.19,15.88,15.1,12026,182387.82
HBEA,2017-12-14,15.21,15.48,15.1,19470,295943.23
HBEA,2017-12-13,15.24,15.47,15.16,36179,552291.2
HBEA,2017-12-12,15.49,15.58,15.1,37316,568743.02
HBEA,2017-12-11,15.33,15.98,15.16,4644,70667.33
HBEA,2017-12-08,15.16,15.69,15.10,9826.00,149139.85
HBEA,2017-12-07,15.19,15.45,15.15,6557.00,99647.92
HBEA,2017-12-06,15.17,15.49,15.10,3998.00,60989.45
HBEA,2017-12-05,15.26,15.79,15.03,15068.00,231983.87
HBEA,2017-12-04,15.33,15.68,14.91,8792.00,132713.55
HBEA,2017-12-01,14.95,15.49,14.79,33299.00,498636.24
HBEA,2017-11-30,14.88,15.43,14.80,6565.00,98239.24
HBEA,2017-11-29,14.98,15.76,14.85,7934.00,118146.20
HBEA,2017-11-28,15.14,15.20,14.91,8198.00,122462.92
HBEA,2017-11-27,14.93,15.68,14.90,14086.00,211588.24
HBEA,2017-11-24,15.27,15.64,15.02,8045.00,123500.15
HBEA,2017-11-23,15.36,16.18,13.61,1832.00,27843.19
HBEA,2017-11-22,15.10,15.95,14.90,27944.00,431517.69
HBEA,2017-11-21,15.70,16.20,15.68,6188.00,97920.77
HBEA,2017-11-20,15.95,16.50,15.88,9991.00,159153.85
HBEA,2017-11-17,16.02,16.60,15.81,12769.00,205069.32
HBEA,2017-11-16,16.01,16.37,15.67,240247.00,3878580.57
HBEA,2017-11-15,15.99,16.46,15.80,15995.00,259090.44
HBEA,2017-11-14,16.20,16.55,15.85,53446.00,874930.14
HBEA,2017-11-13,16.19,17.48,15.90,54574.00,899646.54
HBEA,2017-10-13,14.61,14.77,13.90,1143.00,15974.91
HBEA,2017-10-12,13.71,14.39,13.40,922.00,12940.93
HBEA,2017-10-11,13.40,13.40,12.00,11900.00,145550.00
HBEA,2017-10-10,12.18,14.39,12.18,18002.00,219267.78
HBEA,2017-10-09,13.51,15.18,13.48,31.00,437.91
HBEA,2017-09-29,13.81,13.88,13.80,405.00,5592.27
HBEA,2017-09-28,13.50,14.37,12.00,111372.00,1488536.27
HBEA,2017-09-27,13.25,13.69,11.93,407.00,5547.87
HBEA,2017-09-26,13.25,14.60,13.21,5175.00,74754.75
HBEA,2017-09-25,13.30,13.39,13.20,1095.00,14567.05
HBEA,2017-09-22,13.05,13.38,13.05,6.00,78.63
HBEA,2017-09-21,13.08,13.30,13.08,672.00,8936.49
HBEA,2017-09-20,13.01,13.30,13.01,473.00,6156.52
HBEA,2017-09-19,13.19,13.48,13.01,204.00,2691.68
HBEA,2017-09-18,13.10,13.33,13.10,123.00,1611.73
HBEA,2017-09-15,13.08,13.50,13.02,77278.00,1010412.61
HBEA,2017-09-14,13.10,14.49,12.90,64280.00,838493.72
HBEA,2017-09-13,13.20,13.20,12.89,102978.00,1330104.80
HBEA,2017-09-12,13.01,13.30,12.96,81533.00,1059216.66
HBEA,2017-09-11,13.17,13.83,12.72,84083.00,1082102.17
HBEA,2018-02-05,14.64,16.43,14.64,12.0,179.57
HBEA,2018-02-02,14.97,15.28,14.7,30114.0,447677.73
HBEA,2018-02-01,14.85,15.86,14.69,54563.0,807250.94
HBEA,2018-01-31,15.14,15.2,14.1,73998.0,1102027.51
HBEA,2018-01-30,15.44,15.96,14.5,710.0,10306.22
HBEA,2018-01-29,14.93,15.0,14.7,22937.0,342409.80
HBEA,2018-01-26,14.57,14.99,14.53,11683.0,174127.95
HBEA,2018-01-25,14.99,16.48,14.01,800.0,11990.55
HBEA,2018-01-24,14.99,15.04,14.32,31.0,458.43
HBEA,2018-01-23,15.07,16.55,15.03,3356.0,50593.65
HBEA,2018-01-22,15.14,15.9,14.5,1090.0,15833.99
HBEA,2018-01-19,14.95,16.16,13.6,4109.0,60009.89
HBEA,2018-01-18,14.98,15.35,14.75,4514.0,66780.19
HBEA,2018-01-17,14.76,15.35,14.71,3182.0,47358.26
HBEA,2018-01-16,15.34,15.98,14.96,1549,23237.95
HBEA,2018-01-15,15.19,15.2,14.49,6,90.45
HBEA,2018-01-12,15.33,15.99,14.6,153,2273.09
HBEA,2018-01-11,15.3,15.91,14.76,713,10860.71
HBEA,2018-01-10,15.42,15.69,14.51,1009,14705.74
HBEA,2018-01-09,15.29,15.88,14.82,68,1030.33
HBEA,2018-04-11,15.07,17.25,15.0,26.0,394.71
HBEA,2018-04-10,15.7,15.75,15.3,3630.0,56105.00
HBEA,2018-04-09,15.76,15.85,14.1,31297.0,485102.20
HBEA,2018-04-04,15.6,15.98,14.9,12955.0,200213.06
HBEA,2018-04-03,15.48,16.4,14.51,2229.0,33430.34
HBEA,2018-04-02,15.25,15.95,13.6,1631.0,23235.69
HBEA,2018-03-30,14.89,15.58,13.6,4004.0,58478.17
HBEA,2018-03-29,15.11,15.43,14.4,35.0,525.71
HBEA,2018-03-28,15.17,15.18,14.5,64258.0,951420.81
HBEA,2018-03-27,14.94,15.26,14.6,1504.0,22355.77
HBEA,2018-03-26,15.24,15.75,14.5,743.0,11141.95
HBEA,2018-03-23,14.95,16.7,14.3,4738.0,70866.97
HBEA,2018-03-22,15.51,15.55,15.5,4.0,62.05
HBEA,2018-03-21,15.19,15.49,14.99,2376.0,35639.24
HBEA,2018-03-20,14.78,14.8,14.3,2226.0,31870.68
HBEA,2018-03-19,14.86,14.97,14.7,1535.0,22722.39
HBEA,2018-03-16,14.98,14.99,14.5,416.0,6039.79
HBEA,2018-03-15,14.98,--,--,--,--
HBEA,2018-03-14,14.98,15.48,14.4,152.0,2193.86
HBEA,2018-03-13,14.8,14.98,14.79,12542.0,185597.52
HBEA,2017-09-08,12.88,14.16,12.81,101042.00,1308272.63
HBEA,2017-09-07,12.87,13.32,12.65,94952.00,1219905.02
HBEA,2017-09-06,12.94,13.08,12.82,411.00,5321.28
HBEA,2017-09-05,12.93,13.20,12.51,116207.00,1469964.17
HBEA,2017-09-04,12.76,14.27,11.68,703.00,8979.88
HBEA,2017-09-01,12.97,13.30,12.30,5938.00,73770.25
HBEA,2017-08-31,12.76,13.78,12.75,522.00,7003.56
HBEA,2017-08-30,12.74,13.89,12.60,3058.00,38858.04
HBEA,2017-08-29,12.63,12.89,12.40,14.00,176.64
HBEA,2017-08-28,12.61,12.97,12.61,1063.00,13412.13
HBEA,2017-08-25,12.71,13.17,12.40,307.00,3900.06
HBEA,2017-08-24,13.39,13.50,11.50,640.00,8568.00
HBEA,2017-08-23,12.70,13.50,12.60,2230.00,28192.99
HBEA,2017-08-22,12.51,12.74,12.42,105.00,1313.42
HBEA,2017-08-21,12.31,12.50,12.26,1151.00,14176.48
HBEA,2017-08-18,12.39,12.80,12.27,244.00,3021.98
HBEA,2017-08-17,12.30,12.64,12.28,34196.00,420898.10
HBEA,2017-08-16,12.23,12.50,12.02,1582.00,19584.81
HBEA,2017-08-15,12.45,12.98,12.20,3278.00,40030.20
HBEA,2017-08-14,12.83,12.87,12.20,6538.00,80909.71
HBEA,2018-08-30,26.85,29.12,26.02,166834.0,4555260.10
HBEA,2018-08-29,27.18,27.47,26.01,197159.0,5319726.17
HBEA,2018-08-28,26.7,28.13,24.65,333539.0,8867485.51
HBEA,2018-08-27,27.31,28.38,27.27,263191.0,7217619.01
HBEA,2018-08-24,27.58,28.99,27.18,151770.0,4250340.08
HBEA,2018-08-23,27.55,28.98,26.5,105932.0,2885143.26
HBEA,2018-08-22,27.66,29.1,27.29,73819.0,2092796.51
HBEA,2018-08-21,27.35,28.03,26.5,82925.0,2250953.47
HBEA,2018-08-20,28.64,29.05,28.33,53416.0,1544427.44
HBEA,2018-08-17,29.35,29.35,28.6,92465.0,2699170.36
HBEA,2018-08-16,29.31,29.8,28.13,99677.0,2888404.74
HBEA,2018-08-15,29.3,29.76,26.92,109782.0,3223880.25
HBEA,2018-08-14,29.3,29.5,28.0,123568.0,3576609.42
HBEA,2018-08-13,28.82,29.95,28.1,189658.0,5474349.27
HBEA,2018-08-10,29.7,29.88,29.29,224738.0,6647166.91
HBEA,2018-08-09,29.0,30.97,25.5,87248.0,2516967.86
HBEA,2018-08-08,28.15,28.43,26.1,168079.0,4716846.37
HBEA,2018-08-07,27.5,27.55,25.65,414692.0,10963022.04
HBEA,2018-08-07,27.5,27.55,25.65,414692.0,10963022.04
HBEA,2018-08-06,25.65,26.5,24.45,114037.0,2900179.27
HBEA,2018-03-12,14.95,16.3,14.21,818.0,11736.67
HBEA,2018-03-09,15.46,15.88,14.1,19481.0,286331.49
HBEA,2018-03-08,14.84,14.85,14.4,662.0,9684.00
HBEA,2018-03-07,14.86,14.99,14.35,1810.0,26863.46
HBEA,2018-03-06,15.09,16.45,14.21,4.0,60.34
HBEA,2018-03-05,14.98,16.18,14.97,1414.0,21187.89
HBEA,2018-03-02,14.99,15.27,14.1,518.0,7469.69
HBEA,2018-03-01,14.07,15.22,14.01,34.0,483.76
HBEA,2018-02-28,14.99,15.94,14.25,11.0,163.83
HBEA,2018-02-27,14.84,15.43,14.21,2126.0,30390.13
HBEA,2018-02-26,14.3,15.16,14.12,204.0,2888.76
HBEA,2018-02-23,14.72,15.88,14.72,159.0,2345.06
HBEA,2018-02-22,16.35,16.7,16.0,2.0,32.70
HBEA,2018-02-14,15.29,15.29,14.2,12.0,176.94
HBEA,2018-02-13,14.15,15.44,14.08,182.0,2572.48
HBEA,2018-02-12,14.4,14.98,14.3,502.0,7229.28
HBEA,2018-02-09,15.02,15.55,14.65,9.0,134.95
HBEA,2018-02-08,14.99,14.99,14.99,67.0,1004.33
HBEA,2018-02-07,14.93,15.6,14.3,14504.0,213208.85
HBEA,2018-02-06,14.9,15.18,13.42,13.0,190.70
HBEA,2017-11-10,15.94,16.28,14.90,22051.00,331531.35
HBEA,2017-11-09,15.05,15.69,14.73,6892.00,101789.11
HBEA,2017-11-08,14.72,16.24,14.55,59966.00,898517.75
HBEA,2017-11-07,14.79,15.39,14.25,127164.00,1820910.06
HBEA,2017-11-06,14.39,14.46,14.27,17478.00,251065.69
HBEA,2017-11-03,14.25,15.58,14.04,9537.00,134989.10
HBEA,2017-11-02,14.27,14.96,13.90,49190.00,687727.93
HBEA,2017-11-01,14.02,15.13,14.01,10796.00,157194.26
HBEA,2017-10-31,13.96,14.78,13.90,5141.00,71710.90
HBEA,2017-10-30,13.76,14.44,13.50,35157.00,476413.28
HBEA,2017-10-27,13.84,14.88,13.84,3011.00,42156.15
HBEA,2017-10-26,13.62,14.59,13.36,35072.00,481694.64
HBEA,2017-10-25,13.82,14.59,13.75,7603.00,104955.03
HBEA,2017-10-24,13.69,14.13,13.69,6481.00,88734.70
HBEA,2017-10-23,13.69,14.49,13.56,28.00,385.12
HBEA,2017-10-20,13.73,14.92,13.71,8.00,111.82
HBEA,2017-10-19,14.35,14.99,13.13,1071.00,15569.29
HBEA,2017-10-18,13.94,15.29,13.94,106.00,1583.99
HBEA,2017-10-17,14.30,15.00,13.94,517.00,7213.91
HBEA,2017-10-16,13.93,15.79,13.93,88.00,1235.66
HBEA,2017-05-17,16.40,16.46,16.32,232229.00,3805336.94
HBEA,2017-05-16,16.37,16.40,15.50,92796.00,1471027.02
HBEA,2017-05-15,16.33,16.41,16.32,47984.00,785072.56
HBEA,2017-05-12,16.34,16.50,16.30,112257.00,1841538.82
HBEA,2017-05-11,16.23,16.70,16.20,49102.00,804893.94
HBEA,2017-05-10,16.48,16.89,16.19,65950.00,1088374.04
HBEA,2017-05-09,16.50,16.77,16.34,38130.00,628366.44
HBEA,2017-05-08,16.29,16.88,16.20,50599.00,838120.44
HBEA,2017-05-05,16.20,16.47,16.00,128196.00,2079965.55
HBEA,2017-05-04,16.21,16.70,14.50,208920.00,3220078.18
HBEA,2017-05-03,15.84,17.18,14.51,30036.00,473119.96
HBEA,2017-05-02,16.12,17.29,16.10,9194.00,149882.24
HBEA,2017-04-28,16.29,17.99,15.50,35544.00,576583.11
HBEA,2017-04-27,16.54,17.00,15.15,81352.00,1269651.05
HBEA,2017-04-26,16.69,17.80,15.10,13447.00,223492.28
HBEA,2017-04-25,16.77,16.94,16.09,45572.00,756246.54
HBEA,2017-04-24,16.08,17.33,15.61,87614.00,1417353.62
HBEA,2017-04-21,15.90,16.08,15.04,126544.00,2013150.39
HBEA,2017-04-20,15.54,15.60,15.36,21260.00,328409.19
HBEA,2017-04-19,15.52,15.87,15.48,67552.00,1056588.90
HBEA,2018-07-09,18.15,18.48,17.5,58675.0,1054106.98
HBEA,2018-07-06,17.68,18.99,17.09,29901.0,529273.23
HBEA,2018-07-05,17.45,17.5,16.0,120051.0,2014049.58
HBEA,2018-07-04,16.83,17.49,15.8,34036.0,546335.54
HBEA,2018-07-03,17.29,18.0,16.5,133098.0,2271887.56
HBEA,2018-07-02,17.05,18.2,16.6,20515.0,369102.50
HBEA,2018-06-29,17.0,17.0,16.5,91938.0,1544688.66
HBEA,2018-06-28,16.85,17.8,16.7,40075.0,673598.36
HBEA,2018-06-27,16.85,16.85,16.51,80481.0,1354592.01
HBEA,2018-06-26,16.85,17.09,16.0,36427.0,599792.38
HBEA,2018-06-25,16.8,16.8,16.58,148593.0,2488371.25
HBEA,2018-06-22,16.71,17.0,16.5,133201.0,2250743.52
HBEA,2018-06-21,16.74,16.8,16.35,10779.0,180936.38
HBEA,2018-06-20,16.7,17.0,16.4,10432.0,175935.10
HBEA,2018-06-19,16.8,17.1,15.6,33279.0,561256.13
HBEA,2018-06-15,16.7,17.2,16.3,153091.0,2569818.90
HBEA,2018-06-14,16.5,16.75,16.27,9424.0,155074.56
HBEA,2018-06-13,16.48,16.86,15.78,59065.0,965641.24
HBEA,2018-06-12,16.5,17.0,15.01,133246.0,2182558.24
HBEA,2018-06-11,16.57,17.5,16.2,23382.0,388932.94
HBEA,2017-06-16,15.65,15.98,14.10,162341.00,2527775.50
HBEA,2017-06-15,15.64,15.88,15.55,114848.00,1796149.60
HBEA,2017-06-14,15.65,16.50,14.00,94537.00,1479849.06
HBEA,2017-06-13,15.46,16.76,15.42,113716.00,1771526.79
HBEA,2017-06-12,15.94,16.47,15.50,81820.00,1301784.24
HBEA,2017-06-09,15.85,15.95,15.50,28862.00,454831.11
HBEA,2017-06-08,15.81,16.40,15.56,24044.00,386364.86
HBEA,2017-06-07,15.78,16.98,15.60,62942.00,1018053.31
HBEA,2017-06-06,16.09,16.15,15.50,48316.00,770356.23
HBEA,2017-06-05,16.11,16.74,16.11,54149.00,888308.56
HBEA,2017-06-02,16.28,16.50,16.20,16249.00,266620.60
HBEA,2017-06-01,16.63,17.00,16.51,58834.00,978805.80
HBEA,2017-05-31,16.71,16.73,16.50,39886.00,665618.15
HBEA,2017-05-26,16.70,16.90,16.48,108470.00,1813845.20
HBEA,2017-05-25,16.92,17.08,15.81,113465.00,1906484.81
HBEA,2017-05-24,16.84,17.15,16.67,32157.00,544594.44
HBEA,2017-05-23,16.91,17.00,15.71,92381.00,1553741.75
HBEA,2017-05-22,16.91,17.79,16.50,105241.00,1765606.83
HBEA,2017-05-19,16.85,16.90,16.46,131997.00,2199961.59
HBEA,2017-05-18,16.48,16.55,16.11,250302.00,4107410.84
HBEA,2018-05-11,15.64,15.7,15.38,10864.0,168347.10
HBEA,2018-05-10,15.58,16.3,15.32,6011.0,93140.30
HBEA,2018-05-09,15.55,15.8,15.3,14111.0,217666.05
HBEA,2018-05-08,15.6,15.6,15.3,10038.0,156358.43
HBEA,2018-05-07,15.65,16.19,15.2,9590.0,148207.34
HBEA,2018-05-04,15.8,17.4,15.31,1204.0,18702.34
HBEA,2018-05-03,15.96,16.49,15.0,49232.0,746098.52
HBEA,2018-05-02,16.0,17.0,15.35,6011.0,92417.15
HBEA,2018-04-27,15.53,16.99,15.21,26038.0,401915.89
HBEA,2018-04-26,15.66,16.0,15.0,13347.0,207039.73
HBEA,2018-04-25,15.57,16.3,15.3,2583.0,39661.58
HBEA,2018-04-24,15.58,16.3,15.15,3017.0,45965.60
HBEA,2018-04-23,15.54,15.97,15.0,3011.0,45551.67
HBEA,2018-04-20,15.49,16.0,15.25,5789.0,88475.50
HBEA,2018-04-19,15.99,16.95,15.25,12305.0,191198.40
HBEA,2018-04-18,15.47,15.47,15.1,3936.0,59823.14
HBEA,2018-04-17,15.45,15.75,15.2,7435.0,113707.15
HBEA,2018-04-16,14.72,17.29,14.65,8.0,122.83
HBEA,2018-04-13,15.74,16.49,15.03,4016.0,61249.04
HBEA,2018-04-12,15.5,16.49,14.6,99236.0,1483903.79
HBEA,2018-11-01,29.97,31.95,28.88,86825.0,2509162.66
HBEA,2018-10-31,30.92,31.0,28.32,254.0,7846.50
HBEA,2018-10-30,30.54,31.77,28.28,1036.0,30098.08
HBEA,2018-10-29,28.88,33.77,28.88,458.0,14023.07
HBEA,2018-10-26,32.09,33.38,29.33,25.0,773.10
HBEA,2018-10-25,30.38,33.01,27.03,13085.0,411476.99
HBEA,2018-10-24,30.01,30.18,27.51,4828.0,143006.51
HBEA,2018-10-23,29.35,29.35,27.01,1363.0,39941.35
HBEA,2018-10-22,29.34,29.4,26.86,1855.0,54458.46
HBEA,2018-10-22,29.34,29.4,26.86,1855.0,54458.46
HBEA,2018-10-19,29.41,29.5,27.84,18589.0,537250.00
HBEA,2018-10-18,28.88,28.95,27.6,19876.0,548643.75
HBEA,2018-10-17,28.92,30.0,27.51,8700.0,246547.94
HBEA,2018-10-16,28.54,29.75,28.06,1803.0,51239.01
HBEA,2018-10-15,28.32,32.98,26.98,69862.0,1990102.17
HBEA,2018-10-12,29.98,29.98,29.98,1.0,29.98
HBEA,2018-10-11,28.29,28.29,27.51,815.0,22949.82
HBEA,2018-10-10,28.58,31.0,26.15,14058.0,377440.44
HBEA,2018-10-09,28.3,31.12,28.0,8877.0,251182.32
HBEA,2018-10-08,28.3,28.5,27.01,2606.0,73650.64
HBEA,2018-08-03,25.03,26.0,24.6,102222.0,2576361.64
HBEA,2018-08-02,25.09,26.5,24.61,81505.0,2063150.13
HBEA,2018-08-01,25.38,26.8,22.6,108565.0,2696642.95
HBEA,2018-07-31,24.56,26.0,24.01,55236.0,1353337.62
HBEA,2018-07-30,24.4,24.4,22.52,115827.0,2733024.43
HBEA,2018-07-27,23.0,24.45,20.85,178546.0,3905563.08
HBEA,2018-07-26,22.93,24.0,20.03,66471.0,1474690.03
HBEA,2018-07-25,21.85,22.87,20.9,259554.0,5677882.74
HBEA,2018-07-24,20.79,22.42,20.15,70194.0,1450347.90
HBEA,2018-07-23,20.46,20.89,19.01,69686.0,1411023.90
HBEA,2018-07-20,20.06,20.98,19.5,36078.0,729539.67
HBEA,2018-07-19,20.13,20.6,18.22,26660.0,523459.37
HBEA,2018-07-19,20.13,20.6,18.22,26660.0,523459.37
HBEA,2018-07-18,20.09,20.97,19.5,45377.0,914207.30
HBEA,2018-07-17,20.0,21.0,18.01,48903.0,958423.94
HBEA,2018-07-16,19.32,20.99,19.0,1020.0,20385.95
HBEA,2018-07-13,20.22,20.6,18.7,46668.0,928601.68
HBEA,2018-07-12,19.24,19.48,18.22,25510.0,479263.19
HBEA,2018-07-11,19.19,19.2,17.79,42677.0,798032.22
HBEA,2018-07-10,18.74,18.97,17.52,49263.0,904589.28
HBEA,2018-12-27,29.12,30.99,28.01,86.0,2543.08
HBEA,2018-12-26,30.68,32.64,27.51,5.0,153.38
HBEA,2018-12-25,29.69,30.75,28.01,669.0,18820.84
HBEA,2018-12-24,29.97,30.84,28.18,50.0,1448.13
HBEA,2018-12-21,28.06,28.98,28.05,3826.0,107658.54
HBEA,2018-12-20,29.98,30.99,28.06,3458.0,105056.27
HBEA,2018-12-19,28.95,30.26,27.03,647.0,18526.80
HBEA,2018-12-18,29.79,30.94,28.5,411.0,11801.28
HBEA,2018-12-17,29.98,30.87,28.88,207.0,5987.64
HBEA,2018-12-14,29.69,31.97,28.6,339.0,9745.82
HBEA,2018-12-13,29.49,31.0,28.63,312.0,8950.52
HBEA,2018-12-12,29.98,31.99,28.81,396.0,11485.08
HBEA,2018-12-11,31.2,31.99,27.14,7.0,215.11
HBEA,2018-12-10,29.8,31.53,27.61,361.0,10177.48
HBEA,2018-12-07,30.67,31.0,28.56,233.0,6775.11
HBEA,2018-12-06,31.32,32.48,28.02,6650.0,215605.24
HBEA,2018-12-05,30.83,30.99,27.05,7.0,212.18
HBEA,2018-12-04,29.89,29.98,29.84,3.0,89.66
HBEA,2018-12-03,29.44,29.98,27.87,7.0,205.04
HBEA,2018-11-30,29.58,29.98,27.1,4903.0,133378.73
HBEA,2019-01-28,29.49,30.92,27.33,5401.0,155495.76
HBEA,2019-01-25,30.34,30.88,25.71,1228.0,34545.06
HBEA,2019-01-24,28.51,29.0,28.01,744.0,20866.99
HBEA,2019-01-23,30.74,30.76,30.74,25.0,768.54
HBEA,2019-01-22,28.98,29.99,26.37,295.0,8482.77
HBEA,2019-01-21,29.3,31.81,27.09,507.0,14150.67
HBEA,2019-01-18,29.3,29.59,28.0,193.0,5585.42
HBEA,2019-01-17,31.04,35.2,28.82,34634.0,1216952.40
HBEA,2019-01-16,32.02,32.23,28.05,316.0,9695.28
HBEA,2019-01-15,29.3,31.96,27.01,333.0,9443.24
HBEA,2019-01-14,29.35,29.76,28.02,567.0,16223.07
HBEA,2019-01-11,31.11,32.16,28.06,5.0,155.56
HBEA,2019-01-10,29.73,30.0,28.13,34.0,977.61
HBEA,2019-01-09,28.86,29.48,26.18,716.0,20207.97
HBEA,2019-01-08,29.09,29.8,28.09,327.0,9352.06
HBEA,2019-01-07,28.98,29.0,28.27,922.0,26403.88
HBEA,2019-01-04,29.98,31.49,26.65,8.0,235.07
HBEA,2019-01-03,29.44,33.49,27.92,143.0,4288.53
HBEA,2019-01-02,31.02,31.95,28.5,10109.0,303130.55
HBEA,2018-12-28,31.28,32.03,27.01,374.0,10707.22
HBEA,2019-03-04,28.26,30.9,26.51,1975.0,60847.77
HBEA,2019-03-01,28.5,28.89,28.0,5202.0,147558.99
HBEA,2019-02-28,28.89,29.28,26.66,147.0,4207.13
HBEA,2019-02-27,28.83,30.75,27.08,678.0,19185.51
HBEA,2019-02-26,28.04,29.33,27.02,511.0,13863.58
HBEA,2019-02-25,28.44,31.2,26.05,1943.0,50748.52
HBEA,2019-02-22,28.65,29.99,26.5,143.0,4075.49
HBEA,2019-02-21,28.4,28.6,28.32,126.0,3580.92
HBEA,2019-02-20,31.47,31.49,25.93,2442.0,76861.69
HBEA,2019-02-19,28.71,28.8,26.39,72.0,1990.40
HBEA,2019-02-18,28.74,28.79,26.16,578.0,16276.37
HBEA,2019-02-15,28.97,30.91,26.55,5100.0,145454.49
HBEA,2019-02-14,28.5,30.88,26.25,2617.0,69742.97
HBEA,2019-02-13,28.8,31.65,26.2,823.0,22905.41
HBEA,2019-02-12,28.8,34.08,27.89,22.0,635.82
HBEA,2019-02-11,30.99,30.99,30.99,1.0,30.99
HBEA,2019-02-01,29.19,32.5,27.62,191.0,5482.92
HBEA,2019-01-31,29.6,30.2,28.1,14.0,414.40
HBEA,2019-01-30,28.99,29.89,27.09,159.0,4492.75
HBEA,2019-01-29,28.65,30.99,28.11,2002.0,56548.47
HBEA,2019-04-01,28.99,29.85,25.8,8867.0,245628.18
HBEA,2019-03-29,28.29,31.14,26.56,2738.0,83552.31
HBEA,2019-03-28,28.46,30.95,26.03,166.0,4713.93
HBEA,2019-03-27,28.56,28.64,27.52,23.0,656.10
HBEA,2019-03-26,28.45,28.46,25.55,2184.0,56940.83
HBEA,2019-03-25,28.39,31.49,26.16,689.0,19466.23
HBEA,2019-03-22,28.7,31.42,27.84,2157.0,61342.36
HBEA,2019-03-21,28.6,28.61,27.0,4159.0,118032.93
HBEA,2019-03-20,28.61,28.99,28.0,1025.0,28715.55
HBEA,2019-03-19,28.52,28.54,28.2,267.0,7551.55
HBEA,2019-03-18,28.53,29.0,27.01,162.0,4518.67
HBEA,2019-03-15,28.5,31.5,28.41,639.0,18248.50
HBEA,2019-03-14,28.79,30.4,27.08,2626.0,74902.92
HBEA,2019-03-13,27.81,31.49,27.57,228.0,6344.99
HBEA,2019-03-12,28.87,29.99,28.5,39.0,1135.26
HBEA,2019-03-11,28.55,32.2,28.5,71.0,2048.85
HBEA,2019-03-08,29.31,30.8,26.12,13.0,380.81
HBEA,2019-03-07,28.79,31.6,27.51,25.0,731.13
HBEA,2019-03-06,28.76,31.09,28.5,35.0,1029.95
HBEA,2019-03-05,29.9,30.2,28.26,3072.0,87610.66
HBEA,2018-09-28,28.2,28.2,25.35,23492.0,655549.56
HBEA,2018-09-27,28.04,31.17,27.04,11452.0,318863.47
HBEA,2018-09-26,28.34,28.79,25.23,12690.0,355059.60
HBEA,2018-09-25,28.0,28.0,26.91,1818.0,50337.61
HBEA,2018-09-21,27.3,31.33,27.16,6.0,167.83
HBEA,2018-09-20,28.48,28.88,27.0,2560.0,71304.19
HBEA,2018-09-19,27.48,28.0,26.5,53.0,1448.42
HBEA,2018-09-18,26.9,29.0,26.06,2813.0,75671.92
HBEA,2018-09-17,28.88,31.0,26.8,4317.0,116733.93
HBEA,2018-09-14,29.75,29.8,27.58,12589.0,368052.10
HBEA,2018-09-13,27.43,27.7,24.73,26155.0,656509.18
HBEA,2018-09-12,27.08,27.98,25.11,4124.0,105556.36
HBEA,2018-09-11,27.73,28.88,24.62,13183.0,356709.57
HBEA,2018-09-10,27.17,27.4,24.48,35043.0,882822.75
HBEA,2018-09-07,27.2,27.99,26.36,60948.0,1662530.71
HBEA,2018-09-06,27.48,27.72,25.02,28847.0,749093.10
HBEA,2018-09-05,27.35,27.78,26.6,10122.0,276051.94
HBEA,2018-09-04,27.3,28.0,26.5,105186.0,2858874.58
HBEA,2018-09-03,27.39,28.3,26.5,302273.0,8290683.79
HBEA,2018-08-31,27.78,27.8,26.26,92183.0,2484748.57
HBEA,2018-06-08,16.76,18.2,15.11,18285.0,307233.74
HBEA,2018-06-07,16.61,17.0,15.4,14351.0,238607.83
HBEA,2018-06-06,16.57,18.57,16.0,13154.0,217857.03
HBEA,2018-06-05,16.88,17.29,16.49,20364.0,340962.14
HBEA,2018-06-04,16.94,17.0,16.55,756.0,12626.72
HBEA,2018-06-01,16.75,16.97,15.35,202011.0,3427634.19
HBEA,2018-05-31,17.0,17.0,16.65,13576.0,227271.32
HBEA,2018-05-30,17.39,17.39,16.02,34268.0,578817.11
HBEA,2018-05-29,16.97,17.1,16.5,223965.0,3801228.08
HBEA,2018-05-28,16.82,17.9,15.88,32452.0,560149.07
HBEA,2018-05-25,17.52,17.69,15.52,29444.0,494882.68
HBEA,2018-05-24,16.1,16.3,15.55,33432.0,532971.86
HBEA,2018-05-23,15.55,15.6,15.48,36262.0,562929.82
HBEA,2018-05-22,15.49,17.0,15.35,10727.0,165482.31
HBEA,2018-05-21,15.5,16.5,15.45,8428.0,130779.29
HBEA,2018-05-18,15.47,16.5,15.44,17366.0,269242.36
HBEA,2018-05-17,15.59,15.65,15.45,15610.0,242386.44
HBEA,2018-05-16,15.57,15.59,15.35,23144.0,358431.11
HBEA,2018-05-15,15.56,16.0,15.1,22003.0,340157.20
HBEA,2018-05-14,15.56,15.68,15.4,10805.0,167419.07
HBEA,2019-07-01,37.76,42.09,34.63,1123.0,42704.94
HBEA,2019-06-28,38.48,40.2,33.1,543.0,19924.53
HBEA,2019-06-27,36.73,41.25,33.86,470.0,18273.00
HBEA,2019-06-26,37.62,39.75,33.26,87.0,3157.87
HBEA,2019-06-25,36.96,37.76,33.29,480.0,17424.74
HBEA,2019-06-24,36.99,37.9,32.89,739.0,27081.72
HBEA,2019-06-21,36.54,38.27,31.31,781.0,28862.31
HBEA,2019-06-20,34.79,41.51,33.97,7256.0,298188.07
HBEA,2019-06-19,37.74,37.74,30.88,10989.0,409266.78
HBEA,2019-06-18,34.31,34.31,28.07,5472.0,183581.81
HBEA,2019-06-17,31.19,31.5,25.79,6534.0,193908.60
HBEA,2019-06-14,28.65,33.4,27.5,2015.0,60726.69
HBEA,2019-06-13,30.55,34.88,30.4,3127.0,95661.20
HBEA,2019-06-12,33.78,40.67,33.28,451.0,15435.24
HBEA,2019-06-11,36.98,37.0,36.98,866.0,32025.62
HBEA,2019-06-10,41.09,44.0,41.09,1320.0,54241.71
HBEA,2019-06-06,45.65,49.0,45.65,1832.0,84705.92
HBEA,2019-06-05,50.72,55.18,48.47,9426.0,493994.82
HBEA,2019-06-04,53.85,56.99,47.19,12436.0,590069.67
HBEA,2019-06-03,52.43,56.0,50.0,19340.0,1056744.76
HBEA,2018-11-29,29.9,30.46,28.65,1018.0,29768.32
HBEA,2018-11-28,31.71,31.78,31.71,4101.0,130047.78
HBEA,2018-11-27,29.77,30.48,27.21,4322.0,118353.27
HBEA,2018-11-26,30.17,30.19,29.01,379.0,11390.56
HBEA,2018-11-23,31.88,32.69,29.44,3477.0,113496.04
HBEA,2018-11-22,32.71,32.71,32.71,1.0,32.71
HBEA,2018-11-21,29.75,29.88,29.0,10028.0,290831.93
HBEA,2018-11-20,28.2,29.38,28.2,16.0,464.05
HBEA,2018-11-19,29.25,29.42,28.03,282.0,8245.47
HBEA,2018-11-16,29.21,29.45,26.51,4723.0,128283.68
HBEA,2018-11-15,29.39,30.89,26.73,253.0,7141.45
HBEA,2018-11-14,28.93,28.97,27.51,16851.0,470519.69
HBEA,2018-11-13,28.69,28.95,25.63,1115.0,31307.75
HBEA,2018-11-12,28.25,28.99,27.07,1510.0,42404.42
HBEA,2018-11-09,27.79,30.9,27.53,7083.0,214993.66
HBEA,2018-11-08,28.11,29.49,25.95,6157.0,159911.75
HBEA,2018-11-07,28.74,28.77,25.85,10429.0,270773.91
HBEA,2018-11-06,28.7,29.0,26.51,50151.0,1454298.37
HBEA,2018-11-05,28.58,29.9,26.93,67884.0,1889171.43
HBEA,2018-11-02,29.9,29.91,27.03,180.0,5378.92
HBEA,2019-05-31,51.59,51.59,42.22,6240.0,319593.57
HBEA,2019-05-30,46.9,49.37,44.02,2198.0,101602.58
HBEA,2019-05-29,44.9,44.91,41.61,9975.0,447306.25
HBEA,2019-05-28,40.88,42.48,34.81,1159.0,45024.57
HBEA,2019-05-27,38.66,40.5,36.0,2875.0,108407.59
HBEA,2019-05-24,36.88,39.98,34.01,131.0,4827.80
HBEA,2019-05-23,36.94,39.17,35.01,8265.0,298089.53
HBEA,2019-05-22,35.71,35.96,32.52,311.0,11038.63
HBEA,2019-05-21,35.63,38.99,31.92,539.0,19091.16
HBEA,2019-05-20,35.45,38.14,33.13,1541.0,54292.98
HBEA,2019-05-17,34.67,38.6,33.01,907.0,31417.47
HBEA,2019-05-16,35.82,39.38,32.26,877.0,30211.53
HBEA,2019-05-15,35.84,36.29,31.51,274.0,9147.51
HBEA,2019-05-14,32.99,35.8,31.5,329.0,10543.50
HBEA,2019-05-13,32.59,36.3,31.01,1390.0,44505.17
HBEA,2019-05-10,33.95,36.2,32.96,158.0,5350.60
HBEA,2019-05-09,32.99,33.4,30.5,170.0,5493.94
HBEA,2019-05-08,32.98,36.29,30.5,730.0,22885.66
HBEA,2019-05-07,32.99,36.16,29.6,692.0,22108.50
HBEA,2019-05-06,32.88,33.1,29.13,667.0,21864.93
HBEA,2019-07-29,38.91,42.44,38.0,12370.0,472276.96
HBEA,2019-07-26,38.9,40.24,38.1,17050.0,656635.42
HBEA,2019-07-25,39.26,42.45,38.5,27693.0,1067634.34
HBEA,2019-07-24,38.9,39.87,38.15,472.0,18418.98
HBEA,2019-07-23,38.65,39.8,38.0,18397.0,718715.49
HBEA,2019-07-22,39.25,43.2,38.1,21913.0,851992.64
HBEA,2019-07-19,39.29,42.78,38.01,3943.0,151312.32
HBEA,2019-07-18,39.16,43.29,38.26,755.0,29508.03
HBEA,2019-07-17,39.43,43.4,38.5,7787.0,304732.43
HBEA,2019-07-16,39.67,42.99,38.0,48211.0,1853229.03
HBEA,2019-07-15,39.74,42.84,37.64,1341.0,51766.11
HBEA,2019-07-12,39.53,44.44,38.0,22930.0,891451.67
HBEA,2019-07-11,40.81,44.72,39.51,34538.0,1471075.48
HBEA,2019-07-10,40.65,42.78,38.16,1733.0,69479.03
HBEA,2019-07-09,40.85,41.88,37.0,9797.0,387200.19
HBEA,2019-07-08,38.55,42.98,35.19,10875.0,421956.09
HBEA,2019-07-05,39.1,42.87,38.1,2513.0,97947.70
HBEA,2019-07-04,39.01,42.06,35.48,369.0,14186.89
HBEA,2019-07-03,39.42,41.95,37.01,506.0,19117.35
HBEA,2019-07-02,38.23,39.2,34.0,996.0,37357.66
HBEA,2019-04-30,30.49,31.99,26.91,390.0,11348.76
HBEA,2019-04-29,29.9,32.6,28.11,1664.0,49085.67
HBEA,2019-04-26,29.7,29.98,28.03,67.0,1995.56
HBEA,2019-04-25,28.38,31.79,28.04,111.0,3155.46
HBEA,2019-04-24,29.0,29.0,28.5,618.0,17877.77
HBEA,2019-04-23,29.64,30.96,26.01,146.0,4309.59
HBEA,2019-04-22,28.73,30.98,27.07,38.0,1116.81
HBEA,2019-04-19,28.5,28.98,28.5,6.0,171.48
HBEA,2019-04-18,30.96,30.99,26.6,30.0,885.83
HBEA,2019-04-17,29.48,30.9,27.37,14.0,413.96
HBEA,2019-04-16,29.38,30.88,26.21,8.0,233.96
HBEA,2019-04-15,28.58,34.3,28.21,3020.0,103492.28
HBEA,2019-04-12,31.33,31.33,31.33,1.0,31.33
HBEA,2019-04-11,28.5,29.87,27.57,117.0,3336.67
HBEA,2019-04-10,27.54,30.35,24.85,16.0,438.55
HBEA,2019-04-09,27.61,28.65,25.26,1020.0,29033.34
HBEA,2019-04-08,28.07,28.97,28.06,359.0,10086.63
HBEA,2019-04-04,28.64,29.8,28.63,68.0,1948.65
HBEA,2019-04-03,28.51,31.3,27.03,6779.0,196117.50
HBEA,2019-04-02,28.55,30.88,27.0,123.0,3336.48
HBEA,2017-04-18,15.34,15.66,14.60,116520.00,1764938.72
HBEA,2017-04-17,15.25,15.95,14.50,51771.00,760241.70
HBEA,2017-04-14,14.59,15.00,13.50,50182.00,709297.38
HBEA,2017-04-13,14.81,15.20,14.51,118153.00,1734203.41
HBEA,2017-04-12,15.30,15.70,14.60,93268.00,1399910.20
HBEA,2017-04-11,15.89,16.19,15.51,34554.00,551255.02
HBEA,2017-04-10,16.00,16.48,16.00,11418.00,184092.65
HBEA,2017-04-07,16.03,17.00,16.01,38449.00,637564.37
HBEA,2017-04-06,16.55,16.55,15.50,11126.00,179145.25
HBEA,2017-04-05,16.55,17.90,16.50,9382.00,167152.08
,1970-01-01,,,,,
,,,,,,
HBEA,2020-01-21,28.4,28.48,26.69,4519.0,126453.07
HBEA,2020-01-20,28.77,29.48,26.89,10965.0,315466.65
HBEA,2020-01-17,27.49,28.98,26.62,8146.0,216990.07
HBEA,2020-01-16,29.29,29.78,25.63,26929.0,741825.64
HBEA,2020-01-15,27.44,28.63,26.36,7575.0,207411.59
HBEA,2020-01-14,27.85,29.8,26.57,46136.0,1334688.69
HBEA,2020-01-13,27.46,28.76,26.2,11743.0,309453.34
HBEA,2020-01-10,27.84,28.75,27.15,2938.0,84438.04
HBEA,2020-01-09,27.88,28.31,25.5,24035.0,613371.92
HBEA,2020-01-08,28.13,28.39,27.02,5120.0,140960.56
HBEA,2020-01-07,27.03,28.99,26.61,14188.0,388915.31
HBEA,2020-01-06,28.8,28.8,26.9,12904.0,371627.93
HBEA,2020-01-03,26.93,28.04,26.82,116.0,3233.78
HBEA,2020-01-02,27.96,27.96,26.52,3005.0,79699.80
HBEA,2019-12-31,26.66,28.18,26.0,146899.0,3907685.29
HBEA,2019-12-30,27.86,27.95,26.0,143655.0,3923198.98
HBEA,2019-12-27,26.98,28.27,26.58,54937.0,1488467.88
HBEA,2019-12-26,26.71,27.95,25.81,43200.0,1149749.28
HBEA,2019-12-25,27.0,28.4,26.24,75426.0,2052426.32
HBEA,2019-12-24,27.11,28.2,25.66,78238.0,2064861.56
HBEA,2019-10-29,30.5,34.11,28.16,28096.0,849612.05
HBEA,2019-10-28,31.04,33.47,31.0,8427.0,266132.15
HBEA,2019-10-25,32.2,34.3,32.0,12246.0,394745.74
HBEA,2019-10-24,32.45,32.5,30.16,12517.0,390930.34
HBEA,2019-10-23,32.45,33.48,32.1,7770.0,251510.21
HBEA,2019-10-22,32.3,32.98,30.53,13894.0,447361.58
HBEA,2019-10-21,32.98,35.91,30.12,117432.0,3776589.32
HBEA,2019-10-18,33.22,33.4,32.04,50509.0,1669696.71
HBEA,2019-10-17,32.96,35.38,30.33,10097.0,329086.93
HBEA,2020-05-19,25.78,27.5,25.1,64355.0,1644806.80
HBEA,2020-05-18,26.07,26.5,24.33,64447.0,1629107.72
HBEA,2020-05-15,25.73,25.99,25.11,106129.0,2694952.20
HBEA,2020-05-14,25.6,26.66,25.1,62121.0,1590811.69
HBEA,2020-05-13,25.48,25.6,25.14,62095.0,1588941.62
HBEA,2020-05-12,25.38,27.2,25.01,93201.0,2344328.16
HBEA,2020-05-11,25.49,27.33,25.0,62286.0,1569217.42
HBEA,2020-05-08,25.38,25.93,24.61,73756.0,1849359.70
HBEA,2019-10-16,32.98,33.75,31.81,464.0,14826.11
HBEA,2019-10-15,32.78,33.92,29.88,1466.0,45917.08
HBEA,2019-10-14,32.95,34.92,32.06,537.0,17255.13
HBEA,2019-10-11,32.12,33.97,32.11,1002.0,32237.86
HBEA,2019-10-10,32.43,33.76,31.68,25050.0,810850.59
HBEA,2019-10-09,32.13,32.99,31.05,9335.0,293893.97
HBEA,2019-10-08,33.42,35.4,31.0,5338.0,170863.23
HBEA,2019-09-30,32.61,33.8,29.95,2916.0,93178.03
HBEA,2019-09-27,32.85,32.98,31.18,872.0,27843.99
HBEA,2019-09-26,32.95,35.86,31.51,3247.0,107012.63
HBEA,2019-09-25,32.97,34.45,32.1,40.0,1292.18
HBEA,2020-05-07,25.95,26.83,25.07,9404.0,240166.13
HBEA,2020-05-06,25.5,25.99,25.0,46676.0,1169395.39
HBEA,2020-04-30,25.93,27.88,24.99,79565.0,2049740.64
HBEA,2020-04-29,25.77,25.93,25.21,40831.0,1034106.65
HBEA,2020-04-28,27.58,27.96,23.66,6001.0,165487.65
HBEA,2020-04-27,25.58,27.8,23.55,8873.0,219552.34
HBEA,2020-04-24,25.56,28.27,25.1,17178.0,435998.58
HBEA,2020-04-23,25.93,25.97,24.22,349.0,8620.11
HBEA,2020-04-22,26.24,29.42,25.0,3468.0,89336.32
HBEA,2020-04-21,26.89,27.89,25.3,868.0,22445.78
HBEA,2020-04-20,25.85,28.78,24.48,100346.0,2457823.31
HBEA,2020-04-17,26.49,28.95,25.15,776.0,19652.09
HBEA,2019-09-24,32.88,34.99,29.52,37.0,1214.87
HBEA,2019-09-23,32.6,34.78,31.91,24.0,783.29
HBEA,2019-09-20,32.08,33.48,31.0,80206.0,2486624.23
HBEA,2019-09-19,32.65,35.39,31.5,4317.0,136848.29
HBEA,2019-09-18,32.37,33.46,32.0,27320.0,878600.17
HBEA,2019-09-17,32.95,35.96,30.71,11908.0,392114.23
HBEA,2019-09-16,32.98,32.99,30.52,965.0,31823.19
HBEA,2019-09-12,32.99,33.75,29.52,23801.0,766911.43
HBEA,2019-09-11,32.65,33.49,31.64,19994.0,648889.32
HBEA,2019-09-10,33.5,33.99,32.06,15521.0,510977.12
HBEA,2019-09-09,33.89,34.8,31.5,4702.0,160215.89
HBEA,2019-09-06,33.31,36.26,33.0,30286.0,1005412.07
HBEA,2019-09-05,34.29,35.09,33.5,56123.0,1907250.09
HBEA,2019-09-04,34.89,35.2,32.23,13680.0,461084.65
HBEA,2019-09-03,34.78,35.97,32.04,16213.0,557718.20
HBEA,2019-09-02,34.93,35.49,34.12,71121.0,2470959.23
HBEA,2019-08-30,34.57,35.45,33.02,17485.0,607475.26
HBEA,2019-08-29,34.57,35.34,33.01,38386.0,1330661.81
HBEA,2019-08-28,34.94,35.62,34.23,5377.0,188617.77
HBEA,2019-08-27,35.29,35.3,34.04,23068.0,806857.86
HBEA,2019-12-23,27.0,27.38,26.12,26536.0,702751.91
HBEA,2019-12-20,27.09,27.32,25.55,20500.0,543735.68
HBEA,2019-12-19,26.8,29.89,25.72,174811.0,4735031.40
HBEA,2019-12-18,27.18,27.37,25.51,6798.0,183095.07
HBEA,2019-12-17,27.33,27.39,27.0,38169.0,1035782.57
HBEA,2019-12-16,27.3,27.48,26.01,13744.0,373106.03
HBEA,2019-12-13,27.29,27.5,25.22,41718.0,1124888.76
HBEA,2019-12-12,27.22,27.25,26.02,18451.0,500242.91
HBEA,2019-12-11,27.14,27.14,25.32,130143.0,3479507.93
HBEA,2019-12-10,26.33,26.35,24.12,81090.0,2063669.25
HBEA,2019-12-09,25.3,25.93,23.9,167573.0,4252136.24
HBEA,2019-12-06,25.21,25.95,24.45,63864.0,1617649.06
HBEA,2019-12-05,25.17,25.35,23.6,136132.0,3393386.28
HBEA,2019-12-04,25.02,25.76,25.0,434921.0,10919931.21
HBEA,2019-12-03,25.21,25.88,23.01,83097.0,2113159.51
HBEA,2019-12-02,25.16,25.95,24.01,99584.0,2450086.12
HBEA,2019-11-29,24.74,25.19,23.6,185071.0,4606856.75
HBEA,2019-11-28,24.95,27.41,23.1,339625.0,8967590.07
HBEA,2019-11-27,25.15,25.7,22.87,114176.0,2870248.54
HBEA,2019-11-26,25.3,25.79,25.22,139871.0,3536368.88
HBEA,2020-04-16,27.76,27.93,25.08,205.0,5185.35
HBEA,2020-04-15,26.5,28.38,25.0,427.0,10932.35
HBEA,2020-04-14,25.97,28.86,24.93,216.0,5475.21
HBEA,2020-04-13,26.6,26.89,25.16,293.0,7460.14
HBEA,2020-04-10,24.49,27.4,23.85,433.0,10815.26
HBEA,2020-04-09,25.12,25.79,24.2,2201.0,55255.88
HBEA,2020-04-08,25.95,27.35,25.5,565.0,14460.92
HBEA,2020-04-07,25.41,27.55,24.62,555.0,14066.87
HBEA,2020-04-03,25.71,25.72,24.06,321.0,8140.63
HBEA,2020-04-02,25.69,27.86,25.0,241.0,6166.41
HBEA,2020-04-01,25.89,27.93,25.01,251.0,6360.44
HBEA,2020-03-31,25.96,27.49,24.03,1230.0,29773.74
HBEA,2020-03-30,25.5,27.32,24.05,230.0,5602.59
HBEA,2020-03-27,25.59,29.48,24.68,149.0,3705.78
HBEA,2020-03-26,27.38,27.5,22.96,13248.0,304200.72
HBEA,2020-03-25,25.51,25.99,25.01,451.0,11487.70
HBEA,2020-03-24,25.79,27.99,23.64,124.0,3189.42
HBEA,2020-03-23,25.59,27.34,24.62,740.0,18465.42
HBEA,2020-01-23,27.34,29.7,26.61,2061.0,55886.06
HBEA,2020-01-22,27.51,29.99,27.31,14514.0,433868.48
HBEA,2019-08-26,35.17,37.3,34.22,100851.0,3619551.04
HBEA,2019-08-23,36.33,39.71,33.03,22754.0,800107.54
HBEA,2019-08-22,36.48,38.0,34.01,38898.0,1341890.69
HBEA,2019-08-21,35.17,35.79,33.0,218588.0,7235205.78
HBEA,2019-08-20,33.55,34.87,33.33,4325.0,144895.39
HBEA,2019-08-19,33.51,34.8,29.52,276330.0,9208260.24
HBEA,2019-08-16,32.61,33.22,30.54,528.0,17396.24
HBEA,2019-08-15,33.53,36.61,32.33,11984.0,395717.63
HBEA,2019-08-14,33.29,36.77,32.12,57631.0,1882084.86
HBEA,2019-08-13,35.27,36.95,33.0,124371.0,4431867.70
HBEA,2019-08-12,36.25,38.39,35.26,103612.0,3795619.86
HBEA,2019-08-09,37.84,38.49,37.34,22535.0,852278.98
HBEA,2019-08-08,37.98,38.8,37.68,42303.0,1619918.85
HBEA,2019-08-07,38.0,41.27,37.5,5301.0,199494.93
HBEA,2019-08-06,37.52,41.5,34.34,3427.0,129749.22
HBEA,2019-08-05,38.08,38.8,37.58,1943.0,74095.15
HBEA,2019-08-02,38.07,42.26,38.0,28468.0,1100447.33
HBEA,2019-08-01,38.6,44.5,38.5,5174.0,200537.77
HBEA,2019-07-31,40.66,42.4,38.1,26.0,1051.34
HBEA,2019-07-30,38.7,40.99,38.2,11623.0,448462.68
HBEA,2019-11-25,25.3,26.5,25.01,118393.0,2987039.64
HBEA,2019-11-22,25.57,25.75,25.0,96399.0,2453002.93
HBEA,2019-11-21,25.76,27.57,25.06,104928.0,2654594.13
HBEA,2019-11-20,25.06,29.5,24.78,256957.0,6893710.35
HBEA,2019-11-19,27.52,30.33,26.1,98720.0,2759282.90
HBEA,2019-11-18,28.59,29.89,28.1,13195.0,387086.49
HBEA,2019-11-15,28.1,29.8,27.0,26676.0,783220.94
HBEA,2019-11-14,29.86,31.0,29.0,49462.0,1474812.73
HBEA,2019-11-13,30.79,31.75,29.0,59182.0,1802777.71
HBEA,2019-11-12,28.87,29.49,25.5,8187.0,222490.27
HBEA,2019-11-11,28.16,31.0,26.2,12278.0,354656.92
HBEA,2019-11-09,28.99,--,--,--,--
HBEA,2019-11-08,28.99,29.38,28.0,31423.0,915618.55
HBEA,2019-11-07,29.64,29.94,26.06,16183.0,480128.70
HBEA,2019-11-06,28.69,30.88,27.01,2270.0,66837.50
HBEA,2019-11-05,29.6,30.2,28.0,13592.0,403587.07
HBEA,2019-11-04,30.6,31.47,29.01,4962.0,148624.29
HBEA,2019-11-01,30.95,31.47,27.5,1523.0,44926.38
HBEA,2019-10-31,30.06,32.29,29.57,11452.0,344291.85
HBEA,2019-10-30,30.07,32.99,29.1,8454.0,258063.69
HBEA,2020-07-15,27.71,27.98,27.05,76133.0,2089736.20
HBEA,2020-07-14,27.69,28.1,27.05,75945.0,2099275.21
HBEA,2020-07-13,27.81,29.53,26.22,34229,994780.79
HBEA,2020-07-11,27.1,--,--,--,--
HBEA,2020-07-10,27.1,28.6,24.91,77023.0,2058156.97
HBEA,2020-07-09,27.42,28.6,26.04,93924.0,2532802.02
HBEA,2020-07-08,27.57,30.0,27.0,93567.0,2662816.56
HBEA,2020-07-07,27.69,29.88,27.04,176068.0,4988587.56
HBEA,2020-07-06,27.9,30.66,25.22,70199.0,1968835.20
HBEA,2020-07-03,28.0,29.0,24.5,63831.0,1749822.83
HBEA,2020-07-02,26.49,28.4,25.5,94590.0,2436889.88
HBEA,2020-07-01,26.39,27.55,23.01,69245.0,1803286.57
HBEA,2020-06-30,25.11,26.89,23.66,30264.0,783600.75
HBEA,2020-06-29,25.1,27.77,23.0,54488.0,1369602.64
HBEA,2020-06-24,25.26,25.4,24.51,110721.0,2781829.39
HBEA,2020-06-23,24.87,24.97,24.76,46717.0,1163796.65
HBEA,2020-06-22,24.75,26.88,24.06,65637.0,1652036.13
HBEA,2020-06-19,24.76,26.2,24.02,132109.0,3269005.98
HBEA,2020-06-18,24.75,26.66,23.68,76888.0,1894787.07
HBEA,2020-06-17,24.88,26.09,23.66,73773.0,1853611.06
HBEA,2020-09-09,29.09,29.96,28.1,129669.0,3709228.63
HBEA,2020-09-08,28.99,29.0,28.58,116084.0,3343686.47
HBEA,2020-09-07,28.96,29.48,28.1,178939.0,5145850.57
HBEA,2020-09-04,28.94,29.35,27.87,149673.0,4323988.89
HBEA,2020-09-03,28.95,29.19,28.8,99311.0,2869089.31
HBEA,2020-09-02,28.95,29.2,28.55,81130.0,2332087.27
HBEA,2020-09-01,29.0,29.86,27.5,53966.0,1563457.90
HBEA,2020-08-31,29.0,30.2,27.11,79272.0,2258616.87
HBEA,2020-08-28,29.0,29.18,28.66,96314.0,2779641.41
HBEA,2020-08-27,29.01,30.3,29.0,92823.0,2692357.08
HBEA,2020-08-26,29.1,30.5,28.52,140432.0,4134373.17
HBEA,2020-08-25,29.18,29.49,27.88,95631.0,2771976.67
HBEA,2020-08-24,29.2,30.44,28.01,105179.0,3046368.50
HBEA,2020-08-21,29.59,29.96,28.5,72177.0,2096437.02
HBEA,2020-08-20,29.35,31.0,27.57,92503.0,2685755.43
HBEA,2020-08-19,29.45,31.88,28.01,83344.0,2427536.71
HBEA,2020-08-18,28.99,28.99,25.41,73929.0,2050212.31
HBEA,2020-08-17,27.8,27.93,25.21,132897.0,3678627.17
HBEA,2020-08-14,27.85,27.98,25.22,136868.0,3792210.53
HBEA,2020-08-13,27.85,27.99,27.63,124446.0,3458160.44
HBEA,2020-06-16,24.88,27.33,24.7,21160.0,526128.71
HBEA,2020-06-15,24.9,27.0,23.0,65589.0,1650577.54
HBEA,2020-06-12,25.01,26.98,24.61,68987.0,1749695.28
HBEA,2020-06-11,25.07,26.33,24.4,13429.0,333682.84
HBEA,2020-06-10,25.0,26.99,24.35,8784.0,216112.73
HBEA,2020-06-09,25.19,26.99,23.55,16442.0,415752.98
HBEA,2020-06-08,25.1,27.66,23.88,8243.0,202126.47
HBEA,2020-06-05,25.19,26.3,24.0,12332.0,312301.48
HBEA,2020-06-04,24.73,28.44,24.56,42283.0,1080141.93
HBEA,2020-06-03,26.74,26.99,24.0,4142.0,100500.18
HBEA,2020-06-02,25.07,25.8,24.1,3702.0,92621.11
HBEA,2020-06-01,25.2,26.88,24.5,2595.0,66472.78
HBEA,2020-05-29,25.29,25.99,25.0,67701.0,1710697.53
HBEA,2020-05-28,25.29,27.3,24.11,67231.0,1695148.47
HBEA,2020-05-27,25.29,26.88,23.66,61487.0,1549581.14
HBEA,2020-05-26,25.05,26.66,25.05,65271.0,1670445.89
HBEA,2020-05-25,25.23,26.99,25.22,70952.0,1814772.89
HBEA,2020-05-22,25.69,26.55,25.3,64265.0,1632189.33
HBEA,2020-05-21,25.78,26.88,25.33,30402.0,779567.73
HBEA,2020-05-20,26.29,27.44,25.44,23671.0,612783.63
HBEA,2021-02-09,29.44,29.88,26.87,1749.0,47023.66
HBEA,2021-02-08,28.99,28.99,28.99,5.0,144.95
HBEA,2021-02-05,27.22,29.63,27.22,115.0,3285.15
HBEA,2021-02-04,29.66,29.66,26.89,202.0,5445.63
HBEA,2021-02-03,29.7,29.7,27.22,561.0,15282.82
HBEA,2021-02-02,29.94,30.0,27.95,8347.0,248150.12
HBEA,2021-02-01,30.99,30.99,30.99,5.0,154.95
HBEA,2021-01-29,28.93,28.94,26.56,150116.0,3987166.06
HBEA,2021-01-28,28.96,28.96,28.49,30.0,857.05
HBEA,2021-01-27,31.66,31.66,31.66,5.0,158.30
HBEA,2021-01-26,28.86,28.86,28.86,5.0,144.30
HBEA,2021-01-25,28.48,28.48,28.48,5.0,142.40
HBEA,2021-01-22,28.09,28.71,27.52,302.0,8315.08
HBEA,2021-01-21,28.86,28.86,27.0,13226.0,358180.64
HBEA,2021-01-20,28.18,28.18,27.0,205.0,5540.90
HBEA,2021-01-19,28.83,28.83,27.83,3572.0,99592.06
HBEA,2021-01-18,28.84,28.84,28.84,5.0,144.20
HBEA,2021-01-15,28.46,28.48,28.46,337.0,9591.12
HBEA,2021-01-14,27.99,27.99,27.99,350.0,9796.50
HBEA,2021-01-13,27.98,27.99,27.68,5041.0,139983.40
"HBEA
",2021-03-16,"34.07
","37.00
","30.29
","1713
","52869.35
"
"HBEA
",2021-03-15,"33.65
","36.14
","31.50
","1164
","37390.78
"
"HBEA
",2021-03-12,"34.96
","36.30
","30.08
","1136
","38995.88
"
"HBEA
",2021-03-11,"33.42
","33.96
","28.10
","110
","3677.00
"
"HBEA
",2021-03-10,"31.05
","31.98
","28.05
","249
","7732.52
"
"HBEA
",2021-03-09,"29.97
","29.99
","27.76
","1809
","52659.72
"
"HBEA
",2021-03-08,"30.83
","32.97
","27.61
","7
","220.07
"
"HBEA
",2021-03-05,"30.00
","30.00
","29.42
","1350
","39912.37
"
HBEA,2021-03-04,32.69,37.68,30.84,772.0,25227.50
HBEA,2021-03-03,35.96,36.12,29.56,2010.0,59480.41
HBEA,2021-03-02,32.84,32.98,28.0,210.0,6896.90
HBEA,2021-03-01,29.99,30.0,27.7,452.0,12625.90
HBEA,2021-02-26,30.0,33.0,29.69,18296.0,548499.31
HBEA,2021-02-25,32.99,33.0,32.89,14.0,461.89
HBEA,2021-02-24,36.54,36.54,32.9,515.0,16966.70
HBEA,2021-02-23,36.56,38.39,31.43,3254.0,104607.03
HBEA,2021-02-22,34.92,34.99,30.79,2195.0,72906.57
HBEA,2021-02-19,34.21,35.5,29.06,6.0,206.56
HBEA,2021-02-18,32.28,32.28,32.28,5.0,161.40
HBEA,2021-02-10,29.35,29.35,29.35,154.0,4519.90
HBEA,2021-05-18,29.77,32.95,27.01,2718.0,81306.49
HBEA,2021-05-17,29.99,31.96,29.57,968.0,28689.05
HBEA,2021-05-14,31.02,32.76,29.31,619.0,18617.20
HBEA,2021-05-13,29.88,32.92,28.88,175.0,5139.07
HBEA,2021-05-12,29.96,33.15,27.15,98.0,3062.87
HBEA,2021-05-11,30.17,33.97,29.5,1589.0,47896.73
HBEA,2021-05-10,32.34,33.5,29.0,1051.0,32236.63
HBEA,2021-05-07,30.5,33.98,27.89,764.0,22377.76
HBEA,2021-05-06,30.99,32.98,29.6,948.0,29343.55
HBEA,2021-04-30,30.0,31.9,26.82,4258.0,114844.30
HBEA,2021-04-29,29.09,30.98,28.05,1884.0,54689.29
HBEA,2021-04-28,29.9,29.9,29.0,511.0,14909.17
HBEA,2021-04-27,29.84,32.73,29.0,672.0,20127.79
HBEA,2021-04-26,29.76,32.58,26.89,2744.0,79452.15
HBEA,2021-04-23,29.64,29.8,28.9,29.0,859.60
HBEA,2021-04-22,28.85,30.95,28.81,1284.0,37427.51
HBEA,2021-04-21,30.2,32.4,29.21,21.0,634.30
HBEA,2021-04-20,29.46,30.99,29.0,171.0,4993.49
HBEA,2021-04-19,29.5,33.11,28.99,771.0,22411.01
HBEA,2021-04-16,30.12,31.0,29.16,28.0,844.08
HBEA,2021-04-15,30.6,32.55,29.0,594.0,17416.17
HBEA,2021-04-14,29.6,31.66,28.65,1165.0,33594.33
HBEA,2021-04-13,28.84,33.63,28.41,51.0,1540.20
HBEA,2021-04-12,30.6,33.88,30.56,5194.0,160613.25
HBEA,2021-04-09,33.96,33.96,33.96,1.0,33.96
HBEA,2021-04-08,32.31,32.38,29.4,43.0,1290.52
HBEA,2021-04-07,29.7,29.7,29.69,8.0,237.55
HBEA,2021-04-06,28.71,32.06,28.7,3143.0,90252.70
HBEA,2021-04-02,29.2,31.4,26.09,111.0,3193.96
HBEA,2021-04-01,28.99,31.24,28.0,323.0,9486.50
HBEA,2021-03-31,28.89,31.0,27.1,10245.0,292086.50
HBEA,2021-03-30,29.74,30.0,28.12,921.0,26671.12
HBEA,2021-03-29,30.27,34.88,28.56,1303.0,38982.75
HBEA,2021-03-26,31.72,31.81,27.88,171.0,5171.31
HBEA,2021-03-24,31.57,37.88,31.57,354.0,12433.76
HBEA,2021-03-23,35.08,35.08,35.08,100.0,3508.00
"HBEA
",2021-03-22,"32.00
","32.00
","30.29
","3073
","93261.29
"
"HBEA
",2021-03-19,"33.66
","35.98
","30.02
","2074
","62938.08
"
"HBEA
",2021-03-18,"33.35
","33.70
","27.60
","551
","15501.40
"
"HBEA
",2021-03-17,"30.66
","35.98
","30.66
","535
","17012.80
"
HBEA,2020-10-15,29.3,29.47,29.3,502.0,14708.94
HBEA,2020-10-14,28.99,29.57,28.5,5236.0,150283.64
HBEA,2020-10-13,28.92,29.57,28.4,9867.0,280263.19
HBEA,2020-10-12,28.98,29.76,28.0,3950.0,112243.78
HBEA,2020-10-09,27.37,29.64,26.01,2131.0,58428.14
HBEA,2020-09-30,28.89,29.98,28.89,315918.0,9301865.77
HBEA,2020-09-29,29.6,30.0,29.21,42154.0,1243943.47
HBEA,2020-09-28,29.41,30.37,28.01,57009.0,1667027.05
HBEA,2020-09-25,29.3,29.66,28.88,246890.0,7219985.54
HBEA,2020-09-24,29.23,29.91,29.2,151423.0,4447884.63
HBEA,2020-09-23,29.19,32.0,28.8,120060.0,3486004.49
HBEA,2020-09-22,29.09,30.0,27.61,57514.0,1671089.20
HBEA,2020-09-21,29.0,29.66,28.51,132692.0,3844392.83
HBEA,2020-09-18,29.0,29.98,26.51,118911.0,3435678.94
HBEA,2020-09-17,28.98,29.98,28.33,57223.0,1653486.17
HBEA,2020-09-16,28.51,29.88,28.2,43749.0,1256557.63
HBEA,2020-09-15,29.0,30.19,28.3,82476.0,2375478.53
HBEA,2020-09-14,29.12,30.35,28.52,63099.0,1831914.96
HBEA,2020-09-11,29.28,31.0,28.5,54874.0,1590609.55
HBEA,2020-09-10,28.76,29.88,28.55,83546.0,2416934.14
HBEA,2021-01-12,27.98,27.98,27.98,5.0,139.90
HBEA,2021-01-11,27.8,27.99,27.5,1179.0,32667.23
HBEA,2021-01-08,28.2,28.24,27.5,3401.0,94585.35
HBEA,2021-01-07,28.32,28.33,28.31,7643.0,216438.77
HBEA,2021-01-06,28.34,28.34,28.34,250.0,7085.00
HBEA,2021-01-05,28.35,28.35,28.35,164.0,4649.40
HBEA,2021-01-04,28.36,28.38,28.36,5.0,141.82
HBEA,2020-12-31,27.99,27.99,26.31,4256.0,116199.58
HBEA,2020-12-30,28.28,28.43,27.0,78072.0,2187035.28
HBEA,2020-12-29,28.15,28.41,26.52,44717.0,1249124.23
HBEA,2020-12-28,27.89,28.32,26.45,21038.0,582210.48
HBEA,2020-12-25,27.84,28.5,26.41,243365.0,6885156.29
HBEA,2020-12-24,27.48,27.94,26.31,52867.0,1431081.89
HBEA,2020-12-23,26.24,27.3,26.01,62767.0,1673187.23
HBEA,2020-12-22,27.49,27.92,26.11,65826.0,1750047.17
HBEA,2020-12-21,27.27,27.85,27.24,40836.0,1131441.02
HBEA,2020-12-17,27.2,28.0,25.8,85914.0,2244260.02
HBEA,2020-12-16,27.83,27.93,27.01,22585.0,626723.39
HBEA,2020-12-14,27.75,27.95,25.61,234989.0,6435925.11
HBEA,2020-12-11,27.7,27.95,27.55,127157.0,3524296.57
HBEA,2020-12-10,27.57,27.74,27.21,33502.0,918395.11
HBEA,2020-12-09,27.65,30.5,27.5,386466.0,10789025.92
HBEA,2020-12-08,27.78,27.99,27.68,462057.0,12821734.50
HBEA,2020-12-07,27.85,29.53,27.6,306971.0,8781842.72
HBEA,2020-12-04,27.77,27.99,27.03,76690.0,2120968.15
HBEA,2020-12-03,27.7,28.0,27.03,124296.0,3441752.51
HBEA,2020-12-02,27.69,28.48,27.45,234806.0,6633666.82
HBEA,2020-12-01,27.02,27.78,27.02,97753.0,2687687.44
HBEA,2020-11-30,27.49,27.99,27.45,58562.0,1621295.95
HBEA,2020-11-27,28.12,28.59,27.81,58037.0,1635137.99
HBEA,2020-11-26,28.04,28.1,27.5,118629.0,3312159.66
HBEA,2020-11-25,27.79,27.85,27.14,72081.0,1987332.14
HBEA,2020-11-24,27.26,28.3,26.5,189598.0,5110752.61
HBEA,2020-11-23,27.52,28.78,26.21,109369.0,3000692.41
HBEA,2020-11-20,27.99,28.6,27.5,61558.0,1719513.51
HBEA,2020-11-19,27.99,28.5,27.8,97541.0,2736240.78
HBEA,2020-11-18,28.4,28.95,27.5,76192.0,2130667.19
HBEA,2020-11-17,28.46,28.89,25.8,37828.0,1045141.86
HBEA,2020-11-16,28.5,29.48,28.4,207462.0,6046629.92
HBEA,2020-11-13,28.69,29.19,27.46,78000.0,2239868.82
HBEA,2020-11-12,29.0,29.49,25.9,188315.0,5352241.62
HBEA,2020-11-11,28.73,29.95,28.21,61887.0,1777042.31
HBEA,2020-11-10,29.39,29.58,27.01,23419.0,638534.23
HBEA,2020-11-09,29.56,30.0,28.7,8015.0,230193.85
HBEA,2020-11-06,29.68,30.2,29.67,1101.0,32679.20
HBEA,2020-11-05,29.22,29.99,26.66,8518.0,230010.36
HBEA,2020-11-04,29.39,29.88,26.77,23969.0,657960.63
HBEA,2020-11-03,29.55,29.98,27.01,15344.0,422628.81
HBEA,2020-11-02,29.41,29.99,28.1,547.0,15829.57
HBEA,2020-10-30,29.65,32.32,28.7,62194.0,1963081.90
HBEA,2020-10-29,29.4,31.8,28.8,8752.0,254644.22
HBEA,2020-10-28,28.92,30.0,28.9,69719.0,2023100.31
HBEA,2020-10-27,28.99,29.55,28.7,40687.0,1174870.27
HBEA,2020-10-26,29.0,29.0,27.0,115910.0,3350610.86
HBEA,2020-10-23,29.0,29.5,28.91,23374.0,677315.30
HBEA,2020-10-22,28.97,31.79,28.95,9021.0,261965.06
HBEA,2020-10-21,29.12,29.6,28.82,13504.0,393781.86
HBEA,2020-10-20,29.1,29.59,27.44,12617.0,364855.13
HBEA,2020-10-19,28.9,29.59,28.55,13598.0,390527.56
HBEA,2020-10-16,28.8,29.0,28.45,22692.0,648454.92
HBEA,2020-08-12,27.87,27.98,25.12,147084.0,4084652.18
HBEA,2020-08-11,27.77,27.85,27.24,103983.0,2881037.20
HBEA,2020-08-10,27.84,27.96,26.83,98026.0,2724657.71
HBEA,2020-08-07,27.8,28.08,25.21,64730.0,1799207.95
HBEA,2020-08-06,27.8,29.4,26.0,89567.0,2478760.53
HBEA,2020-08-05,27.85,28.15,25.35,67400.0,1864724.40
HBEA,2020-08-04,27.85,28.16,25.23,93226.0,2589201.06
HBEA,2020-08-03,27.8,28.16,25.23,112667.0,3129675.97
HBEA,2020-07-31,27.8,28.14,27.0,113604.0,3159290.08
HBEA,2020-07-30,27.88,28.45,27.3,98775.0,2748750.57
HBEA,2020-07-29,27.88,28.49,27.15,99254.0,2759834.18
HBEA,2020-07-28,27.8,27.98,26.88,110112.0,3062645.43
HBEA,2020-07-27,27.84,28.22,26.15,107484.0,2985308.36
HBEA,2020-07-24,27.85,28.18,27.73,98535.0,2741515.27
HBEA,2020-07-23,27.8,28.5,27.1,125935.0,3500081.27
HBEA,2020-07-22,27.78,27.8,26.7,112066.0,3107470.27
HBEA,2020-07-21,27.78,27.96,27.55,89996.0,2496324.74
HBEA,2020-07-20,27.71,27.94,27.4,97686.0,2705092.47
HBEA,2020-07-17,27.7,27.99,27.35,123226.0,3408339.21
HBEA,2020-07-16,27.71,28.0,26.44,76344.0,2097337.20
