,Trading Index,Date,Settlement Price (yuan/ton),Highest Price,Lowest Price,Settlement Volume (ton),Turnover (yuan),Return
590,,1970-01-01,,,,,,
589,HBEA,2017-04-05,16.55,17.90,16.50,9382.00,167152.08,
588,HBEA,2017-04-06,16.55,16.55,15.50,11126.00,179145.25,0.0
587,HBEA,2017-04-07,16.03,17.00,16.01,38449.00,637564.37,-0.03141993957703926
586,HBEA,2017-04-10,16.0,16.48,16.00,11418.00,184092.65,-0.0018714909544604863
585,HBEA,2017-04-11,15.89,16.19,15.51,34554.00,551255.02,-0.0068749999999999645
584,HBEA,2017-04-12,15.3,15.70,14.60,93268.00,1399910.20,-0.037130270610446825
583,HBEA,2017-04-13,14.81,15.20,14.51,118153.00,1734203.41,-0.03202614379084967
582,HBEA,2017-04-14,14.59,15.00,13.50,50182.00,709297.38,-0.014854827819041239
581,HBEA,2017-04-17,15.25,15.95,14.50,51771.00,760241.70,0.04523646333104869
580,HBEA,2017-04-18,15.34,15.66,14.60,116520.00,1764938.72,0.005901639344262355
259,HBEA,2017-04-19,15.52,15.87,15.48,67552.00,1056588.90,0.011734028683181297
258,HBEA,2017-04-20,15.54,15.60,15.36,21260.00,328409.19,0.0012886597938144284
257,HBEA,2017-04-21,15.9,16.08,15.04,126544.00,2013150.39,0.023166023166023342
256,HBEA,2017-04-24,16.08,17.33,15.61,87614.00,1417353.62,0.011320754716980908
255,HBEA,2017-04-25,16.77,16.94,16.09,45572.00,756246.54,0.042910447761194126
254,HBEA,2017-04-26,16.69,17.80,15.10,13447.00,223492.28,-0.004770423375074384
253,HBEA,2017-04-27,16.54,17.00,15.15,81352.00,1269651.05,-0.008987417615338611
252,HBEA,2017-04-28,16.29,17.99,15.50,35544.00,576583.11,-0.015114873035066534
251,HBEA,2017-05-02,16.12,17.29,16.10,9194.00,149882.24,-0.010435850214855602
250,HBEA,2017-05-03,15.84,17.18,14.51,30036.00,473119.96,-0.017369727047146455
249,HBEA,2017-05-04,16.21,16.70,14.50,208920.00,3220078.18,0.023358585858585856
248,HBEA,2017-05-05,16.2,16.47,16.00,128196.00,2079965.55,-0.0006169031462061048
247,HBEA,2017-05-08,16.29,16.88,16.20,50599.00,838120.44,0.005555555555555536
246,HBEA,2017-05-09,16.5,16.77,16.34,38130.00,628366.44,0.012891344383057168
245,HBEA,2017-05-10,16.48,16.89,16.19,65950.00,1088374.04,-0.00121212121212122
244,HBEA,2017-05-11,16.23,16.70,16.20,49102.00,804893.94,-0.015169902912621325
243,HBEA,2017-05-12,16.34,16.50,16.30,112257.00,1841538.82,0.0067775723967959944
242,HBEA,2017-05-15,16.33,16.41,16.32,47984.00,785072.56,-0.000611995104039309
241,HBEA,2017-05-16,16.37,16.40,15.50,92796.00,1471027.02,0.0024494794856093627
240,HBEA,2017-05-17,16.4,16.46,16.32,232229.00,3805336.94,0.0018326206475258733
299,HBEA,2017-05-18,16.48,16.55,16.11,250302.00,4107410.84,0.004878048780487809
298,HBEA,2017-05-19,16.85,16.90,16.46,131997.00,2199961.59,0.022451456310679685
297,HBEA,2017-05-22,16.91,17.79,16.50,105241.00,1765606.83,0.0035608308605341588
296,HBEA,2017-05-23,16.91,17.00,15.71,92381.00,1553741.75,0.0
295,HBEA,2017-05-24,16.84,17.15,16.67,32157.00,544594.44,-0.004139562389118834
294,HBEA,2017-05-25,16.92,17.08,15.81,113465.00,1906484.81,0.004750593824228044
293,HBEA,2017-05-26,16.7,16.90,16.48,108470.00,1813845.20,-0.013002364066194039
292,HBEA,2017-05-31,16.71,16.73,16.50,39886.00,665618.15,0.0005988023952097077
291,HBEA,2017-06-01,16.63,17.00,16.51,58834.00,978805.80,-0.004787552363854086
290,HBEA,2017-06-02,16.28,16.50,16.20,16249.00,266620.60,-0.021046301864100947
289,HBEA,2017-06-05,16.11,16.74,16.11,54149.00,888308.56,-0.010442260442260598
288,HBEA,2017-06-06,16.09,16.15,15.50,48316.00,770356.23,-0.0012414649286157653
287,HBEA,2017-06-07,15.78,16.98,15.60,62942.00,1018053.31,-0.019266625233063994
286,HBEA,2017-06-08,15.81,16.40,15.56,24044.00,386364.86,0.0019011406844107182
285,HBEA,2017-06-09,15.85,15.95,15.50,28862.00,454831.11,0.0025300442757747454
284,HBEA,2017-06-12,15.94,16.47,15.50,81820.00,1301784.24,0.005678233438485725
283,HBEA,2017-06-13,15.46,16.76,15.42,113716.00,1771526.79,-0.030112923462986108
282,HBEA,2017-06-14,15.65,16.50,14.00,94537.00,1479849.06,0.012289780077619605
281,HBEA,2017-06-15,15.64,15.88,15.55,114848.00,1796149.60,-0.0006389776357826893
280,HBEA,2017-06-16,15.65,15.98,14.10,162341.00,2527775.50,0.0006393861892584063
39,HBEA,2017-06-19,15.6,16.39,15.41,143297.00,2241889.21,-0.0031948881789137795
38,HBEA,2017-06-20,15.4,15.60,14.08,150205.00,2334295.41,-0.012820512820512775
37,HBEA,2017-06-21,15.33,15.55,15.01,159492.00,2440128.95,-0.004545454545454519
36,HBEA,2017-06-22,14.71,16.21,14.00,243525.00,3727920.92,-0.04044357469015003
35,HBEA,2017-06-23,14.36,14.99,14.30,229987.00,3330719.92,-0.023793337865397834
34,HBEA,2017-06-26,13.9,14.50,13.90,171768.00,2418343.84,-0.03203342618384397
33,HBEA,2017-06-27,13.99,14.19,12.51,141632.00,1964714.88,0.006474820143884896
32,HBEA,2017-06-28,13.68,13.99,13.32,173219.00,2410514.98,-0.022158684774839177
31,HBEA,2017-06-29,13.44,13.80,13.25,160743.00,2144540.85,-0.01754385964912286
30,HBEA,2017-06-30,13.58,13.70,13.50,136324.00,1850807.23,0.01041666666666674
29,HBEA,2017-07-03,13.67,13.78,13.41,109463.00,1494696.16,0.006627393225331346
28,HBEA,2017-07-04,14.07,14.50,13.67,119026.00,1690610.67,0.029261155815654805
27,HBEA,2017-07-05,13.95,14.34,13.65,338520.00,4756140.67,-0.008528784648187737
26,HBEA,2017-07-06,14.0,14.38,13.60,150845.00,2091384.49,0.0035842293906811484
25,HBEA,2017-07-07,14.0,14.20,13.96,100122.00,1405008.32,0.0
24,HBEA,2017-07-10,13.92,14.54,13.11,57841.00,798789.45,-0.005714285714285672
23,HBEA,2017-07-11,14.0,14.00,13.50,173732.00,2413330.48,0.005747126436781658
22,HBEA,2017-07-12,13.8,13.97,13.02,152829.00,2099339.89,-0.014285714285714235
21,HBEA,2017-07-13,13.91,13.96,13.85,386336.00,5381028.09,0.007971014492753614
20,HBEA,2017-07-14,13.9,13.99,13.21,181046.00,2502346.69,-0.0007189072609633529
59,HBEA,2017-07-17,13.88,13.97,13.45,153732.00,2116053.88,-0.0014388489208633226
58,HBEA,2017-07-18,13.65,13.95,13.30,150363.00,2049043.50,-0.016570605187319898
57,HBEA,2017-07-19,13.19,13.85,12.99,191379.00,2546098.10,-0.0336996336996338
56,HBEA,2017-07-20,12.88,13.33,12.41,66329.00,846221.99,-0.023502653525397932
55,HBEA,2017-07-21,13.45,13.70,12.68,276133.00,3633288.36,0.044254658385093126
54,HBEA,2017-07-24,13.48,13.80,13.01,393721.00,5326554.98,0.0022304832713755385
53,HBEA,2017-07-25,13.22,13.40,12.55,196458.00,2594795.81,-0.01928783382789312
52,HBEA,2017-07-26,13.32,13.75,13.00,146373.00,1950927.08,0.0075642965204236745
51,HBEA,2017-07-27,13.31,13.44,13.28,310254.00,4134938.78,-0.0007507507507507061
50,HBEA,2017-07-28,13.11,13.31,12.35,305339.00,4014566.02,-0.015026296018031626
49,HBEA,2017-07-31,13.01,13.89,12.75,487229.00,6402611.33,-0.0076277650648359785
48,HBEA,2017-08-01,12.28,13.18,12.00,63816.00,790349.33,-0.0561106840891622
47,HBEA,2017-08-02,11.56,13.20,11.50,67335.00,793054.61,-0.05863192182410415
46,HBEA,2017-08-03,12.0,12.34,11.26,18045.00,213012.33,0.03806228373702414
45,HBEA,2017-08-04,12.23,12.50,11.51,25931.00,304472.60,0.019166666666666776
44,HBEA,2017-08-07,12.29,12.78,11.81,989.00,12353.79,0.004905968928863302
43,HBEA,2017-08-08,12.41,12.69,12.02,9124.00,111634.46,0.009764035801464788
42,HBEA,2017-08-09,12.43,12.43,12.20,922.00,11345.83,0.0016116035455278066
41,HBEA,2017-08-10,12.4,12.69,12.39,458.00,5677.29,-0.002413515687851975
40,HBEA,2017-08-11,12.56,12.80,12.49,2841.00,35865.04,0.012903225806451646
179,HBEA,2017-08-14,12.83,12.87,12.20,6538.00,80909.71,0.02149681528662417
178,HBEA,2017-08-15,12.45,12.98,12.20,3278.00,40030.20,-0.029618082618862118
177,HBEA,2017-08-16,12.23,12.50,12.02,1582.00,19584.81,-0.017670682730923648
176,HBEA,2017-08-17,12.3,12.64,12.28,34196.00,420898.10,0.005723630417007408
175,HBEA,2017-08-18,12.39,12.80,12.27,244.00,3021.98,0.007317073170731714
174,HBEA,2017-08-21,12.31,12.50,12.26,1151.00,14176.48,-0.006456820016142006
173,HBEA,2017-08-22,12.51,12.74,12.42,105.00,1313.42,0.01624695369618201
172,HBEA,2017-08-23,12.7,13.50,12.60,2230.00,28192.99,0.0151878497202238
171,HBEA,2017-08-24,13.39,13.50,11.50,640.00,8568.00,0.05433070866141754
170,HBEA,2017-08-25,12.71,13.17,12.40,307.00,3900.06,-0.05078416728902169
169,HBEA,2017-08-28,12.61,12.97,12.61,1063.00,13412.13,-0.007867820613690069
168,HBEA,2017-08-29,12.63,12.89,12.40,14.00,176.64,0.0015860428231564416
167,HBEA,2017-08-30,12.74,13.89,12.60,3058.00,38858.04,0.0087094220110846
166,HBEA,2017-08-31,12.76,13.78,12.75,522.00,7003.56,0.0015698587127157548
165,HBEA,2017-09-01,12.97,13.30,12.30,5938.00,73770.25,0.016457680250783868
164,HBEA,2017-09-04,12.76,14.27,11.68,703.00,8979.88,-0.01619121048573635
163,HBEA,2017-09-05,12.93,13.20,12.51,116207.00,1469964.17,0.013322884012539227
162,HBEA,2017-09-06,12.94,13.08,12.82,411.00,5321.28,0.0007733952049497894
161,HBEA,2017-09-07,12.87,13.32,12.65,94952.00,1219905.02,-0.005409582689335446
160,HBEA,2017-09-08,12.88,14.16,12.81,101042.00,1308272.63,0.0007770007770009357
119,HBEA,2017-09-11,13.17,13.83,12.72,84083.00,1082102.17,0.02251552795031042
118,HBEA,2017-09-12,13.01,13.30,12.96,81533.00,1059216.66,-0.012148823082763882
117,HBEA,2017-09-13,13.2,13.20,12.89,102978.00,1330104.80,0.01460415065334364
116,HBEA,2017-09-14,13.1,14.49,12.90,64280.00,838493.72,-0.007575757575757569
115,HBEA,2017-09-15,13.08,13.50,13.02,77278.00,1010412.61,-0.0015267175572518665
114,HBEA,2017-09-18,13.1,13.33,13.10,123.00,1611.73,0.001529051987767538
113,HBEA,2017-09-19,13.19,13.48,13.01,204.00,2691.68,0.006870229007633677
112,HBEA,2017-09-20,13.01,13.30,13.01,473.00,6156.52,-0.013646702047005244
111,HBEA,2017-09-21,13.08,13.30,13.08,672.00,8936.49,0.005380476556495095
110,HBEA,2017-09-22,13.05,13.38,13.05,6.00,78.63,-0.002293577981651307
109,HBEA,2017-09-25,13.3,13.39,13.20,1095.00,14567.05,0.019157088122605304
108,HBEA,2017-09-26,13.25,14.60,13.21,5175.00,74754.75,-0.003759398496240629
107,HBEA,2017-09-27,13.25,13.69,11.93,407.00,5547.87,0.0
106,HBEA,2017-09-28,13.5,14.37,12.00,111372.00,1488536.27,0.018867924528301883
105,HBEA,2017-09-29,13.81,13.88,13.80,405.00,5592.27,0.022962962962963074
104,HBEA,2017-10-09,13.51,15.18,13.48,31.00,437.91,-0.02172338884866043
103,HBEA,2017-10-10,12.18,14.39,12.18,18002.00,219267.78,-0.0984455958549223
102,HBEA,2017-10-11,13.4,13.40,12.00,11900.00,145550.00,0.10016420361247946
101,HBEA,2017-10-12,13.71,14.39,13.40,922.00,12940.93,0.023134328358209055
100,HBEA,2017-10-13,14.61,14.77,13.90,1143.00,15974.91,0.06564551422319465
239,HBEA,2017-10-16,13.93,15.79,13.93,88.00,1235.66,-0.04654346338124571
238,HBEA,2017-10-17,14.3,15.00,13.94,517.00,7213.91,0.026561378320172357
237,HBEA,2017-10-18,13.94,15.29,13.94,106.00,1583.99,-0.025174825174825277
236,HBEA,2017-10-19,14.35,14.99,13.13,1071.00,15569.29,0.02941176470588247
235,HBEA,2017-10-20,13.73,14.92,13.71,8.00,111.82,-0.0432055749128919
234,HBEA,2017-10-23,13.69,14.49,13.56,28.00,385.12,-0.0029133284777859147
233,HBEA,2017-10-24,13.69,14.13,13.69,6481.00,88734.70,0.0
232,HBEA,2017-10-25,13.82,14.59,13.75,7603.00,104955.03,0.009495982468955555
231,HBEA,2017-10-26,13.62,14.59,13.36,35072.00,481694.64,-0.01447178002894367
230,HBEA,2017-10-27,13.84,14.88,13.84,3011.00,42156.15,0.016152716593245353
229,HBEA,2017-10-30,13.76,14.44,13.50,35157.00,476413.28,-0.005780346820809301
228,HBEA,2017-10-31,13.96,14.78,13.90,5141.00,71710.90,0.014534883720930258
227,HBEA,2017-11-01,14.02,15.13,14.01,10796.00,157194.26,0.004297994269340855
226,HBEA,2017-11-02,14.27,14.96,13.90,49190.00,687727.93,0.01783166904422262
225,HBEA,2017-11-03,14.25,15.58,14.04,9537.00,134989.10,-0.0014015416958653715
224,HBEA,2017-11-06,14.39,14.46,14.27,17478.00,251065.69,0.009824561403508847
223,HBEA,2017-11-07,14.79,15.39,14.25,127164.00,1820910.06,0.027797081306462745
222,HBEA,2017-11-08,14.72,16.24,14.55,59966.00,898517.75,-0.0047329276538200515
221,HBEA,2017-11-09,15.05,15.69,14.73,6892.00,101789.11,0.022418478260869623
220,HBEA,2017-11-10,15.94,16.28,14.90,22051.00,331531.35,0.05913621262458468
99,HBEA,2017-11-13,16.19,17.48,15.90,54574.00,899646.54,0.015683814303638854
98,HBEA,2017-11-14,16.2,16.55,15.85,53446.00,874930.14,0.0006176652254477055
97,HBEA,2017-11-15,15.99,16.46,15.80,15995.00,259090.44,-0.012962962962962954
96,HBEA,2017-11-16,16.01,16.37,15.67,240247.00,3878580.57,0.001250781738586726
95,HBEA,2017-11-17,16.02,16.60,15.81,12769.00,205069.32,0.0006246096189879147
94,HBEA,2017-11-20,15.95,16.50,15.88,9991.00,159153.85,-0.004369538077403257
93,HBEA,2017-11-21,15.7,16.20,15.68,6188.00,97920.77,-0.01567398119122254
92,HBEA,2017-11-22,15.1,15.95,14.90,27944.00,431517.69,-0.03821656050955413
91,HBEA,2017-11-23,15.36,16.18,13.61,1832.00,27843.19,0.017218543046357615
90,HBEA,2017-11-24,15.27,15.64,15.02,8045.00,123500.15,-0.005859375
89,HBEA,2017-11-27,14.93,15.68,14.90,14086.00,211588.24,-0.02226588081204972
88,HBEA,2017-11-28,15.14,15.20,14.91,8198.00,122462.92,0.01406563965170804
87,HBEA,2017-11-29,14.98,15.76,14.85,7934.00,118146.20,-0.010568031704095149
86,HBEA,2017-11-30,14.88,15.43,14.80,6565.00,98239.24,-0.006675567423230944
85,HBEA,2017-12-01,14.95,15.49,14.79,33299.00,498636.24,0.0047043010752687575
84,HBEA,2017-12-04,15.33,15.68,14.91,8792.00,132713.55,0.025418060200669057
83,HBEA,2017-12-05,15.26,15.79,15.03,15068.00,231983.87,-0.004566210045662156
82,HBEA,2017-12-06,15.17,15.49,15.10,3998.00,60989.45,-0.005897771952817821
81,HBEA,2017-12-07,15.19,15.45,15.15,6557.00,99647.92,0.0013183915622940745
80,HBEA,2017-12-08,15.16,15.69,15.10,9826.00,149139.85,-0.0019749835418038098
79,HBEA,2017-12-11,15.33,15.98,15.16,4644,70667.33,0.01121372031662271
78,HBEA,2017-12-12,15.49,15.58,15.1,37316,568743.02,0.010437051532941943
77,HBEA,2017-12-13,15.24,15.47,15.16,36179,552291.2,-0.016139444803098812
76,HBEA,2017-12-14,15.21,15.48,15.1,19470,295943.23,-0.0019685039370078705
75,HBEA,2017-12-15,15.19,15.88,15.1,12026,182387.82,-0.0013149243918475495
74,HBEA,2017-12-18,15.05,15.47,14.51,5756,87375.57,-0.009216589861751112
73,HBEA,2017-12-19,15.19,15.5,15.1,35839,550242.38,0.009302325581395321
72,HBEA,2017-12-20,15.32,16.08,15.3,21772,336464.58,0.008558262014483287
71,HBEA,2017-12-21,15.38,15.95,15.25,10797,166595.63,0.003916449086161844
70,HBEA,2017-12-22,15.45,16.6,15.31,21862,340434.9,0.004551365409622754
69,HBEA,2017-12-25,15.6,15.75,15.28,7203,112888.87,0.009708737864077666
68,HBEA,2017-12-26,15.62,15.74,15.5,15183,237199.65,0.0012820512820512775
67,HBEA,2017-12-27,15.63,16.04,15.48,18009,284273.47,0.000640204865557159
66,HBEA,2017-12-28,15.52,15.71,14.14,13551,212531.98,-0.007037747920665471
65,HBEA,2017-12-29,15.68,15.96,15.3,11760,185213.8,0.010309278350515427
64,HBEA,2018-01-02,15.23,15.58,15.2,631,9598.68,-0.02869897959183665
63,HBEA,2018-01-03,15.29,15.4,15.11,2905,44144.67,0.003939592908732692
62,HBEA,2018-01-04,15.02,15.39,13.81,1090,16609.11,-0.017658600392413293
61,HBEA,2018-01-05,14.7,15.39,13.6,8144,120422.4,-0.02130492676431428
60,HBEA,2018-01-08,15.01,15.59,13.24,63244,843098.6,0.021088435374149617
139,HBEA,2018-01-09,15.29,15.88,14.82,68,1030.33,0.01865423051299131
138,HBEA,2018-01-10,15.42,15.69,14.51,1009,14705.74,0.008502289077828795
137,HBEA,2018-01-11,15.3,15.91,14.76,713,10860.71,-0.0077821011673151474
136,HBEA,2018-01-12,15.33,15.99,14.6,153,2273.09,0.0019607843137254832
135,HBEA,2018-01-15,15.19,15.2,14.49,6,90.45,-0.0091324200913242
134,HBEA,2018-01-16,15.34,15.98,14.96,1549,23237.95,0.00987491770901916
133,HBEA,2018-01-17,14.76,15.35,14.71,3182.0,47358.26,-0.03780964797913955
132,HBEA,2018-01-18,14.98,15.35,14.75,4514.0,66780.19,0.014905149051490652
131,HBEA,2018-01-19,14.95,16.16,13.6,4109.0,60009.89,-0.0020026702269693164
130,HBEA,2018-01-22,15.14,15.9,14.5,1090.0,15833.99,0.012709030100334529
129,HBEA,2018-01-23,15.07,16.55,15.03,3356.0,50593.65,-0.004623513870541607
128,HBEA,2018-01-24,14.99,15.04,14.32,31.0,458.43,-0.005308560053085554
127,HBEA,2018-01-25,14.99,16.48,14.01,800.0,11990.55,0.0
126,HBEA,2018-01-26,14.57,14.99,14.53,11683.0,174127.95,-0.028018679119412915
125,HBEA,2018-01-29,14.93,15.0,14.7,22937.0,342409.80,0.024708304735758357
124,HBEA,2018-01-30,15.44,15.96,14.5,710.0,10306.22,0.03415941058271943
123,HBEA,2018-01-31,15.14,15.2,14.1,73998.0,1102027.51,-0.01943005181347146
122,HBEA,2018-02-01,14.85,15.86,14.69,54563.0,807250.94,-0.01915455746367245
121,HBEA,2018-02-02,14.97,15.28,14.7,30114.0,447677.73,0.008080808080808133
120,HBEA,2018-02-05,14.64,16.43,14.64,12.0,179.57,-0.022044088176352727
219,HBEA,2018-02-06,14.9,15.18,13.42,13.0,190.70,0.01775956284153013
218,HBEA,2018-02-07,14.93,15.6,14.3,14504.0,213208.85,0.002013422818791799
217,HBEA,2018-02-08,14.99,14.99,14.99,67.0,1004.33,0.004018754186202234
216,HBEA,2018-02-09,15.02,15.55,14.65,9.0,134.95,0.002001334222815121
215,HBEA,2018-02-12,14.4,14.98,14.3,502.0,7229.28,-0.04127829560585883
214,HBEA,2018-02-13,14.15,15.44,14.08,182.0,2572.48,-0.01736111111111116
213,HBEA,2018-02-14,15.29,15.29,14.2,12.0,176.94,0.08056537102473493
212,HBEA,2018-02-22,16.35,16.7,16.0,2.0,32.70,0.06932635709614132
211,HBEA,2018-02-23,14.72,15.88,14.72,159.0,2345.06,-0.09969418960244647
210,HBEA,2018-02-26,14.3,15.16,14.12,204.0,2888.76,-0.028532608695652217
209,HBEA,2018-02-27,14.84,15.43,14.21,2126.0,30390.13,0.03776223776223775
208,HBEA,2018-02-28,14.99,15.94,14.25,11.0,163.83,0.010107816711590223
207,HBEA,2018-03-01,14.07,15.22,14.01,34.0,483.76,-0.06137424949966641
206,HBEA,2018-03-02,14.99,15.27,14.1,518.0,7469.69,0.06538734896943854
205,HBEA,2018-03-05,14.98,16.18,14.97,1414.0,21187.89,-0.0006671114076050033
204,HBEA,2018-03-06,15.09,16.45,14.21,4.0,60.34,0.007343124165553938
203,HBEA,2018-03-07,14.86,14.99,14.35,1810.0,26863.46,-0.015241882041086896
202,HBEA,2018-03-08,14.84,14.85,14.4,662.0,9684.00,-0.0013458950201884479
201,HBEA,2018-03-09,15.46,15.88,14.1,19481.0,286331.49,0.0417789757412399
200,HBEA,2018-03-12,14.95,16.3,14.21,818.0,11736.67,-0.03298835705045289
159,HBEA,2018-03-13,14.8,14.98,14.79,12542.0,185597.52,-0.010033444816053394
158,HBEA,2018-03-14,14.98,15.48,14.4,152.0,2193.86,0.012162162162162149
157,HBEA,2018-03-15,14.98,--,--,--,--,0.0
156,HBEA,2018-03-16,14.98,14.99,14.5,416.0,6039.79,0.0
155,HBEA,2018-03-19,14.86,14.97,14.7,1535.0,22722.39,-0.008010680907877266
154,HBEA,2018-03-20,14.78,14.8,14.3,2226.0,31870.68,-0.0053835800807536804
153,HBEA,2018-03-21,15.19,15.49,14.99,2376.0,35639.24,0.027740189445196295
152,HBEA,2018-03-22,15.51,15.55,15.5,4.0,62.05,0.02106649111257397
151,HBEA,2018-03-23,14.95,16.7,14.3,4738.0,70866.97,-0.0361057382333978
150,HBEA,2018-03-26,15.24,15.75,14.5,743.0,11141.95,0.019397993311036865
149,HBEA,2018-03-27,14.94,15.26,14.6,1504.0,22355.77,-0.019685039370078816
148,HBEA,2018-03-28,15.17,15.18,14.5,64258.0,951420.81,0.0153949129852744
147,HBEA,2018-03-29,15.11,15.43,14.4,35.0,525.71,-0.0039551746868820015
146,HBEA,2018-03-30,14.89,15.58,13.6,4004.0,58478.17,-0.014559894109860916
145,HBEA,2018-04-02,15.25,15.95,13.6,1631.0,23235.69,0.02417730020147757
144,HBEA,2018-04-03,15.48,16.4,14.51,2229.0,33430.34,0.015081967213114833
143,HBEA,2018-04-04,15.6,15.98,14.9,12955.0,200213.06,0.007751937984496138
142,HBEA,2018-04-09,15.76,15.85,14.1,31297.0,485102.20,0.01025641025641022
141,HBEA,2018-04-10,15.7,15.75,15.3,3630.0,56105.00,-0.0038071065989847552
140,HBEA,2018-04-11,15.07,17.25,15.0,26.0,394.71,-0.04012738853503184
319,HBEA,2018-04-12,15.5,16.49,14.6,99236.0,1483903.79,0.028533510285335018
318,HBEA,2018-04-13,15.74,16.49,15.03,4016.0,61249.04,0.015483870967741842
317,HBEA,2018-04-16,14.72,17.29,14.65,8.0,122.83,-0.06480304955527316
316,HBEA,2018-04-17,15.45,15.75,15.2,7435.0,113707.15,0.04959239130434767
315,HBEA,2018-04-18,15.47,15.47,15.1,3936.0,59823.14,0.0012944983818770073
314,HBEA,2018-04-19,15.99,16.95,15.25,12305.0,191198.40,0.03361344537815114
313,HBEA,2018-04-20,15.49,16.0,15.25,5789.0,88475.50,-0.03126954346466537
312,HBEA,2018-04-23,15.54,15.97,15.0,3011.0,45551.67,0.0032278889606196515
311,HBEA,2018-04-24,15.58,16.3,15.15,3017.0,45965.60,0.002574002574002643
310,HBEA,2018-04-25,15.57,16.3,15.3,2583.0,39661.58,-0.0006418485237483784
309,HBEA,2018-04-26,15.66,16.0,15.0,13347.0,207039.73,0.005780346820809301
308,HBEA,2018-04-27,15.53,16.99,15.21,26038.0,401915.89,-0.008301404853129024
307,HBEA,2018-05-02,16.0,17.0,15.35,6011.0,92417.15,0.030264005151320106
306,HBEA,2018-05-03,15.96,16.49,15.0,49232.0,746098.52,-0.0024999999999999467
305,HBEA,2018-05-04,15.8,17.4,15.31,1204.0,18702.34,-0.010025062656641603
304,HBEA,2018-05-07,15.65,16.19,15.2,9590.0,148207.34,-0.009493670886076
303,HBEA,2018-05-08,15.6,15.6,15.3,10038.0,156358.43,-0.0031948881789137795
302,HBEA,2018-05-09,15.55,15.8,15.3,14111.0,217666.05,-0.0032051282051280827
301,HBEA,2018-05-10,15.58,16.3,15.32,6011.0,93140.30,0.0019292604501608412
300,HBEA,2018-05-11,15.64,15.7,15.38,10864.0,168347.10,0.0038510911424904926
479,HBEA,2018-05-14,15.56,15.68,15.4,10805.0,167419.07,-0.005115089514066473
478,HBEA,2018-05-15,15.56,16.0,15.1,22003.0,340157.20,0.0
477,HBEA,2018-05-16,15.57,15.59,15.35,23144.0,358431.11,0.0006426735218509894
476,HBEA,2018-05-17,15.59,15.65,15.45,15610.0,242386.44,0.0012845215157353262
475,HBEA,2018-05-18,15.47,16.5,15.44,17366.0,269242.36,-0.007697241821680523
474,HBEA,2018-05-21,15.5,16.5,15.45,8428.0,130779.29,0.0019392372333548735
473,HBEA,2018-05-22,15.49,17.0,15.35,10727.0,165482.31,-0.000645161290322549
472,HBEA,2018-05-23,15.55,15.6,15.48,36262.0,562929.82,0.003873466752743804
471,HBEA,2018-05-24,16.1,16.3,15.55,33432.0,532971.86,0.03536977491961424
470,HBEA,2018-05-25,17.52,17.69,15.52,29444.0,494882.68,0.08819875776397512
469,HBEA,2018-05-28,16.82,17.9,15.88,32452.0,560149.07,-0.03995433789954339
468,HBEA,2018-05-29,16.97,17.1,16.5,223965.0,3801228.08,0.008917954815695461
467,HBEA,2018-05-30,17.39,17.39,16.02,34268.0,578817.11,0.024749558043606568
466,HBEA,2018-05-31,17.0,17.0,16.65,13576.0,227271.32,-0.022426682001150167
465,HBEA,2018-06-01,16.75,16.97,15.35,202011.0,3427634.19,-0.014705882352941124
464,HBEA,2018-06-04,16.94,17.0,16.55,756.0,12626.72,0.011343283582089692
463,HBEA,2018-06-05,16.88,17.29,16.49,20364.0,340962.14,-0.0035419126328218864
462,HBEA,2018-06-06,16.57,18.57,16.0,13154.0,217857.03,-0.01836492890995256
461,HBEA,2018-06-07,16.61,17.0,15.4,14351.0,238607.83,0.002414001207000638
460,HBEA,2018-06-08,16.76,18.2,15.11,18285.0,307233.74,0.009030704394942912
279,HBEA,2018-06-11,16.57,17.5,16.2,23382.0,388932.94,-0.011336515513126533
278,HBEA,2018-06-12,16.5,17.0,15.01,133246.0,2182558.24,-0.004224502112251116
277,HBEA,2018-06-13,16.48,16.86,15.78,59065.0,965641.24,-0.00121212121212122
276,HBEA,2018-06-14,16.5,16.75,16.27,9424.0,155074.56,0.0012135922330096527
275,HBEA,2018-06-15,16.7,17.2,16.3,153091.0,2569818.90,0.012121212121211977
274,HBEA,2018-06-19,16.8,17.1,15.6,33279.0,561256.13,0.005988023952095967
273,HBEA,2018-06-20,16.7,17.0,16.4,10432.0,175935.10,-0.005952380952381042
272,HBEA,2018-06-21,16.74,16.8,16.35,10779.0,180936.38,0.0023952095808381646
271,HBEA,2018-06-22,16.71,17.0,16.5,133201.0,2250743.52,-0.0017921146953403522
270,HBEA,2018-06-25,16.8,16.8,16.58,148593.0,2488371.25,0.0053859964093356805
269,HBEA,2018-06-26,16.85,17.09,16.0,36427.0,599792.38,0.0029761904761904656
268,HBEA,2018-06-27,16.85,16.85,16.51,80481.0,1354592.01,0.0
267,HBEA,2018-06-28,16.85,17.8,16.7,40075.0,673598.36,0.0
266,HBEA,2018-06-29,17.0,17.0,16.5,91938.0,1544688.66,0.008902077151335286
265,HBEA,2018-07-02,17.05,18.2,16.6,20515.0,369102.50,0.002941176470588225
264,HBEA,2018-07-03,17.29,18.0,16.5,133098.0,2271887.56,0.014076246334310705
263,HBEA,2018-07-04,16.83,17.49,15.8,34036.0,546335.54,-0.02660497397339512
262,HBEA,2018-07-05,17.45,17.5,16.0,120051.0,2014049.58,0.036838978015448776
261,HBEA,2018-07-06,17.68,18.99,17.09,29901.0,529273.23,0.013180515759312339
260,HBEA,2018-07-09,18.15,18.48,17.5,58675.0,1054106.98,0.026583710407239725
359,HBEA,2018-07-10,18.74,18.97,17.52,49263.0,904589.28,0.032506887052341504
358,HBEA,2018-07-11,19.19,19.2,17.79,42677.0,798032.22,0.024012806830309597
357,HBEA,2018-07-12,19.24,19.48,18.22,25510.0,479263.19,0.002605523710265567
356,HBEA,2018-07-13,20.22,20.6,18.7,46668.0,928601.68,0.05093555093555091
355,HBEA,2018-07-16,19.32,20.99,19.0,1020.0,20385.95,-0.04451038575667654
354,HBEA,2018-07-17,20.0,21.0,18.01,48903.0,958423.94,0.035196687370600444
353,HBEA,2018-07-18,20.09,20.97,19.5,45377.0,914207.30,0.0044999999999999485
352,HBEA,2018-07-19,20.13,20.6,18.22,26660.0,523459.37,0.0019910403185663395
351,HBEA,2018-07-19,20.13,20.6,18.22,26660.0,523459.37,0.0
350,HBEA,2018-07-20,20.06,20.98,19.5,36078.0,729539.67,-0.003477396920019915
349,HBEA,2018-07-23,20.46,20.89,19.01,69686.0,1411023.90,0.019940179461615193
348,HBEA,2018-07-24,20.79,22.42,20.15,70194.0,1450347.90,0.016129032258064502
347,HBEA,2018-07-25,21.85,22.87,20.9,259554.0,5677882.74,0.050986050986051135
346,HBEA,2018-07-26,22.93,24.0,20.03,66471.0,1474690.03,0.04942791762013732
345,HBEA,2018-07-27,23.0,24.45,20.85,178546.0,3905563.08,0.0030527692978630228
344,HBEA,2018-07-30,24.4,24.4,22.52,115827.0,2733024.43,0.060869565217391175
343,HBEA,2018-07-31,24.56,26.0,24.01,55236.0,1353337.62,0.006557377049180246
342,HBEA,2018-08-01,25.38,26.8,22.6,108565.0,2696642.95,0.03338762214983704
341,HBEA,2018-08-02,25.09,26.5,24.61,81505.0,2063150.13,-0.011426319936958196
340,HBEA,2018-08-03,25.03,26.0,24.6,102222.0,2576361.64,-0.0023913909924272447
199,HBEA,2018-08-06,25.65,26.5,24.45,114037.0,2900179.27,0.024770275669196762
198,HBEA,2018-08-07,27.5,27.55,25.65,414692.0,10963022.04,0.0721247563352827
197,HBEA,2018-08-07,27.5,27.55,25.65,414692.0,10963022.04,0.0
196,HBEA,2018-08-08,28.15,28.43,26.1,168079.0,4716846.37,0.023636363636363678
195,HBEA,2018-08-09,29.0,30.97,25.5,87248.0,2516967.86,0.030195381882770933
194,HBEA,2018-08-10,29.7,29.88,29.29,224738.0,6647166.91,0.024137931034482696
193,HBEA,2018-08-13,28.82,29.95,28.1,189658.0,5474349.27,-0.02962962962962956
192,HBEA,2018-08-14,29.3,29.5,28.0,123568.0,3576609.42,0.01665510062456632
191,HBEA,2018-08-15,29.3,29.76,26.92,109782.0,3223880.25,0.0
190,HBEA,2018-08-16,29.31,29.8,28.13,99677.0,2888404.74,0.0003412969283276279
189,HBEA,2018-08-17,29.35,29.35,28.6,92465.0,2699170.36,0.0013647219379051556
188,HBEA,2018-08-20,28.64,29.05,28.33,53416.0,1544427.44,-0.02419080068143098
187,HBEA,2018-08-21,27.35,28.03,26.5,82925.0,2250953.47,-0.04504189944134074
186,HBEA,2018-08-22,27.66,29.1,27.29,73819.0,2092796.51,0.01133455210237666
185,HBEA,2018-08-23,27.55,28.98,26.5,105932.0,2885143.26,-0.00397686189443236
184,HBEA,2018-08-24,27.58,28.99,27.18,151770.0,4250340.08,0.0010889292196005762
183,HBEA,2018-08-27,27.31,28.38,27.27,263191.0,7217619.01,-0.00978970268310364
182,HBEA,2018-08-28,26.7,28.13,24.65,333539.0,8867485.51,-0.022336140607835953
181,HBEA,2018-08-29,27.18,27.47,26.01,197159.0,5319726.17,0.01797752808988773
180,HBEA,2018-08-30,26.85,29.12,26.02,166834.0,4555260.10,-0.012141280353200834
459,HBEA,2018-08-31,27.78,27.8,26.26,92183.0,2484748.57,0.034636871508379796
458,HBEA,2018-09-03,27.39,28.3,26.5,302273.0,8290683.79,-0.01403887688984884
457,HBEA,2018-09-04,27.3,28.0,26.5,105186.0,2858874.58,-0.003285870755750264
456,HBEA,2018-09-05,27.35,27.78,26.6,10122.0,276051.94,0.001831501831501825
455,HBEA,2018-09-06,27.48,27.72,25.02,28847.0,749093.10,0.004753199268738628
454,HBEA,2018-09-07,27.2,27.99,26.36,60948.0,1662530.71,-0.010189228529839944
453,HBEA,2018-09-10,27.17,27.4,24.48,35043.0,882822.75,-0.0011029411764704733
452,HBEA,2018-09-11,27.73,28.88,24.62,13183.0,356709.57,0.020610967979388883
451,HBEA,2018-09-12,27.08,27.98,25.11,4124.0,105556.36,-0.02344031734583496
450,HBEA,2018-09-13,27.43,27.7,24.73,26155.0,656509.18,0.01292466765140321
449,HBEA,2018-09-14,29.75,29.8,27.58,12589.0,368052.10,0.08457892818082402
448,HBEA,2018-09-17,28.88,31.0,26.8,4317.0,116733.93,-0.02924369747899158
447,HBEA,2018-09-18,26.9,29.0,26.06,2813.0,75671.92,-0.06855955678670367
446,HBEA,2018-09-19,27.48,28.0,26.5,53.0,1448.42,0.021561338289962872
445,HBEA,2018-09-20,28.48,28.88,27.0,2560.0,71304.19,0.0363901018922852
444,HBEA,2018-09-21,27.3,31.33,27.16,6.0,167.83,-0.0414325842696629
443,HBEA,2018-09-25,28.0,28.0,26.91,1818.0,50337.61,0.02564102564102555
442,HBEA,2018-09-26,28.34,28.79,25.23,12690.0,355059.60,0.012142857142857233
441,HBEA,2018-09-27,28.04,31.17,27.04,11452.0,318863.47,-0.010585744530698715
440,HBEA,2018-09-28,28.2,28.2,25.35,23492.0,655549.56,0.005706134094151327
339,HBEA,2018-10-08,28.3,28.5,27.01,2606.0,73650.64,0.0035460992907800915
338,HBEA,2018-10-09,28.3,31.12,28.0,8877.0,251182.32,0.0
337,HBEA,2018-10-10,28.58,31.0,26.15,14058.0,377440.44,0.009893992932862083
336,HBEA,2018-10-11,28.29,28.29,27.51,815.0,22949.82,-0.010146955913226008
335,HBEA,2018-10-12,29.98,29.98,29.98,1.0,29.98,0.05973842347119129
334,HBEA,2018-10-15,28.32,32.98,26.98,69862.0,1990102.17,-0.055370246831220826
333,HBEA,2018-10-16,28.54,29.75,28.06,1803.0,51239.01,0.007768361581920846
332,HBEA,2018-10-17,28.92,30.0,27.51,8700.0,246547.94,0.013314646110721862
331,HBEA,2018-10-18,28.88,28.95,27.6,19876.0,548643.75,-0.0013831258644537714
330,HBEA,2018-10-19,29.41,29.5,27.84,18589.0,537250.00,0.01835180055401664
329,HBEA,2018-10-22,29.34,29.4,26.86,1855.0,54458.46,-0.002380142808568575
328,HBEA,2018-10-22,29.34,29.4,26.86,1855.0,54458.46,0.0
327,HBEA,2018-10-23,29.35,29.35,27.01,1363.0,39941.35,0.00034083162917530885
326,HBEA,2018-10-24,30.01,30.18,27.51,4828.0,143006.51,0.022487223168654147
325,HBEA,2018-10-25,30.38,33.01,27.03,13085.0,411476.99,0.012329223592135952
324,HBEA,2018-10-26,32.09,33.38,29.33,25.0,773.10,0.056287030941408966
323,HBEA,2018-10-29,28.88,33.77,28.88,458.0,14023.07,-0.10003116235587428
322,HBEA,2018-10-30,30.54,31.77,28.28,1036.0,30098.08,0.05747922437673125
321,HBEA,2018-10-31,30.92,31.0,28.32,254.0,7846.50,0.012442698100851413
320,HBEA,2018-11-01,29.97,31.95,28.88,86825.0,2509162.66,-0.030724450194049235
519,HBEA,2018-11-02,29.9,29.91,27.03,180.0,5378.92,-0.0023356690023357274
518,HBEA,2018-11-05,28.58,29.9,26.93,67884.0,1889171.43,-0.044147157190635444
517,HBEA,2018-11-06,28.7,29.0,26.51,50151.0,1454298.37,0.0041987403778867005
516,HBEA,2018-11-07,28.74,28.77,25.85,10429.0,270773.91,0.0013937282229965486
515,HBEA,2018-11-08,28.11,29.49,25.95,6157.0,159911.75,-0.02192066805845505
514,HBEA,2018-11-09,27.79,30.9,27.53,7083.0,214993.66,-0.011383849163998594
513,HBEA,2018-11-12,28.25,28.99,27.07,1510.0,42404.42,0.016552716804606016
512,HBEA,2018-11-13,28.69,28.95,25.63,1115.0,31307.75,0.015575221238938175
511,HBEA,2018-11-14,28.93,28.97,27.51,16851.0,470519.69,0.008365284071104817
510,HBEA,2018-11-15,29.39,30.89,26.73,253.0,7141.45,0.01590044936052548
509,HBEA,2018-11-16,29.21,29.45,26.51,4723.0,128283.68,-0.006124532153793827
508,HBEA,2018-11-19,29.25,29.42,28.03,282.0,8245.47,0.001369394043135852
507,HBEA,2018-11-20,28.2,29.38,28.2,16.0,464.05,-0.03589743589743588
506,HBEA,2018-11-21,29.75,29.88,29.0,10028.0,290831.93,0.054964539007092306
505,HBEA,2018-11-22,32.71,32.71,32.71,1.0,32.71,0.09949579831932787
504,HBEA,2018-11-23,31.88,32.69,29.44,3477.0,113496.04,-0.025374503210027544
503,HBEA,2018-11-26,30.17,30.19,29.01,379.0,11390.56,-0.053638644918444056
502,HBEA,2018-11-27,29.77,30.48,27.21,4322.0,118353.27,-0.013258203513423994
501,HBEA,2018-11-28,31.71,31.78,31.71,4101.0,130047.78,0.06516627477326176
500,HBEA,2018-11-29,29.9,30.46,28.65,1018.0,29768.32,-0.057079785556606866
379,HBEA,2018-11-30,29.58,29.98,27.1,4903.0,133378.73,-0.010702341137123761
378,HBEA,2018-12-03,29.44,29.98,27.87,7.0,205.04,-0.0047329276538200515
377,HBEA,2018-12-04,29.89,29.98,29.84,3.0,89.66,0.015285326086956541
376,HBEA,2018-12-05,30.83,30.99,27.05,7.0,212.18,0.03144864503178302
375,HBEA,2018-12-06,31.32,32.48,28.02,6650.0,215605.24,0.015893610120013113
374,HBEA,2018-12-07,30.67,31.0,28.56,233.0,6775.11,-0.020753512132822394
373,HBEA,2018-12-10,29.8,31.53,27.61,361.0,10177.48,-0.028366481904140928
372,HBEA,2018-12-11,31.2,31.99,27.14,7.0,215.11,0.046979865771812124
371,HBEA,2018-12-12,29.98,31.99,28.81,396.0,11485.08,-0.039102564102564075
370,HBEA,2018-12-13,29.49,31.0,28.63,312.0,8950.52,-0.016344229486324302
369,HBEA,2018-12-14,29.69,31.97,28.6,339.0,9745.82,0.00678195998643627
368,HBEA,2018-12-17,29.98,30.87,28.88,207.0,5987.64,0.009767598518019449
367,HBEA,2018-12-18,29.79,30.94,28.5,411.0,11801.28,-0.006337558372248253
366,HBEA,2018-12-19,28.95,30.26,27.03,647.0,18526.80,-0.028197381671701938
365,HBEA,2018-12-20,29.98,30.99,28.06,3458.0,105056.27,0.03557858376511236
364,HBEA,2018-12-21,28.06,28.98,28.05,3826.0,107658.54,-0.06404269513008676
363,HBEA,2018-12-24,29.97,30.84,28.18,50.0,1448.13,0.06806842480399156
362,HBEA,2018-12-25,29.69,30.75,28.01,669.0,18820.84,-0.009342676009342576
361,HBEA,2018-12-26,30.68,32.64,27.51,5.0,153.38,0.03334456045806666
360,HBEA,2018-12-27,29.12,30.99,28.01,86.0,2543.08,-0.05084745762711862
399,HBEA,2018-12-28,31.28,32.03,27.01,374.0,10707.22,0.07417582417582413
398,HBEA,2019-01-02,31.02,31.95,28.5,10109.0,303130.55,-0.00831202046035806
397,HBEA,2019-01-03,29.44,33.49,27.92,143.0,4288.53,-0.05093488072211472
396,HBEA,2019-01-04,29.98,31.49,26.65,8.0,235.07,0.018342391304347894
395,HBEA,2019-01-07,28.98,29.0,28.27,922.0,26403.88,-0.033355570380253496
394,HBEA,2019-01-08,29.09,29.8,28.09,327.0,9352.06,0.003795721187025425
393,HBEA,2019-01-09,28.86,29.48,26.18,716.0,20207.97,-0.007906497078033703
392,HBEA,2019-01-10,29.73,30.0,28.13,34.0,977.61,0.03014553014553023
391,HBEA,2019-01-11,31.11,32.16,28.06,5.0,155.56,0.0464177598385469
390,HBEA,2019-01-14,29.35,29.76,28.02,567.0,16223.07,-0.05657344905175177
389,HBEA,2019-01-15,29.3,31.96,27.01,333.0,9443.24,-0.0017035775127768327
388,HBEA,2019-01-16,32.02,32.23,28.05,316.0,9695.28,0.09283276450511946
387,HBEA,2019-01-17,31.04,35.2,28.82,34634.0,1216952.40,-0.030605871330418588
386,HBEA,2019-01-18,29.3,29.59,28.0,193.0,5585.42,-0.05605670103092775
385,HBEA,2019-01-21,29.3,31.81,27.09,507.0,14150.67,0.0
384,HBEA,2019-01-22,28.98,29.99,26.37,295.0,8482.77,-0.010921501706484649
383,HBEA,2019-01-23,30.74,30.76,30.74,25.0,768.54,0.060731538992408574
382,HBEA,2019-01-24,28.51,29.0,28.01,744.0,20866.99,-0.07254391672088478
381,HBEA,2019-01-25,30.34,30.88,25.71,1228.0,34545.06,0.06418800420904947
380,HBEA,2019-01-28,29.49,30.92,27.33,5401.0,155495.76,-0.02801582069874753
419,HBEA,2019-01-29,28.65,30.99,28.11,2002.0,56548.47,-0.028484231943031513
418,HBEA,2019-01-30,28.99,29.89,27.09,159.0,4492.75,0.01186736474694583
417,HBEA,2019-01-31,29.6,30.2,28.1,14.0,414.40,0.02104173853052793
416,HBEA,2019-02-01,29.19,32.5,27.62,191.0,5482.92,-0.013851351351351404
415,HBEA,2019-02-11,30.99,30.99,30.99,1.0,30.99,0.06166495375128456
414,HBEA,2019-02-12,28.8,34.08,27.89,22.0,635.82,-0.0706679574056146
413,HBEA,2019-02-13,28.8,31.65,26.2,823.0,22905.41,0.0
412,HBEA,2019-02-14,28.5,30.88,26.25,2617.0,69742.97,-0.01041666666666674
411,HBEA,2019-02-15,28.97,30.91,26.55,5100.0,145454.49,0.016491228070175445
410,HBEA,2019-02-18,28.74,28.79,26.16,578.0,16276.37,-0.00793924749741115
409,HBEA,2019-02-19,28.71,28.8,26.39,72.0,1990.40,-0.0010438413361167909
408,HBEA,2019-02-20,31.47,31.49,25.93,2442.0,76861.69,0.09613375130616508
407,HBEA,2019-02-21,28.4,28.6,28.32,126.0,3580.92,-0.09755322529393073
406,HBEA,2019-02-22,28.65,29.99,26.5,143.0,4075.49,0.008802816901408494
405,HBEA,2019-02-25,28.44,31.2,26.05,1943.0,50748.52,-0.007329842931937058
404,HBEA,2019-02-26,28.04,29.33,27.02,511.0,13863.58,-0.01406469760900153
403,HBEA,2019-02-27,28.83,30.75,27.08,678.0,19185.51,0.02817403708987154
402,HBEA,2019-02-28,28.89,29.28,26.66,147.0,4207.13,0.0020811654526535772
401,HBEA,2019-03-01,28.5,28.89,28.0,5202.0,147558.99,-0.01349948078920038
400,HBEA,2019-03-04,28.26,30.9,26.51,1975.0,60847.77,-0.008421052631578885
439,HBEA,2019-03-05,29.9,30.2,28.26,3072.0,87610.66,0.05803255484784131
438,HBEA,2019-03-06,28.76,31.09,28.5,35.0,1029.95,-0.03812709030100325
437,HBEA,2019-03-07,28.79,31.6,27.51,25.0,731.13,0.0010431154381083108
436,HBEA,2019-03-08,29.31,30.8,26.12,13.0,380.81,0.01806182702327197
435,HBEA,2019-03-11,28.55,32.2,28.5,71.0,2048.85,-0.025929716820197846
434,HBEA,2019-03-12,28.87,29.99,28.5,39.0,1135.26,0.011208406304728635
433,HBEA,2019-03-13,27.81,31.49,27.57,228.0,6344.99,-0.03671631451333568
432,HBEA,2019-03-14,28.79,30.4,27.08,2626.0,74902.92,0.03523912261776352
431,HBEA,2019-03-15,28.5,31.5,28.41,639.0,18248.50,-0.010072941993747753
430,HBEA,2019-03-18,28.53,29.0,27.01,162.0,4518.67,0.001052631578947416
429,HBEA,2019-03-19,28.52,28.54,28.2,267.0,7551.55,-0.000350508236943603
428,HBEA,2019-03-20,28.61,28.99,28.0,1025.0,28715.55,0.003155680224403934
427,HBEA,2019-03-21,28.6,28.61,27.0,4159.0,118032.93,-0.0003495281370149428
426,HBEA,2019-03-22,28.7,31.42,27.84,2157.0,61342.36,0.0034965034965033226
425,HBEA,2019-03-25,28.39,31.49,26.16,689.0,19466.23,-0.010801393728222974
424,HBEA,2019-03-26,28.45,28.46,25.55,2184.0,56940.83,0.0021134202183867856
423,HBEA,2019-03-27,28.56,28.64,27.52,23.0,656.10,0.0038664323374340004
422,HBEA,2019-03-28,28.46,30.95,26.03,166.0,4713.93,-0.003501400560223966
421,HBEA,2019-03-29,28.29,31.14,26.56,2738.0,83552.31,-0.005973295853829996
420,HBEA,2019-04-01,28.99,29.85,25.8,8867.0,245628.18,0.02474372569812644
579,HBEA,2019-04-02,28.55,30.88,27.0,123.0,3336.48,-0.015177647464642896
578,HBEA,2019-04-03,28.51,31.3,27.03,6779.0,196117.50,-0.0014010507880910517
577,HBEA,2019-04-04,28.64,29.8,28.63,68.0,1948.65,0.004559803577691923
576,HBEA,2019-04-08,28.07,28.97,28.06,359.0,10086.63,-0.019902234636871463
575,HBEA,2019-04-09,27.61,28.65,25.26,1020.0,29033.34,-0.016387602422515135
574,HBEA,2019-04-10,27.54,30.35,24.85,16.0,438.55,-0.0025353132922854016
573,HBEA,2019-04-11,28.5,29.87,27.57,117.0,3336.67,0.034858387799564294
572,HBEA,2019-04-12,31.33,31.33,31.33,1.0,31.33,0.099298245614035
571,HBEA,2019-04-15,28.58,34.3,28.21,3020.0,103492.28,-0.08777529524417493
570,HBEA,2019-04-16,29.38,30.88,26.21,8.0,233.96,0.027991602519244152
569,HBEA,2019-04-17,29.48,30.9,27.37,14.0,413.96,0.0034036759700477592
568,HBEA,2019-04-18,30.96,30.99,26.6,30.0,885.83,0.05020352781546822
567,HBEA,2019-04-19,28.5,28.98,28.5,6.0,171.48,-0.0794573643410853
566,HBEA,2019-04-22,28.73,30.98,27.07,38.0,1116.81,0.00807017543859656
565,HBEA,2019-04-23,29.64,30.96,26.01,146.0,4309.59,0.03167420814479649
564,HBEA,2019-04-24,29.0,29.0,28.5,618.0,17877.77,-0.021592442645074206
563,HBEA,2019-04-25,28.38,31.79,28.04,111.0,3155.46,-0.02137931034482765
562,HBEA,2019-04-26,29.7,29.98,28.03,67.0,1995.56,0.04651162790697683
561,HBEA,2019-04-29,29.9,32.6,28.11,1664.0,49085.67,0.006734006734006703
560,HBEA,2019-04-30,30.49,31.99,26.91,390.0,11348.76,0.019732441471571827
539,HBEA,2019-05-06,32.88,33.1,29.13,667.0,21864.93,0.07838635618235501
538,HBEA,2019-05-07,32.99,36.16,29.6,692.0,22108.50,0.0033454987834549144
537,HBEA,2019-05-08,32.98,36.29,30.5,730.0,22885.66,-0.00030312215822991817
536,HBEA,2019-05-09,32.99,33.4,30.5,170.0,5493.94,0.00030321406913302873
535,HBEA,2019-05-10,33.95,36.2,32.96,158.0,5350.60,0.02909972719005771
534,HBEA,2019-05-13,32.59,36.3,31.01,1390.0,44505.17,-0.040058910162002914
533,HBEA,2019-05-14,32.99,35.8,31.5,329.0,10543.50,0.012273703590058194
532,HBEA,2019-05-15,35.84,36.29,31.51,274.0,9147.51,0.0863898150954836
531,HBEA,2019-05-16,35.82,39.38,32.26,877.0,30211.53,-0.0005580357142858094
530,HBEA,2019-05-17,34.67,38.6,33.01,907.0,31417.47,-0.0321049692908989
529,HBEA,2019-05-20,35.45,38.14,33.13,1541.0,54292.98,0.02249783674646677
528,HBEA,2019-05-21,35.63,38.99,31.92,539.0,19091.16,0.005077574047954947
527,HBEA,2019-05-22,35.71,35.96,32.52,311.0,11038.63,0.0022452989054166927
526,HBEA,2019-05-23,36.94,39.17,35.01,8265.0,298089.53,0.034444133295995494
525,HBEA,2019-05-24,36.88,39.98,34.01,131.0,4827.80,-0.0016242555495397104
524,HBEA,2019-05-27,38.66,40.5,36.0,2875.0,108407.59,0.04826464208242931
523,HBEA,2019-05-28,40.88,42.48,34.81,1159.0,45024.57,0.05742369374030032
522,HBEA,2019-05-29,44.9,44.91,41.61,9975.0,447306.25,0.09833659491193725
521,HBEA,2019-05-30,46.9,49.37,44.02,2198.0,101602.58,0.04454342984409809
520,HBEA,2019-05-31,51.59,51.59,42.22,6240.0,319593.57,0.10000000000000009
499,HBEA,2019-06-03,52.43,56.0,50.0,19340.0,1056744.76,0.016282225237449044
498,HBEA,2019-06-04,53.85,56.99,47.19,12436.0,590069.67,0.0270837306885372
497,HBEA,2019-06-05,50.72,55.18,48.47,9426.0,493994.82,-0.05812441968430826
496,HBEA,2019-06-06,45.65,49.0,45.65,1832.0,84705.92,-0.09996056782334384
495,HBEA,2019-06-10,41.09,44.0,41.09,1320.0,54241.71,-0.09989047097480819
494,HBEA,2019-06-11,36.98,37.0,36.98,866.0,32025.62,-0.10002433682161127
493,HBEA,2019-06-12,33.78,40.67,33.28,451.0,15435.24,-0.08653326122228222
492,HBEA,2019-06-13,30.55,34.88,30.4,3127.0,95661.20,-0.09561870929544114
491,HBEA,2019-06-14,28.65,33.4,27.5,2015.0,60726.69,-0.06219312602291327
490,HBEA,2019-06-17,31.19,31.5,25.79,6534.0,193908.60,0.08865619546247827
489,HBEA,2019-06-18,34.31,34.31,28.07,5472.0,183581.81,0.10003206155819178
488,HBEA,2019-06-19,37.74,37.74,30.88,10989.0,409266.78,0.09997085397843186
487,HBEA,2019-06-20,34.79,41.51,33.97,7256.0,298188.07,-0.07816640169581357
486,HBEA,2019-06-21,36.54,38.27,31.31,781.0,28862.31,0.05030181086519114
485,HBEA,2019-06-24,36.99,37.9,32.89,739.0,27081.72,0.012315270935960632
484,HBEA,2019-06-25,36.96,37.76,33.29,480.0,17424.74,-0.0008110300081103361
483,HBEA,2019-06-26,37.62,39.75,33.26,87.0,3157.87,0.017857142857142794
482,HBEA,2019-06-27,36.73,41.25,33.86,470.0,18273.00,-0.023657628920786822
481,HBEA,2019-06-28,38.48,40.2,33.1,543.0,19924.53,0.047644976858154164
480,HBEA,2019-07-01,37.76,42.09,34.63,1123.0,42704.94,-0.018711018711018657
559,HBEA,2019-07-02,38.23,39.2,34.0,996.0,37357.66,0.012447033898305149
558,HBEA,2019-07-03,39.42,41.95,37.01,506.0,19117.35,0.031127386868951223
557,HBEA,2019-07-04,39.01,42.06,35.48,369.0,14186.89,-0.010400811770674867
556,HBEA,2019-07-05,39.1,42.87,38.1,2513.0,97947.70,0.0023071007433992374
555,HBEA,2019-07-08,38.55,42.98,35.19,10875.0,421956.09,-0.01406649616368294
554,HBEA,2019-07-09,40.85,41.88,37.0,9797.0,387200.19,0.05966277561608302
553,HBEA,2019-07-10,40.65,42.78,38.16,1733.0,69479.03,-0.004895960832313362
552,HBEA,2019-07-11,40.81,44.72,39.51,34538.0,1471075.48,0.003936039360393773
551,HBEA,2019-07-12,39.53,44.44,38.0,22930.0,891451.67,-0.03136486155354079
550,HBEA,2019-07-15,39.74,42.84,37.64,1341.0,51766.11,0.005312420946116836
549,HBEA,2019-07-16,39.67,42.99,38.0,48211.0,1853229.03,-0.001761449421238015
548,HBEA,2019-07-17,39.43,43.4,38.5,7787.0,304732.43,-0.006049911772119998
547,HBEA,2019-07-18,39.16,43.29,38.26,755.0,29508.03,-0.006847577986304976
546,HBEA,2019-07-19,39.29,42.78,38.01,3943.0,151312.32,0.0033197139938714315
545,HBEA,2019-07-22,39.25,43.2,38.1,21913.0,851992.64,-0.0010180707559175328
544,HBEA,2019-07-23,38.65,39.8,38.0,18397.0,718715.49,-0.015286624203821653
543,HBEA,2019-07-24,38.9,39.87,38.15,472.0,18418.98,0.0064683053040104355
542,HBEA,2019-07-25,39.26,42.45,38.5,27693.0,1067634.34,0.009254498714653003
541,HBEA,2019-07-26,38.9,40.24,38.1,17050.0,656635.42,-0.009169638308711092
540,HBEA,2019-07-29,38.91,42.44,38.0,12370.0,472276.96,0.0002570694087402625
731,HBEA,2019-07-30,38.7,40.99,38.2,11623.0,448462.68,-0.005397070161911932
730,HBEA,2019-07-31,40.66,42.4,38.1,26.0,1051.34,0.05064599483204124
729,HBEA,2019-08-01,38.6,44.5,38.5,5174.0,200537.77,-0.050664043285784444
728,HBEA,2019-08-02,38.07,42.26,38.0,28468.0,1100447.33,-0.013730569948186555
727,HBEA,2019-08-05,38.08,38.8,37.58,1943.0,74095.15,0.00026267402153923314
726,HBEA,2019-08-06,37.52,41.5,34.34,3427.0,129749.22,-0.014705882352941013
725,HBEA,2019-08-07,38.0,41.27,37.5,5301.0,199494.93,0.012793176972281328
724,HBEA,2019-08-08,37.98,38.8,37.68,42303.0,1619918.85,-0.0005263157894738191
723,HBEA,2019-08-09,37.84,38.49,37.34,22535.0,852278.98,-0.0036861506055817506
722,HBEA,2019-08-12,36.25,38.39,35.26,103612.0,3795619.86,-0.04201902748414388
721,HBEA,2019-08-13,35.27,36.95,33.0,124371.0,4431867.70,-0.027034482758620637
720,HBEA,2019-08-14,33.29,36.77,32.12,57631.0,1882084.86,-0.056138361213496024
719,HBEA,2019-08-15,33.53,36.61,32.33,11984.0,395717.63,0.007209372183839102
718,HBEA,2019-08-16,32.61,33.22,30.54,528.0,17396.24,-0.02743811512078742
717,HBEA,2019-08-19,33.51,34.8,29.52,276330.0,9208260.24,0.027598896044158217
716,HBEA,2019-08-20,33.55,34.87,33.33,4325.0,144895.39,0.0011936735302895407
715,HBEA,2019-08-21,35.17,35.79,33.0,218588.0,7235205.78,0.048286140089419005
714,HBEA,2019-08-22,36.48,38.0,34.01,38898.0,1341890.69,0.0372476542507818
713,HBEA,2019-08-23,36.33,39.71,33.03,22754.0,800107.54,-0.004111842105263164
712,HBEA,2019-08-26,35.17,37.3,34.22,100851.0,3619551.04,-0.03192953481970817
671,HBEA,2019-08-27,35.29,35.3,34.04,23068.0,806857.86,0.003411998862667076
670,HBEA,2019-08-28,34.94,35.62,34.23,5377.0,188617.77,-0.009917823746103727
669,HBEA,2019-08-29,34.57,35.34,33.01,38386.0,1330661.81,-0.010589582140812737
668,HBEA,2019-08-30,34.57,35.45,33.02,17485.0,607475.26,0.0
667,HBEA,2019-09-02,34.93,35.49,34.12,71121.0,2470959.23,0.01041365345675449
666,HBEA,2019-09-03,34.78,35.97,32.04,16213.0,557718.20,-0.004294302891497237
665,HBEA,2019-09-04,34.89,35.2,32.23,13680.0,461084.65,0.003162737205290478
664,HBEA,2019-09-05,34.29,35.09,33.5,56123.0,1907250.09,-0.017196904557179704
663,HBEA,2019-09-06,33.31,36.26,33.0,30286.0,1005412.07,-0.028579760863225334
662,HBEA,2019-09-09,33.89,34.8,31.5,4702.0,160215.89,0.01741218853197224
661,HBEA,2019-09-10,33.5,33.99,32.06,15521.0,510977.12,-0.011507819415756848
660,HBEA,2019-09-11,32.65,33.49,31.64,19994.0,648889.32,-0.025373134328358304
659,HBEA,2019-09-12,32.99,33.75,29.52,23801.0,766911.43,0.010413476263399835
658,HBEA,2019-09-16,32.98,32.99,30.52,965.0,31823.19,-0.00030312215822991817
657,HBEA,2019-09-17,32.95,35.96,30.71,11908.0,392114.23,-0.000909642207398198
656,HBEA,2019-09-18,32.37,33.46,32.0,27320.0,878600.17,-0.017602427921092678
655,HBEA,2019-09-19,32.65,35.39,31.5,4317.0,136848.29,0.008649984553599
654,HBEA,2019-09-20,32.08,33.48,31.0,80206.0,2486624.23,-0.017457886676875978
653,HBEA,2019-09-23,32.6,34.78,31.91,24.0,783.29,0.01620947630922709
652,HBEA,2019-09-24,32.88,34.99,29.52,37.0,1214.87,0.008588957055214674
639,HBEA,2019-09-25,32.97,34.45,32.1,40.0,1292.18,0.0027372262773721623
638,HBEA,2019-09-26,32.95,35.86,31.51,3247.0,107012.63,-0.0006066120715800816
637,HBEA,2019-09-27,32.85,32.98,31.18,872.0,27843.99,-0.003034901365705611
636,HBEA,2019-09-30,32.61,33.8,29.95,2916.0,93178.03,-0.007305936073059405
635,HBEA,2019-10-08,33.42,35.4,31.0,5338.0,170863.23,0.024839006439742572
634,HBEA,2019-10-09,32.13,32.99,31.05,9335.0,293893.97,-0.03859964093357271
633,HBEA,2019-10-10,32.43,33.76,31.68,25050.0,810850.59,0.00933706816059754
632,HBEA,2019-10-11,32.12,33.97,32.11,1002.0,32237.86,-0.00955905026210302
631,HBEA,2019-10-14,32.95,34.92,32.06,537.0,17255.13,0.025840597758406192
630,HBEA,2019-10-15,32.78,33.92,29.88,1466.0,45917.08,-0.005159332321699628
629,HBEA,2019-10-16,32.98,33.75,31.81,464.0,14826.11,0.006101281269066394
620,HBEA,2019-10-17,32.96,35.38,30.33,10097.0,329086.93,-0.0006064281382655023
619,HBEA,2019-10-18,33.22,33.4,32.04,50509.0,1669696.71,0.007888349514562965
618,HBEA,2019-10-21,32.98,35.91,30.12,117432.0,3776589.32,-0.007224563515954352
617,HBEA,2019-10-22,32.3,32.98,30.53,13894.0,447361.58,-0.020618556701030966
616,HBEA,2019-10-23,32.45,33.48,32.1,7770.0,251510.21,0.004643962848297489
615,HBEA,2019-10-24,32.45,32.5,30.16,12517.0,390930.34,0.0
614,HBEA,2019-10-25,32.2,34.3,32.0,12246.0,394745.74,-0.007704160246533087
613,HBEA,2019-10-28,31.04,33.47,31.0,8427.0,266132.15,-0.03602484472049705
612,HBEA,2019-10-29,30.5,34.11,28.16,28096.0,849612.05,-0.017396907216494784
751,HBEA,2019-10-30,30.07,32.99,29.1,8454.0,258063.69,-0.014098360655737663
750,HBEA,2019-10-31,30.06,32.29,29.57,11452.0,344291.85,-0.00033255736614568043
749,HBEA,2019-11-01,30.95,31.47,27.5,1523.0,44926.38,0.02960745176314039
748,HBEA,2019-11-04,30.6,31.47,29.01,4962.0,148624.29,-0.011308562197091976
747,HBEA,2019-11-05,29.6,30.2,28.0,13592.0,403587.07,-0.0326797385620915
746,HBEA,2019-11-06,28.69,30.88,27.01,2270.0,66837.50,-0.03074324324324329
745,HBEA,2019-11-07,29.64,29.94,26.06,16183.0,480128.70,0.0331125827814569
744,HBEA,2019-11-08,28.99,29.38,28.0,31423.0,915618.55,-0.021929824561403577
743,HBEA,2019-11-09,28.99,--,--,--,--,0.0
742,HBEA,2019-11-11,28.16,31.0,26.2,12278.0,354656.92,-0.028630562262849213
741,HBEA,2019-11-12,28.87,29.49,25.5,8187.0,222490.27,0.02521306818181812
740,HBEA,2019-11-13,30.79,31.75,29.0,59182.0,1802777.71,0.06650502251472101
739,HBEA,2019-11-14,29.86,31.0,29.0,49462.0,1474812.73,-0.030204611886976318
738,HBEA,2019-11-15,28.1,29.8,27.0,26676.0,783220.94,-0.05894172806429998
737,HBEA,2019-11-18,28.59,29.89,28.1,13195.0,387086.49,0.017437722419928692
736,HBEA,2019-11-19,27.52,30.33,26.1,98720.0,2759282.90,-0.03742567331234703
735,HBEA,2019-11-20,25.06,29.5,24.78,256957.0,6893710.35,-0.08938953488372092
734,HBEA,2019-11-21,25.76,27.57,25.06,104928.0,2654594.13,0.027932960893854775
733,HBEA,2019-11-22,25.57,25.75,25.0,96399.0,2453002.93,-0.007375776397515632
732,HBEA,2019-11-25,25.3,26.5,25.01,118393.0,2987039.64,-0.010559249120062564
691,HBEA,2019-11-26,25.3,25.79,25.22,139871.0,3536368.88,0.0
690,HBEA,2019-11-27,25.15,25.7,22.87,114176.0,2870248.54,-0.005928853754940788
689,HBEA,2019-11-28,24.95,27.41,23.1,339625.0,8967590.07,-0.007952286282306154
688,HBEA,2019-11-29,24.74,25.19,23.6,185071.0,4606856.75,-0.0084168336673347
687,HBEA,2019-12-02,25.16,25.95,24.01,99584.0,2450086.12,0.016976556184316927
686,HBEA,2019-12-03,25.21,25.88,23.01,83097.0,2113159.51,0.001987281399046026
685,HBEA,2019-12-04,25.02,25.76,25.0,434921.0,10919931.21,-0.007536691788972649
684,HBEA,2019-12-05,25.17,25.35,23.6,136132.0,3393386.28,0.00599520383693064
683,HBEA,2019-12-06,25.21,25.95,24.45,63864.0,1617649.06,0.001589193484306639
682,HBEA,2019-12-09,25.3,25.93,23.9,167573.0,4252136.24,0.0035700119000396935
681,HBEA,2019-12-10,26.33,26.35,24.12,81090.0,2063669.25,0.04071146245059287
680,HBEA,2019-12-11,27.14,27.14,25.32,130143.0,3479507.93,0.030763387770603945
679,HBEA,2019-12-12,27.22,27.25,26.02,18451.0,500242.91,0.0029476787030213725
678,HBEA,2019-12-13,27.29,27.5,25.22,41718.0,1124888.76,0.0025716385011020915
677,HBEA,2019-12-16,27.3,27.48,26.01,13744.0,373106.03,0.0003664345914253797
676,HBEA,2019-12-17,27.33,27.39,27.0,38169.0,1035782.57,0.001098901098901095
675,HBEA,2019-12-18,27.18,27.37,25.51,6798.0,183095.07,-0.005488474204171201
674,HBEA,2019-12-19,26.8,29.89,25.72,174811.0,4735031.40,-0.013980868285504044
673,HBEA,2019-12-20,27.09,27.32,25.55,20500.0,543735.68,0.010820895522388074
672,HBEA,2019-12-23,27.0,27.38,26.12,26536.0,702751.91,-0.0033222591362126463
611,HBEA,2019-12-24,27.11,28.2,25.66,78238.0,2064861.56,0.004074074074074119
610,HBEA,2019-12-25,27.0,28.4,26.24,75426.0,2052426.32,-0.004057543341940195
609,HBEA,2019-12-26,26.71,27.95,25.81,43200.0,1149749.28,-0.010740740740740717
608,HBEA,2019-12-27,26.98,28.27,26.58,54937.0,1488467.88,0.010108573567952028
607,HBEA,2019-12-30,27.86,27.95,26.0,143655.0,3923198.98,0.032616753150481737
606,HBEA,2019-12-31,26.66,28.18,26.0,146899.0,3907685.29,-0.04307250538406315
605,HBEA,2020-01-02,27.96,27.96,26.52,3005.0,79699.80,0.048762190547636974
604,HBEA,2020-01-03,26.93,28.04,26.82,116.0,3233.78,-0.036838340486409216
603,HBEA,2020-01-06,28.8,28.8,26.9,12904.0,371627.93,0.06943928704047542
602,HBEA,2020-01-07,27.03,28.99,26.61,14188.0,388915.31,-0.06145833333333328
601,HBEA,2020-01-08,28.13,28.39,27.02,5120.0,140960.56,0.040695523492415786
600,HBEA,2020-01-09,27.88,28.31,25.5,24035.0,613371.92,-0.008887308922858161
599,HBEA,2020-01-10,27.84,28.75,27.15,2938.0,84438.04,-0.001434720229555153
598,HBEA,2020-01-13,27.46,28.76,26.2,11743.0,309453.34,-0.013649425287356243
597,HBEA,2020-01-14,27.85,29.8,26.57,46136.0,1334688.69,0.014202476329206126
596,HBEA,2020-01-15,27.44,28.63,26.36,7575.0,207411.59,-0.014721723518851038
595,HBEA,2020-01-16,29.29,29.78,25.63,26929.0,741825.64,0.06741982507288613
594,HBEA,2020-01-17,27.49,28.98,26.62,8146.0,216990.07,-0.061454421304199425
593,HBEA,2020-01-20,28.77,29.48,26.89,10965.0,315466.65,0.04656238632229903
592,HBEA,2020-01-21,28.4,28.48,26.69,4519.0,126453.07,-0.012860618700034743
711,HBEA,2020-01-22,27.51,29.99,27.31,14514.0,433868.48,-0.03133802816901399
710,HBEA,2020-01-23,27.34,29.7,26.61,2061.0,55886.06,-0.00617957106506728
709,HBEA,2020-03-23,25.59,27.34,24.62,740.0,18465.42,-0.06400877834674468
708,HBEA,2020-03-24,25.79,27.99,23.64,124.0,3189.42,0.007815552950371174
707,HBEA,2020-03-25,25.51,25.99,25.01,451.0,11487.70,-0.01085692128732052
706,HBEA,2020-03-26,27.38,27.5,22.96,13248.0,304200.72,0.07330458643669147
705,HBEA,2020-03-27,25.59,29.48,24.68,149.0,3705.78,-0.06537618699780856
704,HBEA,2020-03-30,25.5,27.32,24.05,230.0,5602.59,-0.003516998827667095
703,HBEA,2020-03-31,25.96,27.49,24.03,1230.0,29773.74,0.018039215686274535
702,HBEA,2020-04-01,25.89,27.93,25.01,251.0,6360.44,-0.0026964560862866582
701,HBEA,2020-04-02,25.69,27.86,25.0,241.0,6166.41,-0.0077249903437620615
700,HBEA,2020-04-03,25.71,25.72,24.06,321.0,8140.63,0.0007785130400934648
699,HBEA,2020-04-07,25.41,27.55,24.62,555.0,14066.87,-0.011668611435239229
698,HBEA,2020-04-08,25.95,27.35,25.5,565.0,14460.92,0.021251475796930208
697,HBEA,2020-04-09,25.12,25.79,24.2,2201.0,55255.88,-0.03198458574181107
696,HBEA,2020-04-10,24.49,27.4,23.85,433.0,10815.26,-0.02507961783439505
695,HBEA,2020-04-13,26.6,26.89,25.16,293.0,7460.14,0.08615761535320554
694,HBEA,2020-04-14,25.97,28.86,24.93,216.0,5475.21,-0.023684210526315863
693,HBEA,2020-04-15,26.5,28.38,25.0,427.0,10932.35,0.020408163265306145
692,HBEA,2020-04-16,27.76,27.93,25.08,205.0,5185.35,0.04754716981132079
651,HBEA,2020-04-17,26.49,28.95,25.15,776.0,19652.09,-0.04574927953890506
650,HBEA,2020-04-20,25.85,28.78,24.48,100346.0,2457823.31,-0.02416006040015084
649,HBEA,2020-04-21,26.89,27.89,25.3,868.0,22445.78,0.04023210831721458
648,HBEA,2020-04-22,26.24,29.42,25.0,3468.0,89336.32,-0.02417255485310532
647,HBEA,2020-04-23,25.93,25.97,24.22,349.0,8620.11,-0.011814024390243816
646,HBEA,2020-04-24,25.56,28.27,25.1,17178.0,435998.58,-0.014269186270728929
645,HBEA,2020-04-27,25.58,27.8,23.55,8873.0,219552.34,0.0007824726134584292
644,HBEA,2020-04-28,27.58,27.96,23.66,6001.0,165487.65,0.07818608287724782
643,HBEA,2020-04-29,25.77,25.93,25.21,40831.0,1034106.65,-0.06562726613488035
642,HBEA,2020-04-30,25.93,27.88,24.99,79565.0,2049740.64,0.0062087698874659925
641,HBEA,2020-05-06,25.5,25.99,25.0,46676.0,1169395.39,-0.01658310836868493
640,HBEA,2020-05-07,25.95,26.83,25.07,9404.0,240166.13,0.01764705882352935
628,HBEA,2020-05-08,25.38,25.93,24.61,73756.0,1849359.70,-0.02196531791907519
627,HBEA,2020-05-11,25.49,27.33,25.0,62286.0,1569217.42,0.004334121355398013
626,HBEA,2020-05-12,25.38,27.2,25.01,93201.0,2344328.16,-0.004315417810906164
625,HBEA,2020-05-13,25.48,25.6,25.14,62095.0,1588941.62,0.003940110323089163
624,HBEA,2020-05-14,25.6,26.66,25.1,62121.0,1590811.69,0.004709576138147709
623,HBEA,2020-05-15,25.73,25.99,25.11,106129.0,2694952.20,0.005078125000000044
622,HBEA,2020-05-18,26.07,26.5,24.33,64447.0,1629107.72,0.013214146910221602
621,HBEA,2020-05-19,25.78,27.5,25.1,64355.0,1644806.80,-0.011123897199846522
811,HBEA,2020-05-20,26.29,27.44,25.44,23671.0,612783.63,0.019782777346780467
810,HBEA,2020-05-21,25.78,26.88,25.33,30402.0,779567.73,-0.019399011030810098
809,HBEA,2020-05-22,25.69,26.55,25.3,64265.0,1632189.33,-0.003491078355314148
808,HBEA,2020-05-25,25.23,26.99,25.22,70952.0,1814772.89,-0.01790579992214869
807,HBEA,2020-05-26,25.05,26.66,25.05,65271.0,1670445.89,-0.007134363852556502
806,HBEA,2020-05-27,25.29,26.88,23.66,61487.0,1549581.14,0.009580838323353325
805,HBEA,2020-05-28,25.29,27.3,24.11,67231.0,1695148.47,0.0
804,HBEA,2020-05-29,25.29,25.99,25.0,67701.0,1710697.53,0.0
803,HBEA,2020-06-01,25.2,26.88,24.5,2595.0,66472.78,-0.003558718861209953
802,HBEA,2020-06-02,25.07,25.8,24.1,3702.0,92621.11,-0.00515873015873014
801,HBEA,2020-06-03,26.74,26.99,24.0,4142.0,100500.18,0.06661348224970087
800,HBEA,2020-06-04,24.73,28.44,24.56,42283.0,1080141.93,-0.07516828721017199
799,HBEA,2020-06-05,25.19,26.3,24.0,12332.0,312301.48,0.01860088960776385
798,HBEA,2020-06-08,25.1,27.66,23.88,8243.0,202126.47,-0.0035728463676062416
797,HBEA,2020-06-09,25.19,26.99,23.55,16442.0,415752.98,0.0035856573705179695
796,HBEA,2020-06-10,25.0,26.99,24.35,8784.0,216112.73,-0.0075426756649464854
795,HBEA,2020-06-11,25.07,26.33,24.4,13429.0,333682.84,0.0027999999999999137
794,HBEA,2020-06-12,25.01,26.98,24.61,68987.0,1749695.28,-0.0023932987634622815
793,HBEA,2020-06-15,24.9,27.0,23.0,65589.0,1650577.54,-0.004398240703718637
792,HBEA,2020-06-16,24.88,27.33,24.7,21160.0,526128.71,-0.0008032128514056103
771,HBEA,2020-06-17,24.88,26.09,23.66,73773.0,1853611.06,0.0
770,HBEA,2020-06-18,24.75,26.66,23.68,76888.0,1894787.07,-0.00522508038585201
769,HBEA,2020-06-19,24.76,26.2,24.02,132109.0,3269005.98,0.00040404040404040664
768,HBEA,2020-06-22,24.75,26.88,24.06,65637.0,1652036.13,-0.00040387722132473325
767,HBEA,2020-06-23,24.87,24.97,24.76,46717.0,1163796.65,0.00484848484848488
766,HBEA,2020-06-24,25.26,25.4,24.51,110721.0,2781829.39,0.01568154402895061
765,HBEA,2020-06-29,25.1,27.77,23.0,54488.0,1369602.64,-0.006334125098970689
764,HBEA,2020-06-30,25.11,26.89,23.66,30264.0,783600.75,0.00039840637450194727
763,HBEA,2020-07-01,26.39,27.55,23.01,69245.0,1803286.57,0.050975706889685446
762,HBEA,2020-07-02,26.49,28.4,25.5,94590.0,2436889.88,0.0037893141341416303
761,HBEA,2020-07-03,28.0,29.0,24.5,63831.0,1749822.83,0.05700264250660636
760,HBEA,2020-07-06,27.9,30.66,25.22,70199.0,1968835.20,-0.0035714285714286698
759,HBEA,2020-07-07,27.69,29.88,27.04,176068.0,4988587.56,-0.007526881720430034
758,HBEA,2020-07-08,27.57,30.0,27.0,93567.0,2662816.56,-0.004333694474539573
757,HBEA,2020-07-09,27.42,28.6,26.04,93924.0,2532802.02,-0.005440696409140355
756,HBEA,2020-07-10,27.1,28.6,24.91,77023.0,2058156.97,-0.011670313639679075
755,HBEA,2020-07-11,27.1,--,--,--,--,0.0
754,HBEA,2020-07-13,27.81,29.53,26.22,34229,994780.79,0.026199261992619904
753,HBEA,2020-07-14,27.69,28.1,27.05,75945.0,2099275.21,-0.004314994606256617
752,HBEA,2020-07-15,27.71,27.98,27.05,76133.0,2089736.20,0.0007222824124233362
991,HBEA,2020-07-16,27.71,28.0,26.44,76344.0,2097337.20,0.0
990,HBEA,2020-07-17,27.7,27.99,27.35,123226.0,3408339.21,-0.00036088054853844476
989,HBEA,2020-07-20,27.71,27.94,27.4,97686.0,2705092.47,0.0003610108303249149
988,HBEA,2020-07-21,27.78,27.96,27.55,89996.0,2496324.74,0.0025261638397691133
987,HBEA,2020-07-22,27.78,27.8,26.7,112066.0,3107470.27,0.0
986,HBEA,2020-07-23,27.8,28.5,27.1,125935.0,3500081.27,0.0007199424046075986
985,HBEA,2020-07-24,27.85,28.18,27.73,98535.0,2741515.27,0.0017985611510791255
984,HBEA,2020-07-27,27.84,28.22,26.15,107484.0,2985308.36,-0.000359066427289112
983,HBEA,2020-07-28,27.8,27.98,26.88,110112.0,3062645.43,-0.001436781609195359
982,HBEA,2020-07-29,27.88,28.49,27.15,99254.0,2759834.18,0.0028776978417266452
981,HBEA,2020-07-30,27.88,28.45,27.3,98775.0,2748750.57,0.0
980,HBEA,2020-07-31,27.8,28.14,27.0,113604.0,3159290.08,-0.0028694404591104172
979,HBEA,2020-08-03,27.8,28.16,25.23,112667.0,3129675.97,0.0
978,HBEA,2020-08-04,27.85,28.16,25.23,93226.0,2589201.06,0.0017985611510791255
977,HBEA,2020-08-05,27.85,28.15,25.35,67400.0,1864724.40,0.0
976,HBEA,2020-08-06,27.8,29.4,26.0,89567.0,2478760.53,-0.0017953321364452268
975,HBEA,2020-08-07,27.8,28.08,25.21,64730.0,1799207.95,0.0
974,HBEA,2020-08-10,27.84,27.96,26.83,98026.0,2724657.71,0.0014388489208632116
973,HBEA,2020-08-11,27.77,27.85,27.24,103983.0,2881037.20,-0.0025143678160919336
972,HBEA,2020-08-12,27.87,27.98,25.12,147084.0,4084652.18,0.003601008282319018
791,HBEA,2020-08-13,27.85,27.99,27.63,124446.0,3458160.44,-0.0007176175098672077
790,HBEA,2020-08-14,27.85,27.98,25.22,136868.0,3792210.53,0.0
789,HBEA,2020-08-17,27.8,27.93,25.21,132897.0,3678627.17,-0.0017953321364452268
788,HBEA,2020-08-18,28.99,28.99,25.41,73929.0,2050212.31,0.04280575539568332
787,HBEA,2020-08-19,29.45,31.88,28.01,83344.0,2427536.71,0.01586754053121764
786,HBEA,2020-08-20,29.35,31.0,27.57,92503.0,2685755.43,-0.003395585738539819
785,HBEA,2020-08-21,29.59,29.96,28.5,72177.0,2096437.02,0.008177172061328841
784,HBEA,2020-08-24,29.2,30.44,28.01,105179.0,3046368.50,-0.013180128421764081
783,HBEA,2020-08-25,29.18,29.49,27.88,95631.0,2771976.67,-0.00068493150684934
782,HBEA,2020-08-26,29.1,30.5,28.52,140432.0,4134373.17,-0.002741603838245288
781,HBEA,2020-08-27,29.01,30.3,29.0,92823.0,2692357.08,-0.003092783505154628
780,HBEA,2020-08-28,29.0,29.18,28.66,96314.0,2779641.41,-0.00034470872113068207
779,HBEA,2020-08-31,29.0,30.2,27.11,79272.0,2258616.87,0.0
778,HBEA,2020-09-01,29.0,29.86,27.5,53966.0,1563457.90,0.0
777,HBEA,2020-09-02,28.95,29.2,28.55,81130.0,2332087.27,-0.0017241379310345417
776,HBEA,2020-09-03,28.95,29.19,28.8,99311.0,2869089.31,0.0
775,HBEA,2020-09-04,28.94,29.35,27.87,149673.0,4323988.89,-0.0003454231433505095
774,HBEA,2020-09-07,28.96,29.48,28.1,178939.0,5145850.57,0.0006910850034553828
773,HBEA,2020-09-08,28.99,29.0,28.58,116084.0,3343686.47,0.001035911602209838
772,HBEA,2020-09-09,29.09,29.96,28.1,129669.0,3709228.63,0.0034494653328733804
911,HBEA,2020-09-10,28.76,29.88,28.55,83546.0,2416934.14,-0.011344104503265617
910,HBEA,2020-09-11,29.28,31.0,28.5,54874.0,1590609.55,0.018080667593880273
909,HBEA,2020-09-14,29.12,30.35,28.52,63099.0,1831914.96,-0.005464480874316946
908,HBEA,2020-09-15,29.0,30.19,28.3,82476.0,2375478.53,-0.004120879120879106
907,HBEA,2020-09-16,28.51,29.88,28.2,43749.0,1256557.63,-0.016896551724137843
906,HBEA,2020-09-17,28.98,29.98,28.33,57223.0,1653486.17,0.01648544370396343
905,HBEA,2020-09-18,29.0,29.98,26.51,118911.0,3435678.94,0.0006901311249136732
904,HBEA,2020-09-21,29.0,29.66,28.51,132692.0,3844392.83,0.0
903,HBEA,2020-09-22,29.09,30.0,27.61,57514.0,1671089.20,0.003103448275862064
902,HBEA,2020-09-23,29.19,32.0,28.8,120060.0,3486004.49,0.0034376074252320254
901,HBEA,2020-09-24,29.23,29.91,29.2,151423.0,4447884.63,0.0013703323055840322
900,HBEA,2020-09-25,29.3,29.66,28.88,246890.0,7219985.54,0.0023947998631543843
899,HBEA,2020-09-28,29.41,30.37,28.01,57009.0,1667027.05,0.003754266211604129
898,HBEA,2020-09-29,29.6,30.0,29.21,42154.0,1243943.47,0.006460387623257402
897,HBEA,2020-09-30,28.89,29.98,28.89,315918.0,9301865.77,-0.02398648648648649
896,HBEA,2020-10-09,27.37,29.64,26.01,2131.0,58428.14,-0.05261336102457592
895,HBEA,2020-10-12,28.98,29.76,28.0,3950.0,112243.78,0.05882352941176472
894,HBEA,2020-10-13,28.92,29.57,28.4,9867.0,280263.19,-0.0020703933747411307
893,HBEA,2020-10-14,28.99,29.57,28.5,5236.0,150283.64,0.0024204702627939056
892,HBEA,2020-10-15,29.3,29.47,29.3,502.0,14708.94,0.010693342531907568
971,HBEA,2020-10-16,28.8,29.0,28.45,22692.0,648454.92,-0.017064846416382284
970,HBEA,2020-10-19,28.9,29.59,28.55,13598.0,390527.56,0.003472222222222099
969,HBEA,2020-10-20,29.1,29.59,27.44,12617.0,364855.13,0.006920415224913601
968,HBEA,2020-10-21,29.12,29.6,28.82,13504.0,393781.86,0.0006872852233676952
967,HBEA,2020-10-22,28.97,31.79,28.95,9021.0,261965.06,-0.005151098901098994
966,HBEA,2020-10-23,29.0,29.5,28.91,23374.0,677315.30,0.0010355540214015413
965,HBEA,2020-10-26,29.0,29.0,27.0,115910.0,3350610.86,0.0
964,HBEA,2020-10-27,28.99,29.55,28.7,40687.0,1174870.27,-0.00034482758620690834
963,HBEA,2020-10-28,28.92,30.0,28.9,69719.0,2023100.31,-0.002414625733011322
962,HBEA,2020-10-29,29.4,31.8,28.8,8752.0,254644.22,0.016597510373443924
961,HBEA,2020-10-30,29.65,32.32,28.7,62194.0,1963081.90,0.008503401360544283
960,HBEA,2020-11-02,29.41,29.99,28.1,547.0,15829.57,-0.008094435075885253
959,HBEA,2020-11-03,29.55,29.98,27.01,15344.0,422628.81,0.00476028561713715
958,HBEA,2020-11-04,29.39,29.88,26.77,23969.0,657960.63,-0.005414551607444973
957,HBEA,2020-11-05,29.22,29.99,26.66,8518.0,230010.36,-0.005784280367472028
956,HBEA,2020-11-06,29.68,30.2,29.67,1101.0,32679.20,0.015742642026009612
955,HBEA,2020-11-09,29.56,30.0,28.7,8015.0,230193.85,-0.0040431266846361336
954,HBEA,2020-11-10,29.39,29.58,27.01,23419.0,638534.23,-0.005751014884979644
953,HBEA,2020-11-11,28.73,29.95,28.21,61887.0,1777042.31,-0.022456617897243958
952,HBEA,2020-11-12,29.0,29.49,25.9,188315.0,5352241.62,0.009397841977027532
951,HBEA,2020-11-13,28.69,29.19,27.46,78000.0,2239868.82,-0.010689655172413715
950,HBEA,2020-11-16,28.5,29.48,28.4,207462.0,6046629.92,-0.0066225165562914245
949,HBEA,2020-11-17,28.46,28.89,25.8,37828.0,1045141.86,-0.00140350877192974
948,HBEA,2020-11-18,28.4,28.95,27.5,76192.0,2130667.19,-0.0021082220660576523
947,HBEA,2020-11-19,27.99,28.5,27.8,97541.0,2736240.78,-0.014436619718309895
946,HBEA,2020-11-20,27.99,28.6,27.5,61558.0,1719513.51,0.0
945,HBEA,2020-11-23,27.52,28.78,26.21,109369.0,3000692.41,-0.016791711325473302
944,HBEA,2020-11-24,27.26,28.3,26.5,189598.0,5110752.61,-0.009447674418604612
943,HBEA,2020-11-25,27.79,27.85,27.14,72081.0,1987332.14,0.019442406456346095
942,HBEA,2020-11-26,28.04,28.1,27.5,118629.0,3312159.66,0.008996041741633709
941,HBEA,2020-11-27,28.12,28.59,27.81,58037.0,1635137.99,0.0028530670470756636
940,HBEA,2020-11-30,27.49,27.99,27.45,58562.0,1621295.95,-0.02240398293029877
939,HBEA,2020-12-01,27.02,27.78,27.02,97753.0,2687687.44,-0.017097126227719084
938,HBEA,2020-12-02,27.69,28.48,27.45,234806.0,6633666.82,0.024796447076239847
937,HBEA,2020-12-03,27.7,28.0,27.03,124296.0,3441752.51,0.0003611412062114461
936,HBEA,2020-12-04,27.77,27.99,27.03,76690.0,2120968.15,0.002527075812274404
935,HBEA,2020-12-07,27.85,29.53,27.6,306971.0,8781842.72,0.0028808066258552145
934,HBEA,2020-12-08,27.78,27.99,27.68,462057.0,12821734.50,-0.0025134649910233398
933,HBEA,2020-12-09,27.65,30.5,27.5,386466.0,10789025.92,-0.004679625629949724
932,HBEA,2020-12-10,27.57,27.74,27.21,33502.0,918395.11,-0.002893309222423035
931,HBEA,2020-12-11,27.7,27.95,27.55,127157.0,3524296.57,0.004715270221254952
930,HBEA,2020-12-14,27.75,27.95,25.61,234989.0,6435925.11,0.0018050541516245744
929,HBEA,2020-12-16,27.83,27.93,27.01,22585.0,626723.39,0.0028828828828828534
928,HBEA,2020-12-17,27.2,28.0,25.8,85914.0,2244260.02,-0.022637441609773545
927,HBEA,2020-12-21,27.27,27.85,27.24,40836.0,1131441.02,0.0025735294117648078
926,HBEA,2020-12-22,27.49,27.92,26.11,65826.0,1750047.17,0.008067473414008042
925,HBEA,2020-12-23,26.24,27.3,26.01,62767.0,1673187.23,-0.04547108039287018
924,HBEA,2020-12-24,27.48,27.94,26.31,52867.0,1431081.89,0.04725609756097571
923,HBEA,2020-12-25,27.84,28.5,26.41,243365.0,6885156.29,0.013100436681222627
922,HBEA,2020-12-28,27.89,28.32,26.45,21038.0,582210.48,0.0017959770114943652
921,HBEA,2020-12-29,28.15,28.41,26.52,44717.0,1249124.23,0.009322337755467869
920,HBEA,2020-12-30,28.28,28.43,27.0,78072.0,2187035.28,0.004618117229129748
919,HBEA,2020-12-31,27.99,27.99,26.31,4256.0,116199.58,-0.010254596888260359
918,HBEA,2021-01-04,28.36,28.38,28.36,5.0,141.82,0.013219006788138588
917,HBEA,2021-01-05,28.35,28.35,28.35,164.0,4649.40,-0.0003526093088856985
916,HBEA,2021-01-06,28.34,28.34,28.34,250.0,7085.00,-0.0003527336860670305
915,HBEA,2021-01-07,28.32,28.33,28.31,7643.0,216438.77,-0.0007057163020465218
914,HBEA,2021-01-08,28.2,28.24,27.5,3401.0,94585.35,-0.004237288135593209
913,HBEA,2021-01-11,27.8,27.99,27.5,1179.0,32667.23,-0.014184397163120477
912,HBEA,2021-01-12,27.98,27.98,27.98,5.0,139.90,0.006474820143884896
831,HBEA,2021-01-13,27.98,27.99,27.68,5041.0,139983.40,0.0
830,HBEA,2021-01-14,27.99,27.99,27.99,350.0,9796.50,0.00035739814152968563
829,HBEA,2021-01-15,28.46,28.48,28.46,337.0,9591.12,0.016791711325473413
828,HBEA,2021-01-18,28.84,28.84,28.84,5.0,144.20,0.013352073085031613
827,HBEA,2021-01-19,28.83,28.83,27.83,3572.0,99592.06,-0.00034674063800277377
826,HBEA,2021-01-20,28.18,28.18,27.0,205.0,5540.90,-0.02254595907041268
825,HBEA,2021-01-21,28.86,28.86,27.0,13226.0,358180.64,0.024130589070262554
824,HBEA,2021-01-22,28.09,28.71,27.52,302.0,8315.08,-0.026680526680526673
823,HBEA,2021-01-25,28.48,28.48,28.48,5.0,142.40,0.013883944464222253
822,HBEA,2021-01-26,28.86,28.86,28.86,5.0,144.30,0.01334269662921339
821,HBEA,2021-01-27,31.66,31.66,31.66,5.0,158.30,0.09702009702009695
820,HBEA,2021-01-28,28.96,28.96,28.49,30.0,857.05,-0.08528111181301323
819,HBEA,2021-01-29,28.93,28.94,26.56,150116.0,3987166.06,-0.001035911602209949
818,HBEA,2021-02-01,30.99,30.99,30.99,5.0,154.95,0.07120636017974413
817,HBEA,2021-02-02,29.94,30.0,27.95,8347.0,248150.12,-0.03388189738625358
816,HBEA,2021-02-03,29.7,29.7,27.22,561.0,15282.82,-0.008016032064128376
815,HBEA,2021-02-04,29.66,29.66,26.89,202.0,5445.63,-0.0013468013468013185
814,HBEA,2021-02-05,27.22,29.63,27.22,115.0,3285.15,-0.08226567768037762
813,HBEA,2021-02-08,28.99,28.99,28.99,5.0,144.95,0.06502571638501098
812,HBEA,2021-02-09,29.44,29.88,26.87,1749.0,47023.66,0.015522593997930434
851,HBEA,2021-02-10,29.35,29.35,29.35,154.0,4519.90,-0.0030570652173913526
850,HBEA,2021-02-18,32.28,32.28,32.28,5.0,161.40,0.09982964224872237
849,HBEA,2021-02-19,34.21,35.5,29.06,6.0,206.56,0.05978934324659235
848,HBEA,2021-02-22,34.92,34.99,30.79,2195.0,72906.57,0.020754165448699124
847,HBEA,2021-02-23,36.56,38.39,31.43,3254.0,104607.03,0.04696449026345939
846,HBEA,2021-02-24,36.54,36.54,32.9,515.0,16966.70,-0.000547045951860059
845,HBEA,2021-02-25,32.99,33.0,32.89,14.0,461.89,-0.09715380405035567
844,HBEA,2021-02-26,30.0,33.0,29.69,18296.0,548499.31,-0.09063352531070024
843,HBEA,2021-03-01,29.99,30.0,27.7,452.0,12625.90,-0.00033333333333340764
842,HBEA,2021-03-02,32.84,32.98,28.0,210.0,6896.90,0.09503167722574202
841,HBEA,2021-03-03,35.96,36.12,29.56,2010.0,59480.41,0.09500609013398287
840,HBEA,2021-03-04,32.69,37.68,30.84,772.0,25227.50,-0.09093437152391559
839,"HBEA
",2021-03-05,30.0,"30.00
","29.42
","1350
","39912.37
",-0.08228816151728346
838,"HBEA
",2021-03-08,30.83,"32.97
","27.61
","7
","220.07
",0.027666666666666506
837,"HBEA
",2021-03-09,29.97,"29.99
","27.76
","1809
","52659.72
",-0.027894907557573734
836,"HBEA
",2021-03-10,31.05,"31.98
","28.05
","249
","7732.52
",0.03603603603603611
835,"HBEA
",2021-03-11,33.42,"33.96
","28.10
","110
","3677.00
",0.07632850241545897
834,"HBEA
",2021-03-12,34.96,"36.30
","30.08
","1136
","38995.88
",0.046080191502094525
833,"HBEA
",2021-03-15,33.65,"36.14
","31.50
","1164
","37390.78
",-0.0374713958810069
832,"HBEA
",2021-03-16,34.07,"37.00
","30.29
","1713
","52869.35
",0.012481426448736954
891,"HBEA
",2021-03-17,30.66,"35.98
","30.66
","535
","17012.80
",-0.10008805400645726
890,"HBEA
",2021-03-18,33.35,"33.70
","27.60
","551
","15501.40
",0.08773646444879324
889,"HBEA
",2021-03-19,33.66,"35.98
","30.02
","2074
","62938.08
",0.009295352323837935
888,"HBEA
",2021-03-22,32.0,"32.00
","30.29
","3073
","93261.29
",-0.04931669637551983
887,HBEA,2021-03-23,35.08,35.08,35.08,100.0,3508.00,0.09624999999999995
886,HBEA,2021-03-24,31.57,37.88,31.57,354.0,12433.76,-0.10005701254275934
885,HBEA,2021-03-26,31.72,31.81,27.88,171.0,5171.31,0.00475134621476081
884,HBEA,2021-03-29,30.27,34.88,28.56,1303.0,38982.75,-0.04571248423707441
883,HBEA,2021-03-30,29.74,30.0,28.12,921.0,26671.12,-0.01750908490254377
882,HBEA,2021-03-31,28.89,31.0,27.1,10245.0,292086.50,-0.028581035642232577
881,HBEA,2021-04-01,28.99,31.24,28.0,323.0,9486.50,0.00346140533056416
880,HBEA,2021-04-02,29.2,31.4,26.09,111.0,3193.96,0.007243877199034188
879,HBEA,2021-04-06,28.71,32.06,28.7,3143.0,90252.70,-0.016780821917808164
878,HBEA,2021-04-07,29.7,29.7,29.69,8.0,237.55,0.0344827586206895
877,HBEA,2021-04-08,32.31,32.38,29.4,43.0,1290.52,0.08787878787878789
876,HBEA,2021-04-09,33.96,33.96,33.96,1.0,33.96,0.05106778087279484
875,HBEA,2021-04-12,30.6,33.88,30.56,5194.0,160613.25,-0.09893992932862183
874,HBEA,2021-04-13,28.84,33.63,28.41,51.0,1540.20,-0.05751633986928106
873,HBEA,2021-04-14,29.6,31.66,28.65,1165.0,33594.33,0.026352288488210807
872,HBEA,2021-04-15,30.6,32.55,29.0,594.0,17416.17,0.03378378378378377
871,HBEA,2021-04-16,30.12,31.0,29.16,28.0,844.08,-0.015686274509803977
870,HBEA,2021-04-19,29.5,33.11,28.99,771.0,22411.01,-0.02058432934926957
869,HBEA,2021-04-20,29.46,30.99,29.0,171.0,4993.49,-0.0013559322033898091
868,HBEA,2021-04-21,30.2,32.4,29.21,21.0,634.30,0.02511880515953835
867,HBEA,2021-04-22,28.85,30.95,28.81,1284.0,37427.51,-0.04470198675496684
866,HBEA,2021-04-23,29.64,29.8,28.9,29.0,859.60,0.027383015597920224
865,HBEA,2021-04-26,29.76,32.58,26.89,2744.0,79452.15,0.004048582995951344
864,HBEA,2021-04-27,29.84,32.73,29.0,672.0,20127.79,0.0026881720430107503
863,HBEA,2021-04-28,29.9,29.9,29.0,511.0,14909.17,0.002010723860589758
862,HBEA,2021-04-29,29.09,30.98,28.05,1884.0,54689.29,-0.02709030100334442
861,HBEA,2021-04-30,30.0,31.9,26.82,4258.0,114844.30,0.03128222756961163
860,HBEA,2021-05-06,30.99,32.98,29.6,948.0,29343.55,0.03299999999999992
859,HBEA,2021-05-07,30.5,33.98,27.89,764.0,22377.76,-0.01581155211358498
858,HBEA,2021-05-10,32.34,33.5,29.0,1051.0,32236.63,0.06032786885245911
857,HBEA,2021-05-11,30.17,33.97,29.5,1589.0,47896.73,-0.0670995670995671
856,HBEA,2021-05-12,29.96,33.15,27.15,98.0,3062.87,-0.00696055684454755
855,HBEA,2021-05-13,29.88,32.92,28.88,175.0,5139.07,-0.002670226969292422
854,HBEA,2021-05-14,31.02,32.76,29.31,619.0,18617.20,0.0381526104417671
853,HBEA,2021-05-17,29.99,31.96,29.57,968.0,28689.05,-0.03320438426821404
852,HBEA,2021-05-18,29.77,32.95,27.01,2718.0,81306.49,-0.007335778592864273
19,HBEA,2021-05-19,31.49,31.98,29.72,37.0,1125.08,0.057776284850520554
18,HBEA,2021-05-20,30.04,33.99,28.34,771.0,23847.84,-0.04604636392505557
17,HBEA,2021-05-21,30.34,32.99,27.1,8076.0,235345.41,0.00998668442077233
16,HBEA,2021-05-24,30.53,33.37,30.02,5276.0,168953.97,0.006262359920896632
15,HBEA,2021-05-25,30.37,31.99,30.13,8369.0,254114.07,-0.005240746806419949
14,HBEA,2021-05-26,30.01,33.4,29.07,26937.0,812621.66,-0.01185380309515971
13,HBEA,2021-05-27,30.15,32.99,29.71,3172.0,95837.63,0.0046651116294567085
12,HBEA,2021-05-28,30.06,32.8,30.06,10711.0,322838.00,-0.0029850746268657025
11,HBEA,2021-05-31,33.04,33.04,29.86,22840.0,691981.05,0.09913506320691945
10,HBEA,2021-06-01,30.98,34.4,30.0,108689.0,3691517.11,-0.0623486682808716
9,HBEA,2021-06-02,30.28,33.99,29.08,10416.0,302954.73,-0.022595222724338226
8,HBEA,2021-06-03,30.83,32.99,30.22,3530.0,106882.55,0.018163804491413416
7,HBEA,2021-06-04,30.78,30.81,30.09,13432.0,407213.69,-0.0016217969510216035
6,HBEA,2021-06-07,30.16,30.8,30.15,6523.0,198008.59,-0.020142949967511425
5,HBEA,2021-06-08,30.13,32.98,27.21,22101.0,604326.51,-0.0009946949602122057
4,HBEA,2021-06-09,30.6,33.14,30.5,6425.0,206955.64,0.015599070693660844
3,HBEA,2021-06-10,30.29,31.0,28.02,10234.0,314945.84,-0.010130718954248441
2,HBEA,2021-06-11,30.56,32.0,30.31,5728.0,179753.55,0.008913832948167721
1,HBEA,2021-06-15,32.06,32.46,27.67,2256.0,71101.31,0.04908376963350802
0,HBEA,2021-06-16,31.49,35.25,28.91,51106.0,1575446.25,-0.017779164067373787
591,,,,,,,,
