Date,Settlement Volume (ton),Settlement Price (yuan/ton),Turnover (yuan)
2021-06-09,1,52.00,52(CCER)
2021-06-09,8961,85.62,767270(BEA)
2021-05-31,13,45.80,595.40(CCER)
2021-05-31,52,87.50,4550.00(BEA)
2021-05-28,1000,77.30,"77,300.00(BEA)"
2021-05-27,7685,64.35,"494,512.00(BEA)"
2021-05-21,100,79.00,"7,900.00(BEA)"
2021-05-19,2610,81.49,"212,700.00(BEA）"
2021-05-18,1000,87.50,"87,500.00(BEA)"
2021-05-17,11000,84.85,"933,300.00(BEA)"
2021-05-14,5900,79.80,"470,820.00(BEA)"
2021-05-13,1030,81.87,"84,344.00(BEA)"
2021-05-12,500,82.00,"41,000.00(BEA)"
2021-05-11,500,82.00,"41,000.00(BEA)"
2021-05-10,1,80.00,80.00（BEA）
2017-08-09,100,23.30,2330.00（CCER）
2017-08-09,2,46.20,92.40（BEA）
2017-08-08,1460,48.00,70.074.00（BEA）
2017-07-28,27000,50.97,"1,376,300.00(BEA)"
2017-07-27,30003,50.60,"1,518,182.10(BEA)"
2017-07-19,2,50.60,101.20(BEA)
2017-07-12,2137,49.98,"106,809.10（BEA）"
2017-07-07,7206,50.60,"364,623.60(BEA)"
2017-07-04,200,5.20,"1,040.00（CCER）"
2017-07-04,1401,50.56,"70,841.40(BEA)"
2017-07-03,1373,50.51,"69,354.80（BEA）"
2017-06-30,6493,50.33,"326,784.10(BEA)"
2017-06-29,3004,51.11,"153,545.20（BEA）"
2017-06-28,10107,51.11,"516,529.80（BEA）"
2017-06-26,8345,51.18,"427,092.50（BEA）"
2018-07-18,119259,68.11,"8,122,948.80（BEA）"
2018-07-17,61705,68.99,"4,257,032.90（BEA）"
2018-07-16,46251,68.86,"3,184,691.00（BEA）"
2018-07-13,540,7.00,"3,780.00（CCER）"
2018-07-13,450,11.50,"5,175.00（林业碳汇）"
2018-07-13,25835,68.52,"1,770,136.60（BEA）"
2018-07-12,42514,68.31,"2,904,278.80（BEA）"
2018-07-11,1389,7.30,"10,139.70（CCER）"
2018-07-11,68642,68.18,"4,680,326.80（BEA）"
2018-07-10,300,7.00,"2,100.00（CCER）"
2018-07-10,26792,69.10,"1,851,312.00（BEA）"
2018-07-09,8035,69.23,"556,283.40(BEA)"
2018-07-06,355,6.52,"2,315.60（CCER）"
2018-07-06,11011,69.32,"763,306.10（BEA）"
2018-07-05,3230,69.10,"223,189.00（BEA）"
2018-07-30,125260,70.24,"8,798,173.60（BEA）"
2018-07-27,63045,69.52,"4,383,030.70（BEA）"
2018-07-26,800,16.00,"12,800.00(林业碳汇)"
2018-07-26,34700,9.5,"329,650.00(CCER)"
2018-07-26,118481,70.11,"8,306,199.50(BEA)"
2018-07-25,1504,9.53,"14,340.00（CCER）"
2018-07-25,137773,69.33,"9,551,334.80（BEA）"
2018-07-24,47471,69.83,"3,314,731.30（BEA）"
2018-07-23,132756,68.09,"9,039,020.60（BEA）"
2018-07-20,4700,8.00,"37,600.00（CCER）"
2018-07-20,66601,69.44,"4,624,449.60（BEA）"
2018-07-19,387,13.50,"5,224.50（林业碳汇）"
2018-07-19,5881,9.03,"53,123.10（CCER）"
2018-07-19,52023,68.46,"3,561,575.10（BEA）"
2018-07-18,3992,7.64,"30,500.00（CCER）"
2018-09-06,9875,64.00,"632,000.00（BEA）"
2018-08-28,4305,69.60,"299,632.50（BEA）"
2018-08-22,2035,70.63,"143,741.50（BEA）"
2018-08-20,4,70.60,282.40（BEA）
2018-08-15,7010,70.60,"494,937.00(BEA)"
2018-08-14,17310,70.31,"1,217,111.00（BEA）"
2018-08-09,22225,70.71,"1,571,557.80（BEA）"
2018-08-07,19640,70.49,"1,384,408.80（BEA）"
2018-08-06,100,70.90,"7,090.00（BEA）"
2018-08-03,19117,70.74,"1,352,407.70（BEA）"
2018-08-02,100,10.20,"1,020.00（林业碳汇）"
2018-08-02,19275,70.12,"1,351,561.90（BEA）"
2018-08-01,17081,69.62,"1,189,117.70（BEA）"
2018-07-31,30798,70.02,"2,156,335.60（BEA）"
2018-07-30,300,12.80,"3,840.00（林业碳汇）"
2017-10-30,7400,50.65,"374,810.00（BEA）"
2017-10-27,401,56.38,"22,609.30（BEA）"
2017-10-13,100,49.10,"4,910.00（BEA）"
2017-10-12,3,40.90,122.70（BEA）
2017-10-11,4000,28.70,"114,800.00（CCER）"
2017-10-11,2764,51.13,"141,331.20（BEA）"
2017-09-26,104,51.00,"5,304.00（BEA）"
2017-08-28,1001,22.10,"22,122.10(CCER)"
2017-08-28,2,51.00,102.00(BEA)
2017-08-18,1200,22.83,"27,400.00（CCER）"
2017-08-17,100,23,"2,300.00（CCER）"
2017-08-16,202,49.10,9917.60（BEA）
2018-04-25,2000,57.40,"114,800.00 (BEA)"
2018-04-24,9490,47.82,"453,834.00 (BEA)"
2018-04-20,27000,52.24,"1,410,500.00(BEA)"
2018-04-19,2452,47.10,"115,489.20(BEA）"
2018-04-13,5000,58.92,"294,600.00（BEA）"
2018-04-12,7100,50.76,"360,400.00（BEA）"
2018-04-11,702,53.39,"37,480.00（BEA）"
2018-03-22,51,59.30,"3,024.30（BEA）"
2018-03-21,37,58.51,"2,164.90（BEA）"
2018-03-20,44,56.60,"2,490.40（BEA）"
2018-03-14,9000,53.50,"481,500.00(BEA)"
2018-02-08,33,56.20,"1,854.60（BEA）"
2018-02-07,1672,51.58,"86,240.00（BEA）"
2018-02-06,8506,54.03,"459,603.20(BEA)"
2018-02-05,1,56,56.00（BEA）
2018-07-04,42996,69.40,"2,983,984.80（BEA）"
2018-07-03,10,8.30,83.00（CCER）
2018-07-03,16985,68.75,"1,167,762.50（BEA）"
2018-07-02,10073,6.42,"64,680.90（CCER）"
2018-07-02,6629,68.05,"451,116.80（BEA）"
2018-06-29,1002,7.00,"7,018.00（CCER）"
2018-06-29,13498,67.31,"908,494.20（BEA）"
2018-06-28,63959,64.85,"4,147,889.60（BEA）"
2018-06-27,10,9.80,98.00（CCER）
2018-06-27,16261,62.43,"1,015,221.20（BEA）"
2018-06-26,10,14.00,140.00（CCER）
2018-06-26,83836,59.66,"5,001,638.80（BEA）"
2018-06-25,45104,54.54,"2,460,095.20（BEA）"
2018-06-22,565,9.70,"5,480.50（林业碳汇）"
2018-06-22,1400,20.00,"28,000.00（CCER）"
2018-06-22,93144,51.01,"4,751,587.20（BEA）"
2018-06-21,21036,44.01,"925,865.60（BEA）"
2018-06-20,6,18.20,109.20（CCER）
2018-06-20,2500,12.10,"30,250.00（林业碳汇）"
2018-06-20,27565,48.14,"1,326,961.40（BEA）"
2018-06-19,48597,40.71,"1,978,185.70（BEA）"
2018-06-15,175876,36.04,"6,339,281.30（BEA）"
2018-06-14,1000,14.00,"14,000.00（CCER）"
2018-06-14,263,34.18,"8,989.20（BEA）"
2018-06-13,20,11.70,234.00（CCER）
2018-06-13,23676,40.48,"958,343.20（BEA）"
2018-06-12,2,9.00,18.00（CCER）
2018-06-12,14250,44.90,"639,825.00（BEA）"
2018-06-11,10,6.90,69.00（CCER）
2018-06-11,29853,56.14,"1,675,867.80（BEA）"
2018-05-21,11500,57.11,"656,740.00（BEA）"
2018-05-18,1950,7.50,"14,625.00（CCER）"
2018-05-18,31045,57.11,"1,773,100.80（BEA）"
2018-05-17,44557,53.97,"2,404,677.80（BEA）"
2018-05-16,50,6.80,340.00（CCER）
2018-05-16,52330,49.48,"2,589,200.00（BEA）"
2018-05-15,35644,50.02,"1,782,841.60（BEA）"
2018-05-14,385,47.00,"18,095.00（BEA）"
2018-05-11,6026,58.83,"354,509.40（BEA）"
2018-05-10,18102,58.53,"1,059,583.80（BEA）"
2018-05-09,8900,58.63,"521,820.00（BEA）"
2018-05-07,14824,58.50,"867,259.00(BEA)"
2018-05-04,14248,58.71,"836,448.80（BEA）"
2018-05-03,20,58.20,"1,164.00（BEA）"
2018-04-27,4432,57.65,"255,514.80（BEA）"
2017-08-15,100,39.40,"3,940.00（CCER）"
2017-08-11,3,49.00,147.00（BEA）
2017-08-10,3188,48.53,"154,719.20（BEA）"
2018-06-08,400,15.10,"6,040.00（林业碳汇）"
2018-06-08,965,5.30,"5,,114.50（CCER）"
2018-06-08,30206,65.83,"1,988,611.90（BEA）"
2018-06-07,28598,65.91,"1,884,870.00（BEA）"
2018-06-06,32463,64.95,"2,108,437.90（BEA）"
2018-06-05,1330,64.07,"85,211.00（BEA）"
2018-06-04,8572,63.42,"543,600.00（BEA）"
2018-06-01,11600,62.47,"724,600.00（BEA）"
2018-05-31,21998,61.68,"1,356,877.80（BEA）"
2018-05-30,14000,61.05,"854,700.00（BEA）"
2018-05-28,32805,60.12,"1,972,268.50（BEA）"
2018-05-25,33449,59.85,"2,001,902.30（BEA）"
2018-05-24,500,59.60,"29,,800.00（BEA）"
2018-05-23,200,59.20,"11,840.00（BEA）"
2018-05-22,8749,58.73,"513,829.30（BEA）"
2018-11-30,401,50.89,"20,405.00(BEA)"
2018-11-29,225,51.29,"11,540.00（BEA）"
2018-11-28,14426,50.33,"726,012.00（BEA）"
2018-11-27,7502,50.16,"376,277.00（BEA）"
2018-11-23,559,43.59,"24,366.80（BEA）"
2018-11-22,994,41.40,"41,151.60（BEA）"
2018-11-21,1999,35.00,"69,960.20（BEA）"
2018-11-20,486,37.80,"18,370.80（BEA）"
2018-11-19,498,41.30,"20,567.40（BEA）"
2018-11-16,212,45.47,"9,639.60（BEA）"
2018-11-15,8,47.00,376.00（BEA）
2018-11-07,500,47.10,"23,550.00（BEA）"
2018-11-05,44000,49.42,"2,174,400.00(BEA)"
2018-11-02,116534,43.90,"5,116,179.60（BEA）"
2018-11-01,30497,43.80,"1,335,768.60（BEA）"
2018-12-18,300,9.30,"2,790.00（林业碳汇）"
2018-12-18,2500,42.00,"105,000.00（BEA）"
2018-12-17,200,11.60,"2,320.00（林业碳汇）"
2018-12-17,1559,49.98,"77,915.90（BEA）"
2018-12-14,8450,14.50,"122,525.00（林业碳汇）"
2018-12-14,1000,50.10,"50,100.00（BEA）"
2018-12-13,1700,12.10,"20,570.00（林业碳汇）"
2018-12-13,9740,49.09,"478,106.00（BEA）"
2018-12-12,13003,52.37,"681,020.00（BEA）"
2018-12-11,5351,50.04,"267,742.50（BEA）"
2018-12-10,9001,45.55,"410,035.00（BEA）"
2018-12-06,14516,58.78,"853,187.60(BEA)"
2018-12-05,1626,57.59,"93,644.40（BEA）"
2018-12-04,5819,55.46,"322,724.70（BEA）"
2018-12-03,3731,51.64,"192,654.60（BEA）"
2014-01-22,100,50.20,"5,020.00"
2014-01-21,200,50.00,"10,000.00"
2014-01-20,200,50.10,"10,020.00"
2014-01-17,200,50.10,"10,020.00"
2014-01-16,200,50.10,"10,020.00"
2014-01-14,200,53.00,"10,600.00"
2014-01-13,500,50.00,"25,000.00"
2014-01-10,100,50.80,"5,080.00"
2014-01-09,200,50.65,"10,130.00"
2014-01-08,400,50.75,"20,300.00"
2014-01-07,500,50.00,"25,000.00"
2014-01-02,50,51.50,"2,575.00"
2013-12-24,1000,50.00,"50,000.00"
2013-12-19,100,55.00,"5,500.00"
2013-12-17,100,51.00,"5,100.00"
2018-10-31,46996,51.69,"2,429,199.20（BEA）"
2018-10-30,500,50.20,"25,100.00（BEA）"
2018-10-29,500,61.20,"30,600.00(BEA)"
2018-10-09,9170,74.60,"684,082.00(BEA)"
2018-10-08,229,64.00,"14,656.00(BEA)"
2018-09-28,2000,55.60,"111,200.00（BEA）"
2018-09-27,3500,46.30,"162,050.00(BEA)"
2018-09-26,9999,38.60,"385,961.40（BEA）"
2018-09-25,24406,32.22,"786,356.20（BEA）"
2018-09-21,20069,31.11,"624,417.60（BEA）"
2018-09-20,110535,30.32,"3,351,254.30（BEA）"
2018-09-19,5295,30.44,"161,171.00（BEA）"
2018-09-18,13833,36.15,"500,085.50（BEA）"
2018-09-17,1,41.00,41.00（BEA）
2018-09-14,15,51.20,768.00(BEA)
2019-04-04,100,73.00,"7,300.00(BEA)"
2019-04-02,3313,70.28,"232,829.40(BEA)"
2019-03-29,2357,69.82,"164,575.00(BEA)"
2019-03-28,3442,69.29,"238,504.00(BEA)"
2019-03-27,2,68.10,136.20(BEA)
2019-03-22,2,67.50,135.00（BEA）
2019-03-18,10,67.94,679.40（BEA）
2019-03-13,8,67.00,536.00（BEA）
2019-03-11,50,68.40,"3,420.00（BEA）"
2019-03-08,100,66.50,"6,650.00（BEA）"
2019-03-07,100,65.00,"6,500.00（BEA）"
2019-03-06,150,63.67,"9,550.00（BEA）"
2019-03-05,140,61.79,"8,650.00（BEA）"
2019-02-25,10,60.50,606.50（BEA）
2019-02-22,1172,60.79,"71,244.80(BEA)"
2019-01-29,17500,60.50,"1,058,750.00(BEA)"
2019-01-25,6000,74.00,"444,000.00（BEA）"
2019-01-18,500,60.10,"30,050.00（BEA）"
2019-01-04,1000,75.10,"75,100.00 (BEA）"
2019-01-03,818,71.00,"58,078.00 (BEA)"
2019-01-02,457,65.06,"29,731.20 (BEA)"
2018-12-28,6783,57.03,"386,834.00（BEA）"
2018-12-27,4460,58.73,"261,950.00（BEA）"
2018-12-26,52,51.54,"2,680.00（BEA）"
2018-12-25,100,50.00,"5,000.00（BEA）"
2018-12-24,240,45.50,"10,920.00（BEA）"
2018-12-21,30003,40.00,"1,200,120.00（BEA）"
2018-12-21,29998,40.00,"1,199,930.00（BEA）"
2018-12-19,7950,8.40,"66,753.00（林业碳汇）"
2018-12-19,600,42.00,"25,200.00（BEA）"
2018-02-01,96,56.40,"5,414.40(BEA)"
2018-01-31,140,58.00,"8,120.00(BEA)"
2018-01-30,120,55.00,"6,600.00（BEA）"
2018-01-26,25740,50.27,"1,293,960.00（BEA）"
2018-01-25,200,49.60,"9,920.00（BEA）"
2018-01-24,600,41.30,"24,780.00(BEA)"
2018-01-15,2880,51.58,"148,548.00(BEA)"
2018-01-11,1130,51.80,"58,534.00(BEA)"
2018-01-10,1000,43.20,"43,200.00(BEA)"
2017-12-29,15,54.00,810.00(BEA)
2017-11-17,9100,57.71,"525,160.00(BEA)"
2017-11-16,200,54.50,"10,900.00（BEA）"
2017-11-15,200,51.50,"10,300.00（BEA）"
2017-11-06,200,48.70,"9,740.00（BEA）"
2017-11-03,1000,40.60,"40,600.00（BEA）"
2014-02-26,1000,52.41,"52,410.00"
2014-02-25,1000,52.04,"52,040.00"
2014-02-24,500,52.14,"26,070.00"
2014-02-21,850,51.81,"44,035.00"
2014-02-20,650,51.75,"33,640.00"
2014-02-19,350,51.70,"18,095.00"
2014-02-18,700,51.40,"35,990.00"
2014-02-17,550,51.50,"28,325.00"
2014-02-14,500,51.10,"25,550.00"
2014-02-13,500,51.80,"25,900.00"
2014-02-12,400,51.00,"20,400.00"
2014-02-11,300,51.00,"15,300.00"
2014-01-30,100,50.80,"5,080.00"
2014-01-29,100,51.00,"5,100.00"
2014-01-28,100,50.50,"5,050.00"
2014-03-19,900,56.31,"50,680.00"
2014-03-18,1000,56.48,"56,480.00"
2014-03-17,1000,56.17,"56,170.00"
2014-03-14,500,54.00,"27,000.00"
2014-03-13,1100,55.76,"61,340.00"
2014-03-12,900,55.96,"50,360.00"
2014-03-11,2200,54.56,"120,040.00"
2014-03-10,1700,54.16,"92,080.00"
2014-03-07,900,55.18,"49,660.00"
2014-03-06,700,55.20,"38,640.00"
2014-03-05,2300,53.07,"122,050.00"
2014-03-04,1400,52.63,"73,680.00"
2014-03-03,1150,52.56,"60,440.00"
2014-02-28,1200,52.82,"63,380.00"
2014-02-27,1300,51.78,"67,320.00"
2014-04-11,900,57.26,"51,530.00"
2014-04-10,1100,57.00,"62,700.00"
2014-04-09,1200,53.15,"63,780.00"
2014-04-08,900,57.02,"51,320.00"
2014-04-04,1000,57.18,"57,180.00"
2014-04-03,1400,53.39,"74,750.00"
2014-04-02,700,57.00,"39,900.00"
2014-04-01,1200,52.38,"62,850.00"
2014-03-31,1250,54.85,"68,560.00"
2014-03-28,1000,56.86,"56,860.00"
2014-03-27,800,56.85,"45,480.00"
2014-03-26,1000,56.51,"56,510.00"
2014-03-25,600,56.95,"34,170.00"
2014-03-21,1100,54.97,"60,470.00"
2014-03-20,1200,56.39,"67,670.00"
2014-05-27,2000,52.00,"104,000.00"
2014-05-26,31381,52.99,"1,662,978.00"
2014-05-23,4700,53.50,"251,430.00"
2014-05-22,1000,53.50,"53,500.00"
2014-05-21,2300,53.36,"122,730.00"
2014-05-20,568,53.36,"30,308.00"
2014-05-19,4345,53.34,"231,773.00"
2014-05-16,1400,52.79,"73,900.00"
2014-05-15,1900,53.50,"101,650.00"
2014-05-14,900,52.60,"47,340.00"
2014-05-13,900,53.50,"48,150.00"
2014-05-12,2400,53.50,"128,400.00"
2014-05-09,1800,53.17,"95,700.00"
2014-05-08,2400,53.03,"127,280.00"
2014-05-07,4300,52.56,"226,000.00"
2014-06-18,30979,53.50,"1,657,376.50"
2014-06-17,8238,53.36,"439,611.60"
2014-06-16,19156,53.36,"1,022,125.20"
2014-06-13,32661,53.33,"1,741,655.30"
2014-06-12,25185,53.50,"1,347,372.50"
2014-06-11,20951,53.47,"1,120,246.60"
2014-06-10,400,53.70,"21,480.00"
2014-06-09,36577,53.45,"1,954,946.80"
2014-06-06,16228,53.32,"865,302.40"
2014-06-05,1650,53.30,"87,950.00"
2014-06-04,200,53.80,"10,760.00"
2014-06-03,2753,53.47,"147,210.20"
2014-05-30,3148,53.00,"166,844.00"
2014-05-29,3206,53.10,"170,250.40"
2014-05-28,9405,53.26,"500,947.50"
2014-07-09,26286,69.45,"1,825,613.50"
2014-07-08,44784,68.99,"3,089,695.60"
2014-07-07,11779,68.23,"803,651.40"
2014-07-04,20656,68.18,"1,408,294.10"
2014-07-03,66161,66.77,"4,417,460.30"
2014-07-02,27956,67.12,"1,876,435.70"
2014-07-01,37587,66.15,"2,486,413.50"
2014-06-30,5021,62.45,"313,557.50"
2014-06-27,18617,66.48,"1,237,642.00"
2014-06-26,101188,56.87,"5,754,369.40"
2014-06-25,45444,54.72,"2,486,769.40"
2014-06-24,30955,53.54,"1,657,292.50"
2014-06-23,20531,53.52,"1,098,725.10"
2014-06-20,140,53.40,"7,476.00"
2014-06-19,21349,53.46,"1,141,229.50"
2014-08-13,200,57.00,"11,400.00"
2014-08-11,300,57.00,"17,100.00"
2014-08-08,600,58.00,"34,800.00"
2014-08-06,400,58.10,"23,240.00"
2014-07-30,2000,58.00,"116,000.00"
2014-07-29,1500,60.00,"90,000.00"
2014-07-25,8000,74.90,"599,200.00"
2014-07-23,2000,72.00,"144,000.00"
2014-07-22,200,72.50,"14,500.00"
2014-07-21,300,73.00,"21,900.00"
2014-07-16,465,77.00,"35,805.00"
2014-07-15,5610,76.11,"426,970.00"
2014-07-14,7966,76.71,"611,042.00"
2014-07-11,50737,74.04,"3,756,601.10"
2014-07-10,50819,74.07,"3,763,961.60"
2014-05-06,1220,52.83,"64,450.00"
2014-05-05,1700,53.32,"90,640.00"
2014-04-30,1200,53.15,"63,780.00"
2014-04-29,2200,53.48,"117,650.00"
2014-04-28,700,53.00,"37,100.00"
2014-04-25,1100,53.64,"59,000.00"
2014-04-24,600,54.00,"32,400.00"
2014-04-23,600,53.50,"32,100.00"
2014-04-22,600,54.00,"32,400.00"
2014-04-21,400,53.00,"21,200.00"
2014-04-18,4000,52.00,"208,000.00"
2014-04-17,800,55.38,"44,300.00"
2014-04-16,900,53.51,"48,160.00"
2014-04-15,100,57.00,"5,700.00"
2014-04-14,1000,57.29,"57,290.00"
2014-09-26,10000,51.00,"510,000.00"
2014-09-24,200,52.00,"10,400.00"
2014-09-18,10000,51.00,"510,000.00"
2014-09-16,600,53.40,"32,040.00"
2014-09-15,100,50.00,"5,000.00"
2014-09-12,600,53.60,"32,160.00"
2014-09-11,400,53.50,"21,400.00"
2014-09-09,600,53.00,"31,800.00"
2014-09-05,1000,53.00,"53,000.00"
2014-09-02,450,53.50,"24,075.00"
2014-08-29,500,53.00,"26,500.00"
2014-08-26,1700,54.60,"92,820.00"
2014-08-21,7000,48.00,"336,000.00"
2014-08-20,2400,50.00,"120,000.00"
2014-08-19,3903,55.00,"214,665.00"
2015-01-22,11500,52.22,"600,500.00"
2015-01-21,1000,38.00,"38,000.00 (林业碳汇)"
2015-01-20,2000,38.00,"76,000.00(林业碳汇)"
2015-01-20,2500,53.96,"134,900.00(BEA)"
2015-01-19,1000,54.00,"54,000.00"
2015-01-16,4500,53.82,"242,200.00"
2015-01-15,600,55.00,"33,000.00"
2015-01-14,500,38.00,"19,000.00（林业碳汇）"
2015-01-13,1000,53.00,"53,000.00"
2015-01-12,1500,53.50,"80,250.00 (BEA)"
2015-01-12,2958,38.00,"112,404.00 (林业碳汇)"
2015-01-09,3500,52.43,"183,500.00"
2015-01-08,2000,53.50,"107,000.00 (BEA)"
2015-01-08,2500,38.00,"95,000.00 (林业碳汇)"
2015-01-07,5200,53.02,"275,700.00"
2015-02-11,10000,36.00,"360,000.00 (林业碳汇)"
2015-02-10,20002,36.00,"720,072.00(林业碳汇)"
2015-02-10,7300,52.04,"379,900.00( BEA )"
2015-02-09,2100,53.07,"111,450.00（BEA）"
2015-02-09,19998,36.00,"719,928.00(林业碳汇)"
2015-02-06,1300,53.92,"70,100.00"
2015-02-05,800,54.00,"43,200.00"
2015-02-04,1000,53.00,"53,000.00"
2015-02-03,400,54.50,"21,800.00"
2015-02-02,300,54.00,"16,200.00"
2015-01-30,500,53.00,"26,500.00"
2015-01-29,1000,53.00,"53,000"
2015-01-27,4000,53.00,"212,000.00"
2015-01-26,1100,53.59,"58,950.00"
2015-01-23,1600,54.56,"87,290.00"
2015-01-06,1000,54.00,"54,000.00 (BEA)"
2015-01-06,5514,38.00,"209,532.00 (林业碳汇)"
2014-12-31,3100,54.19,"168,000.00 (BEA)"
2014-12-31,100,38.00,"3,800.00 (林业碳汇)"
2014-12-30,4400,53.45,"235,200.00 (BEA)"
2014-12-30,3450,38.00,"131,100.00 (林业碳汇)"
2014-12-29,2100,53.43,"112,200.00"
2014-12-26,1200,53.53,"64,240.00"
2014-12-24,1200,53.00,"63,600.00"
2014-12-23,1800,53.00,"95,400.00"
2014-12-22,500,52.80,"26,400.00"
2014-12-19,1500,52.93,"79,400.00"
2014-12-18,2700,52.31,"141,250.00"
2014-12-17,1800,52.50,"94,500.00"
2014-12-16,1800,52.89,"95,200.00"
2015-03-17,5580,52.00,"290,160.00"
2015-03-13,2600,50.92,"132,400.00"
2015-03-12,5080,51.16,"259,892.00"
2015-03-11,8900,51.99,"462,700.00"
2015-03-10,5300,51.88,"274,950.00"
2015-03-09,100,54.50,"5,450.00"
2015-03-06,1800,54.50,"98,100.00"
2015-03-05,7100,52.50,"372,750.00"
2015-03-03,1000,51.50,"51,500.00"
2015-03-02,1700,52.00,"88,400.00"
2015-02-26,50,54.50,"2,725.00"
2015-02-25,2050,51.55,"105,675.00"
2015-02-16,1000,51.00,"51,000.00"
2015-02-13,22290,53.13,"1,184,373.00"
2015-02-12,4000,53.10,"212,400.00"
2015-04-27,5396,50.70,"273,604.00"
2015-04-24,12521,50.28,"629,590.00"
2015-04-23,4894,50.83,"248,775.20"
2015-04-22,539,50.00,"26,950.00"
2015-04-21,4817,51.58,"248,449.00"
2015-04-20,10,51.00,510.00
2015-04-17,2600,51.00,"132,600.00"
2015-04-16,3200,50.80,"162,560.00"
2015-04-15,8350,50.71,"423,435.00"
2015-04-14,3000,50.90,"152,700.00"
2015-04-13,8782,51.14,"449,101.20(BEA)"
2015-04-13,727,48.00,"34,896.00(林业碳汇)"
2015-04-10,490,52.00,"25,480.00"
2015-04-09,1000,52.00,"52,000.00"
2015-04-08,16000,50.39,"806,300.00"
2015-05-20,16713,47.35,"791,386.00"
2015-05-19,4100,45.80,"187,780.00"
2015-05-18,9426,48.35,"455,771.50"
2015-05-15,20747,48.10,"997,979.40"
2015-05-14,8015,47.68,"382,174.00"
2015-05-13,5000,48.60,"243,000.00"
2015-05-12,5600,47.83,"267,840.00"
2015-05-11,15834,50.15,"794,131.80"
2015-05-08,1560,50.20,"78,312.00"
2015-05-07,2938,49.95,"146,746.20"
2015-05-06,2605,50.46,"131,442.00"
2015-05-05,1800,50.11,"90,200.00"
2015-05-04,16706,50.17,"838,059.00"
2015-04-30,6801,50.45,"343,141.00"
2015-04-28,21838,50.59,"1,104,799.00"
2015-04-07,5000,51.00,"255,000.00"
2015-04-03,1082,51.00,"55,182.00"
2015-04-02,6000,51.00,"306,000.00"
2015-04-01,9059,50.45,"457,038.00"
2015-03-31,4440,50.00,"222,000.00"
2015-03-30,1800,50.00,"90,000.00 (BEA)"
2015-03-30,242,48.00,"11,616.00 (林业碳汇)"
2015-03-27,9000,50.26,"452,296.10"
2015-03-26,141,52.00,"7,332.00"
2015-03-25,3303,51.09,"168,756.00"
2015-03-24,15680,51.12,"801,510.00"
2015-03-23,4200,51.52,"216,400.00"
2015-03-20,2560,52.00,"133,120.00"
2015-03-19,5530,51.04,"282,230.00"
2015-03-18,10000,51.50,"515,000.00"
2015-06-05,49442,46.39,"2,293,520.10(BEA)"
2015-06-05,2083,20.23,"42,145.00(CCER)"
2015-06-04,69058,46.36,"3,201,659.80(BEA)"
2015-06-04,1479,18.00,"26,622.00(CCER)"
2015-06-03,18117,46.88,"849,240.90（BEA）"
2015-06-02,16798,46.55,"781,895.30（BEA）"
2015-06-02,850,22.00,"18,700（CCER）"
2015-06-01,43334,46.79,"2,027,607.60"
2015-05-29,56295,46.76,"2,632,406.60"
2015-05-28,12667,46.87,"593,748.90"
2015-05-27,46359,47.22,"2,188,935.10"
2015-05-26,25317,47.76,"1,209,076.00"
2015-05-25,21718,46.57,"1,011,327.50"
2015-05-22,11830,47.39,"560,673.40"
2015-05-21,11393,46.98,"535,208.70"
2015-06-19,9824,40.39,"396,839.50"
2015-06-18,16450,41.22,"678,133.90"
2015-06-17,7170,45.90,"329,105.00"
2015-06-16,951,40.00,"38,040.00"
2015-06-15,100,30.10,"3,010.00（林业碳汇）"
2015-06-15,43672,41.07,"1,793,681.20(BEA)"
2015-06-12,56827,41.66,"2,367,629.70"
2015-06-12,1000,16.50,"16,500(CCER)"
2015-06-11,57908,43.50,"2,519,273.90(BEA)"
2015-06-11,1340,33.18,"44,460.00(CCER)"
2015-06-10,72380,44.16,"3,196,181.80"
2015-06-09,60014,46.51,"2,790,980.80(BEA)"
2015-06-08,36393,45.87,"1,669,514.00(BEA)"
2015-06-08,1034,18.57,"19,204.50(CCER)"
2015-06-05,1197,36.00,"43,092(林业碳汇）"
2016-01-05,5900,44.70,"263,730.00 (BEA)"
2015-12-31,193,40.52,"7,820.00(BEA)"
2015-12-30,2900,37.80,"109,620.00(BEA)"
2015-12-28,5400,37.00,"199,800.00(BEA)"
2015-12-24,693,37.39,"25,913.00(BEA)"
2015-12-22,400,35.50,"14,200.00(BEA)"
2015-12-21,150,35.00,"5,250.00(BEA)"
2015-12-17,1500,30.00,"45,000.00(林业碳汇)"
2015-12-16,1800,38.83,"69,900.00 (BEA)"
2015-12-08,150,39.00,"5,850.00(BEA)"
2015-12-07,250,33.60,"8,400.00(BEA)"
2015-12-02,120,40.00,"4,800.00 (BEA)"
2015-11-27,2950,33.60,"99,120.00(BEA)"
2015-11-26,150,41.50,"6,225.00(BEA)"
2015-11-19,100,42.00,"4,200.00(BEA)"
2015-08-20,110,42.00,"4,620.00(BEA)"
2015-08-19,1,50.00,50.00(BEA)
2015-08-14,110,41.68,"4,585.00"
2015-08-10,85,41.88,"3,559.50"
2015-08-04,110,41.73,"4,590.00"
2015-07-31,70,42.00,"2,940.00"
2015-07-23,91,41.91,"3,814.00(BEA)"
2015-07-21,100,42.00,"4,200.00(BEA)"
2015-07-16,23,42.00,966.00(BEA)
2015-07-08,1000,35.00,"35,000.00(BEA)"
2015-07-03,1152,38.90,"44,812.80(BEA)"
2015-07-03,527,37.00,"19,499.00（林业碳汇）"
2015-06-29,29177,39.47,"1,151,527.50"
2015-06-26,11000,40.66,"447,250.00"
2015-06-25,19944,38.83,"774,473.00"
2015-11-09,500,40.00,"20,000.00 (BEA)"
2015-11-06,500,41.00,"20,500.00(BEA)"
2015-11-05,120,43.00,"5,160.00(BEA)"
2015-10-30,100,45.00,"4,500(BEA)"
2015-10-22,105,44.50,"4,672.00(BEA)"
2015-10-14,100,43.00,"4,300.00(BEA)"
2015-10-09,145,41.09,"5,958.00(BEA)"
2015-09-28,200,39.70,"7,940.00(BEA)"
2015-09-21,120,43.00,"5,160.00(BEA)"
2015-09-14,8500,46.50,"395,250.00(BEA)"
2015-09-10,100,45.00,"4,500.00"
2015-09-09,8600,45.76,"393,500.00 (BEA)"
2015-08-27,21,49.14,"1,032.00(BEA)"
2015-08-25,1,60.00,60.00（BEA)
2015-08-24,1,50.00,50.00(BEA)
2016-04-18,4508,33.56,"151,266.80(BEA)"
2016-04-15,2600,38.30,"99,580.00（BEA）"
2016-04-14,7787,36.89,"287,240.90(BEA)"
2016-04-12,7682,38.38,"294,827.80(BEA)"
2016-04-11,1619,34.50,"55,855.50（BEA）"
2016-04-08,1800,43.13,"77,640（BEA）"
2016-04-07,16034,39.96,"640,660.80 (BEA)"
2016-04-06,1510,38.99,"58,872.00 (BEA)"
2016-04-05,100,48.70,"4,870.00 (BEA)"
2016-04-01,100,40.70,"4,070.00（BEA）"
2016-03-31,32320,33.94,"1,029,104.00(BEA)"
2016-03-30,1191,33.99,"40,478.80 (BEA)"
2016-03-29,29949,39.97,"1,196,934.80 (BEA)"
2016-03-28,6410,36.91,"236,624.00（BEA）"
2016-03-25,1451,37.75,"54,774.10"
2016-05-25,65351,51.99,"3,397,581.40(BEA)"
2016-05-24,3460,10.05,"34,786.50（CCER）"
2016-05-24,18261,50.39,"920,141.90（BEA）"
2016-05-23,127317,47.44,"6,039,684.80（BEA）"
2016-05-20,1000,18.00,"18,000.00（CCER）"
2016-05-20,68293,41.96,"2,865,608.50（BEA）"
2016-05-19,13523,42.11,"569,396.30（BEA）"
2016-05-18,15349,53.05,"814,214.40(BEA)"
2016-05-17,5391,10.63,"57,320.00(CCER)"
2016-05-17,23757,51.98,"1,234,845.80(BEA)"
2016-05-16,1975,23.28,"45,978.80（CCER）"
2016-05-16,25642,50.96,"1,306,672.00(BEA)"
2016-05-13,52270,51.29,"2,680,795.80 (BEA)"
2016-05-13,6169,18.00,"111,038.00 (CCER)"
2016-05-12,18500,49.71,"919,672.00(BEA))"
2016-06-07,1566,12.00,"18,792(CCER)"
2016-06-07,114270,50.25,"5,742,224.80(BEA)"
2016-06-06,1100,18.00,"19,800.00（CCER）"
2016-06-06,92382,52.03,"4,806,460.00(BEA)"
2016-06-03,62126,51.42,"3,194,807.40（BEA）"
2016-06-02,5,12.70,63.50（CCER）
2016-06-02,84104,50.64,"4,259,336.70（BEA）"
2016-06-01,314,28.00,"8,792.00(CCER)"
2016-06-01,62685,53.38,"3,346,131.60(BEA)"
2016-05-31,42143,51.00,"2,149,090.90(BEA)"
2016-05-30,429,9.80,"4,204.20(CCER)"
2016-05-30,52198,51.16,"2,670,556.00(BEA)"
2016-05-27,429,11.00,"4,719.00（CCER）"
2016-05-27,74068,52.19,"3,865,955.70（BEA）"
2016-05-26,41557,52.20,"2,169,194.90（BEA）"
2016-05-11,65283,46.15,"3,013,021.50(BEA)"
2016-05-10,1448,19.00,"227,512.00(CCER)"
2016-05-10,4463,46.37,"206,929.00(BEA)"
2016-05-09,12096,47.32,"572,429.40（BEA）"
2016-05-06,390,18.00,"7,020.00（CCER）"
2016-05-06,18754,44.57,"835,944.00（BEA）"
2016-05-05,10234,45.09,"461,454.00(BEA)"
2016-05-04,10370,51.02,"529,118.00(BEA)"
2016-05-03,400,49.20,"19,680.00（BEA）"
2016-04-29,1900,49.70,"94,430.00（BEA）"
2016-04-28,7000,50.86,"356,000.00(BEA)"
2016-04-25,90,47.50,"4,275.00(BEA)"
2016-04-21,3340,39.94,133.416.00(BEA)
2016-04-20,120,43.90,"5,268.00(BEA)"
2016-04-19,87761,36.82,"3,231,385.70(BEA)"
2016-02-26,8000,33.65,"269,200.00（BEA）"
2016-02-25,1000,37.40,"37,400（BEA）"
2016-02-22,5000,37.40,"187,000.00（BEA）"
2016-02-19,5000,37.40,"187,000.00(BEA)"
2016-02-17,1,46.70,46.70(BEA)
2016-02-15,101,39.00,"3,939.40(BEA)"
2016-02-05,1700,32.80,"55,760.00(BEA)"
2016-02-01,110,41.01,"4,511.00 (BEA)"
2016-01-26,100,38.90,"3,890.00(BEA)"
2016-01-25,4350,32.40,"140,940.00 (BEA)"
2016-01-21,115,40.47,"4,654.50(BEA)"
2016-01-18,1150,37.74,"43,400.00(BEA)"
2016-01-15,300,35.00,"10,500.00（BEA）"
2016-01-14,31,43.69,"1,354.30（BEA）"
2016-01-07,1,53.60,53.60（BEA）
2016-03-24,25142,36.79,"925,031.60(BEA)"
2016-03-23,209,37.20,"7,774.80(BEA)"
2016-03-22,3,46.47,139.40(BEA)
2016-03-18,300,47.00,"14,100.00（BEA）"
2016-03-17,7000,40.41,"282,900.00（BEA）"
2016-03-16,260,50.20,"13,052.00（BEA）"
2016-03-11,300,51.00,"15,300.00 (BEA)"
2016-03-10,256,48.20,"12,339.20(BEA)"
2016-03-09,200,46.00,"9,200(BEA)"
2016-03-08,200,41.50,"8,300(BEA)"
2016-03-04,4850,34.64,"167,980.00（BEA）"
2016-03-03,100,39.00,"3,900.00（BEA）"
2016-03-02,9000,32.56,"293,000.00（BEA）"
2016-03-01,6540,33.29,"217,692.00（BEA）"
2016-02-29,400,38.00,"15,200.00（BEA）"
2016-08-29,1500,52.00,"78,000.00(BEA)"
2016-08-26,58,52.60,3050.80(BEA)
2016-08-25,60,54.00,3240.00(BEA)
2016-08-24,16514,53.78,"888,109.80(BEA)"
2016-08-23,60,52.90,"3,174.00(BEA)"
2016-08-22,55,52.60,"2,893.00(BEA)"
2016-08-19,56,53.00,"2,968.00(BEA)"
2016-08-18,64,53.20,"3,404.80(BEA)"
2016-08-17,18744,47.17,"884,083.20（BEA）"
2016-08-16,1650,44.00,"72,600.00(BEA)"
2016-08-15,2371,54.98,"130,366.20(BEA)"
2016-08-12,167,54.73,"9,140.60(BEA)"
2016-08-11,27,52.80,"1,425.60(BEA)"
2016-08-10,50,53.10,"2,655.00（BEA）"
2016-08-09,48,53.50,"2,568.00(BEA)"
2016-06-24,19246,54.77,"1,054,144.80 (BEA)"
2016-06-23,21672,54.00,"1,170,231.00 (BEA)"
2016-06-22,71338,53.06,"3,784,904.60 (BEA)"
2016-06-21,37963,54.71,"2,077,079.60 (BEA)"
2016-06-20,12955,53.66,"695,101.00 (BEA)"
2016-06-19,8625,52.83,"455,625.00(BEA)"
2016-06-18,8980,51.19,"459,698.80(BEA)"
2016-06-17,52022,50.21,"2,611,793.00 (BEA)"
2016-06-16,46075,48.68,"2,242,912.40 (BEA)"
2016-06-15,47456,45.67,"2,167,198.20 (BEA)"
2016-06-14,129272,50.83,"6,571,130.60 (BEA)"
2016-06-13,152,22.00,"3,344.00(CCER)"
2016-06-13,120421,51.16,"6,160,916.90(BEA)"
2016-06-12,121208,50.73,"6,148,783.10（BEA）"
2016-06-08,113015,50.94,"5,756,672.00(BEA)"
2016-07-18,3800,53.56,"203,520.00(BEA)"
2016-07-13,82,53.00,"4,346.00(BEA)"
2016-07-12,2350,52.46,"123,270.00(BEA)"
2016-07-11,97,53.00,"5,141.00(BEA)"
2016-07-07,51,52.84,"2,694.60(BEA)"
2016-07-06,6452,49.50,"319,362.40(BEA)"
2016-07-06,6452,49.50,"319,362.40(BEA)"
2016-07-04,79,47.35,"3,740.90(BEA)"
2016-07-01,101,44.87,"4,531.60(BEA)"
2016-06-30,2077,39.45,"81,932.40（BEA）"
2016-06-29,32282,47.53,"1,534,473.70（BEA）"
2016-06-28,16053,52.13,"836,908.50（BEA）"
2016-06-27,7646,55.55,"424,729.00（BEA）"
2016-06-26,4041,64.42,"260,323.20（BEA）"
2016-06-25,17435,55.79,"972,647.00(BEA)"
2016-08-08,52,53.00,"2,756.00(BEA)"
2016-08-05,50,53.80,"2,690.00（BEA）"
2016-08-04,146,53.34,"7,787.60（BEA）"
2016-08-03,138,53.34,"7,360.80（BEA）"
2016-08-02,195,53.06,"10,346.80（BEA）"
2016-08-01,61,53.33,"3,253.10（BEA）"
2016-07-29,73,53.94,"3,937.90（BEA）"
2016-07-28,111,53.41,"5,928.00（BEA）"
2016-07-27,151,53.73,"8,113.10（BEA）"
2016-07-26,177,53.94,"9,547.00（BEA）"
2016-07-25,157,53.83,"8,451.40（BEA）"
2016-07-22,171,53.73,9187.10(BEA)
2016-07-21,191,53.93,10301.10(BEA)
2016-07-20,231,51.43,"11,879.30(BEA)"
2016-07-19,1,42.90,42.90(BEA)
2014-12-15,300,52.50,"15,750.00"
2014-12-12,2100,52.29,"109,800.00"
2014-12-11,1300,52.12,"67,750.00"
2014-12-10,800,52.80,"42,240.00"
2014-12-09,300,52.50,"15,750.00"
2014-12-08,10700,52.35,"560,100.00"
2014-12-05,3500,53.00,"185,500.00"
2014-12-03,1500,52.93,"79,400.00"
2014-12-01,600,52.5,"31,500.00"
2014-11-28,2000,52.40,"104,800.00"
2014-11-27,500,52.50,"26,250.00"
2014-11-25,1000,52.00,"52,000.00"
2014-11-21,500,52.30,"26,150.00"
2014-11-20,3700,52.00,"192,400.00"
2014-11-19,3000,52.00,"156,000.00"
2014-11-18,1000,53.00,"53,000.00"
2014-11-17,3800,52.05,"197,800.00"
2014-11-14,800,52.00,"41,600.00"
2014-11-04,9000,50.00,"450,000.00"
2014-11-03,700,51.00,"35,700.00"
2014-10-30,1000,51.00,"51,000.00"
2014-10-29,9000,50.00,"450,000.00"
2014-10-28,1300,52.12,"67,760.00"
2014-10-24,500,52.00,"26,000.00"
2014-10-23,50,52.50,"2,625.00"
2014-10-22,600,52.50,"31,500.00"
2014-10-17,1500,52.10,"78,150.00"
2014-10-15,1000,52.00,"52,000.00"
2014-10-09,500,52.50,"26,250.00"
2014-09-30,3650,51.00,"186,150.00"
2017-02-27,2,55.00,110.00(BEA)
2017-02-22,11,51.73,569.00(BEA)
2017-02-21,68,50.57,"3,438.70(BEA)"
2017-02-20,58,51.46,"2,984.40(BEA)"
2017-02-16,56,52.30,"2,928.80（BEA）"
2017-02-15,40,61.60,"2,464.00（BEA）"
2017-02-13,70,51.26,"3,588.00（BEA）"
2017-02-10,64,51.20,"3,276.80(BEA)"
2017-02-07,105,50.06,"5,256.00(BEA)"
2017-02-03,98,51.00,"4,998.00(BEA)"
2017-01-26,3100,50.35,"156,100.00(BEA)"
2017-01-25,260,50.80,"13,208.00(BEA)"
2017-01-24,9500,49.21,"467,500.00(BEA)"
2017-01-23,16012,48.66,"779,120.00(BEA)"
2017-01-19,5796,50.25,"291,227.60(BEA)"
2017-01-18,14530,52.17,"758,000.00（BEA）"
2017-01-17,5320,50.88,"270,666.00（BEA）"
2017-01-16,1200,49.50,"59,400.00（BEA）"
2017-01-11,6,49.50,297.00(BEA)
2017-01-06,6,50.50,303.00(BEA)
2017-01-05,29108,48.88,"1422,742.00(BEA)"
2017-01-04,3004,44.30,"133,077.20(BEA)"
2017-01-03,9160,51.36,"470,416.00(BEA)"
2016-12-30,16,55.40,886.40(BEA)
2016-12-29,8,54.20,433.60(BEA)
2016-12-27,120,53.30,"6,396.00(BEA)"
2016-12-26,90,53.33,"4,800.00(BEA)"
2016-12-21,72,52.30,"3,765.60（BEA）"
2016-12-20,670,48.85,"32,730.00（BEA）"
2016-12-15,58,51.80,"3,004.40(BEA)"
2017-03-28,1900,52.24,"99,260.00(BEA)"
2017-03-27,40487,51.71,"2,093,752.40（BEA）"
2017-03-24,1000,8.00,"8,000.00（CCER）"
2017-03-24,3200,51.47,"164,700.00（BEA）"
2017-03-23,50,10.00,500.00(CCER)
2017-03-17,92,51.90,"4,774.80（BEA）"
2017-03-16,64,53.30,"3,411.20(BEA)"
2017-03-15,86,52.60,"4,523.60(BEA)"
2017-03-14,3700,51.83,"191,760.00（BEA）"
2017-03-10,2500,50.96,"127,400.00(BEA)"
2017-03-09,7920,48.98,"387,957.00（BEA）"
2017-03-08,58,51.40,"2,981.20(BEA)"
2017-03-07,18000,52.30,"941,400.00（BEA）"
2017-03-06,82,52.30,"4,288.60（BEA）"
2017-02-28,8068,54.98,"443,556.40(BEA)"
2016-12-14,66,51.90,"3,425.40(BEA)"
2016-12-13,56,52.30,"2,928.80(BEA)"
2016-12-09,60,50.50,"3,030.00(BEA）"
2016-12-07,56,52.60,"2,945.60(BEA)"
2016-12-06,54,54.20,"2,926.80(BEA)"
2016-12-02,16000,56.50,"904,000.00(BEA)"
2016-12-01,303,61.22,"18,550.40（BEA）"
2016-11-30,8180,51.99,"425,302.40(BEA)"
2016-11-29,460,69.00,"31,740.00(BEA)"
2016-11-28,580,60.20,"34,916.00(BEA)"
2016-11-25,62,50.20,"3,112.40(BEA)"
2016-11-23,3212,50.84,"163,292.00（BEA）"
2016-11-22,58,50.80,"2,946.40（BEA）"
2016-11-16,1950,49.54,"96,610.00(BEA)"
2016-11-15,5400,49.83,"269,080.00(BEA)"
2016-11-14,64,50.20,"3,212.80(BEA)"
2016-11-11,58,51.10,"2,963.80(BEA)"
2016-11-09,66,50.60,"3,339.60(BEA)"
2016-11-07,66,51.20,"3,379.20(BEA)"
2016-11-04,64,51.60,"3,302.40（BEA）"
2016-11-03,1123,49.68,"55,793.80(BEA)"
2016-11-02,62,50.80,"3,149.60（BEA）"
2016-10-31,62,52.00,"3,224.00(BEA)"
2016-10-27,62,52.10,"3,230.20(BEA)"
2016-10-26,58,52.60,3050.80(BEA)
2016-10-25,106,53.20,"5,639.20(BEA)"
2016-10-18,52,51.30,"2,667.60(BEA)"
2016-10-17,54,53.10,"2,867.40（BEA）"
2016-10-13,62,51.80,"3,211.60（BEA）"
2016-10-11,360,50.48,"18,174.00（BEA）"
2017-05-11,20596,50.19,"1,033,767.20(BEA)"
2017-05-10,2910,47.72,"138,858.00(BEA)"
2017-05-08,2000,52.32,"104,640.00(BEA)"
2017-05-05,1316,14.00,"18,424.00(CCER)"
2017-05-05,17342,50.29,"872,187.70(BEA)"
2017-05-04,100,13.00,"1,300.00(CCER)"
2017-05-04,10993,51.76,"568,971.60(BEA)"
2017-05-03,7001,51.54,"360,839.60(BEA)"
2017-05-02,11580,50.36,"583,200.00(BEA)"
2017-04-28,21346,49.98,"1,066,955.20（BEA）"
2017-04-27,39035,49.46,"1,930,531.70（BEA）"
2017-04-26,122968,44.96,"5,528,479.20(BEA)"
2017-04-25,32279,42.35,"1,367,117.90(BEA)"
2017-04-24,12500,51.16,"639,500.00（BEA）"
2017-04-21,25116,49.16,"1,234,691.60(BEA)"
2017-04-20,50,10.00,500.00(CCER)
2017-04-20,33745,50.00,"1,687,407.50(BEA)"
2017-04-19,13250,51.12,"677,350.00(BEA)"
2017-04-18,15141,53.80,"814,651.90(BEA)"
2017-04-17,1210,52.81,"63,903.00(BEA)"
2017-04-14,4550,52.85,"240,490.00(BEA)"
2017-04-13,38459,49.66,"1,909,940.00（BEA）"
2017-04-12,37477,47.83,"1,792,593.00(BEA)"
2017-04-11,26285,47.17,"1,239,866.50(BEA)"
2017-04-10,228,52.59,"11,991.60(BEA)"
2017-04-07,3000,53.52,"160,550.00（BEA）"
2017-04-06,17970,53.09,"954,094.00（BEA）"
2017-04-05,1100,53.00,"58,350.00（BEA）"
2017-03-30,4100,52.14,"213,790.00（BEA）"
2017-03-29,21286,52.40,"1,115,375.20（BEA）"
2016-10-10,56,52.40,"2,934.40（BEA）"
2016-09-30,56,53.00,"2,968.00（BEA）"
2016-09-28,60,52.10,"3,126.00（BEA）"
2016-09-27,62,52.60,"3,261.20(BEA)"
2016-09-23,300,50.00,"15,000.00(BEA)"
2016-09-20,57,52.95,"3,018.00(BEA)"
2016-09-19,58,53.80,"3,120.40(BEA)"
2016-09-12,60,53.60,"3,216.00(BEA)"
2016-09-07,58,53.00,"3,074.00（BEA）"
2016-09-06,1500,55.30,"82,950.00（BEA）"
2016-09-05,56,52.20,"2,923.20（BEA）"
2016-09-02,60,53.00,"3,180.00(BEA)"
2016-09-01,110,53.18,5.850.00(BEA)
2016-08-31,84,52.10,"4,376.40（BEA）"
2016-08-30,62,52.60,"3,261.20(BEA)"
2017-05-26,99040,52.81,"5,230,709.00（BEA）"
2017-05-25,4418,6.95,"30,706.00（CCER）"
2017-05-25,122883,52.58,"6,461,513.90（BEA）"
2017-05-24,21899,19.00,"416,081.00（CCER）"
2017-05-24,37219,51.28,"1,908,760.00（BEA）"
2017-05-23,2572,13.84,"35,604.00(CCER)"
2017-05-23,41216,50.01,"2,061,306.00(BEA)"
2017-05-22,16607,50.63,"840,765.60(BEA)"
2017-05-19,40398,51.03,"2,061,493.50（BEA）"
2017-05-18,8162,55.56,"453,503.60(BEA)"
2017-05-17,8507,59.78,"508,584.20（BEA）"
2017-05-16,508,15.90,"8,077.20（CCER）"
2017-05-16,36318,50.75,"1,843,214.40（BEA）"
2017-05-15,11500,51.79,"595,600.00（BEA）"
2017-05-12,12855,51.09,"656,771.00(BEA)"
2017-06-08,115860,49.93,"5,784,845.60(BEA)"
2017-06-07,1267,4.00,"5,068.00（CCER）"
2017-06-07,94837,48.56,"4,605,394.10（BEA）"
2017-06-06,867,5.00,"4,335.00（CCER）"
2017-06-06,154960,46.71,"7,238,609.60(BEA)"
2017-06-05,1672,4.94,"8,252.20（CCER）"
2017-06-05,539,25.00,"13,475.00(林业碳汇)"
2017-06-05,72801,46.62,"3,393,862.20(BEA)"
2017-06-02,12000,5.40,"64,800.00（CCER）"
2017-06-02,80173,46.81,"3,752,861.50(BEA)"
2017-06-01,27733,49.43,"1,370,933.60（BEA）"
2017-06-01,11567,14.47,"167,356.80（CCER）"
2017-05-31,94272,52.53,"4,952,504.20(BEA)"
2017-05-26,3130,11.59,"36,277.50（CCER）"
2017-05-26,940,24,"22,560.00（林业碳汇）"
2017-06-23,25000,17.95,"448,850.00(CCER)"
2017-06-23,1362,51.11,"69,618.60(BEA)"
2017-06-22,1031,18.94,"19,529.00（林业碳汇）"
2017-06-22,3292,51.14,"168,343.60（BEA）"
2017-06-21,20,20.00,400.00（林业碳汇）
2017-06-21,9249,51.35,"474,955.70(BEA)"
2017-06-20,19467,51.39,"1,000,361.60（BEA）"
2017-06-19,6216,51.15,"317,966.40(BEA)"
2017-06-15,52333,56.63,"2,963,821.90(BEA)"
2017-06-14,46970,52.55,"2,468,332.80(BEA)"
2017-06-13,122042,51.33,"6,264,216.10(BEA)"
2017-06-12,80504,51.22,"4,123,161.60(BEA)"
2017-06-11,21109,50.60,"1,068,128.50(BEA)"
2017-06-10,22420,51.80,"1,161,251.40（BEA）"
2017-06-09,126633,47.55,"6,021,921.60(BEA)"
2019-04-30,1970,75.59,"148,904.00（BEA）"
2019-04-29,25138,74.34,"1,868,818.00(BEA)"
2019-04-26,4800,75.03,"360,160.00(BEA)"
2019-04-25,1200,6.50,"7,800.00（CCER）"
2019-04-25,26784,73.81,"1,976,808.00（BEA）"
2019-04-24,2,8.70,17.40（CCER）
2019-04-24,13996,77.49,"1,084,482.90（BEA）"
2019-04-23,16255,73.72,"1,198,268.00（BEA）"
2019-04-22,12486,73.67,"919,815.40（BEA）"
2019-04-19,39769,72.43,"2,880,287.20（BEA）"
2019-04-16,2001,15.50,"31,008.50(CCER)"
2019-04-15,21,12.13,254.70(CCER)
2019-04-11,2176,74.02,"161,076.20（BEA）"
2019-04-10,11868,74.12,"879,635.10（BEA）"
2019-04-08,18,74.44,"1,340.00（BEA）"
2019-05-30,1283,82.41,"105,732.00(BEA)"
2019-05-24,29300,82.49,"2,417,010.00(BEA)"
2019-05-22,46268,82.05,"3,796,070.80(BEA)"
2019-05-21,715,83.88,59977.50(BEA)
2019-05-20,24656,77.12,1901584.00(BEA)
2019-05-17,34526,73.66,"2,543,033.00（BEA）"
2019-05-16,450,8.06,"3,625.00（CCER）"
2019-05-16,30856,69.48,"2,143,752.00（BEA）"
2019-05-15,9618,62.51,"601,217.40（BEA）"
2019-05-14,119,6.50,773.50（CCER）
2019-05-14,4378,77.88,"340,962.60（BEA）"
2019-05-13,200,77.10,"15,420.00（BEA）"
2019-05-10,183,75.75,"13,861.80 (BEA)"
2019-05-09,8027,75.47,"605,758.50 (BEA)"
2019-05-08,14215,75.37,"1,071,407.50(BEA)"
2019-06-19,22651,83.21,"1,884,744.50 (BEA)"
2019-06-18,6969,86.92,"605,728.20(BEA)"
2019-06-17,1738,7.20,"12,513.60（CCER）"
2019-06-17,200,87.00,"17,400.00(BEA)"
2019-06-14,300,87.33,"26,200.00 (BEA)"
2019-06-13,11918,81.86,"975,628.50（BEA）"
2019-06-12,200,81.90,"16,380.00(BEA)"
2019-06-11,9941,81.09,"806,160.40（BEA）"
2019-06-10,20375,9.08,"185,000.00（CCER）"
2019-06-10,1481,81.04,"120,013.90（BEA）"
2019-06-06,200,78.00,"15,600(BEA)"
2019-06-05,40778,77.37,"3,154,850.30(BEA)"
2019-06-04,1102,77.36,"85,254.80（BEA）"
2019-06-03,6053,71.82,"434,745.40(BEA)"
2019-05-31,1,65.90,65.90(BEA)
2019-07-08,1060,14.00,"14,840.00(CCER)"
2019-07-08,10956,86.79,"950,856.50(BEA)"
2019-07-05,123,86.90,"10,688.70(BEA)"
2019-07-04,47682,84.90,"4,048,343.20(BEA)"
2019-07-03,22493,84.46,"1,899,865.40(BEA)"
2019-07-02,16075,87.04,"1,399,160.60(BEA)"
2019-07-01,48292,87.21,"4,211,759.10(BEA)"
2019-06-28,11600,87.30,"1,012,680.00(BEA)"
2019-06-27,15581,87.26,"1,359,574.70(BEA)"
2019-06-27,674,7.20,"4,852.80(CCER)"
2019-06-26,238,87.20,"20,753.60(BEA)"
2019-06-25,12295,82.14,"1,009,912.00(BEA)"
2019-06-24,29611,81.96,"2,427,019.80(BEA)"
2019-06-21,69492,87.47,"6,078,594.60(BEA)"
2019-06-20,28468,84.56,"2,407,248.80（BEA）"
2019-07-22,37761,87.34,"3,297,917.80(BEA)"
2019-07-19,9317,87.20,"812,446.60(BEA)"
2019-07-18,210,10.10,"2,121.00(林业碳汇)"
2019-07-18,36830,87.21,"3,211,864.00(BEA)"
2019-07-17,652,45.00,"29,340.00(PCER)"
2019-07-17,652,10.50,"6,846.00(CCER)"
2019-07-17,64180,87.17,"5,594,578.50(BEA)"
2019-07-16,24859,86.87,"2,159,388.50(BEA)"
2019-07-15,1000,15.00,"15,000.00(CCER)"
2019-07-15,13890,86.94,"1,207,635.00(BEA)"
2019-07-12,20527,86.08,"1,766,863.70(BEA)"
2019-07-11,10,12.20,122.00(CCER)
2019-07-11,13217,86.71,"1,146,019.80(BEA)"
2019-07-10,10,9.4,94.00(CCER)
2019-07-09,54968,86.71,"4,766,212.80(BEA)"
2020-02-18,1,84.50,84.50(BEA)
2020-01-09,350,84.50,"29,575.00(BEA)"
2020-01-08,300,80.10,"24,030.00（BEA）"
2020-01-07,400,76.20,"30,480.00（BEA）"
2020-01-06,487,73.10,"35,600.00（BEA）"
2019-12-31,1024,70,"71,680.00(BEA)"
2019-12-30,1000,68.70,68700.00(BEA)
2019-12-27,873,75.00,"65,475.00(BEA)"
2019-12-25,4242,82.80,"351,238.00（BEA）"
2019-12-23,5910,75.82,"448,070.00（BEA）"
2019-12-20,80,77.00,"6,160.00（BEA）"
2019-12-19,84,76.00,"6,384.00（BEA）"
2019-12-18,6620,75.15,"497,510.00（BEA）"
2019-12-17,3619,71.26,"257,902.00（BEA）"
2019-12-16,28000,61.93,"1,734,000.00（BEA）"
2019-08-06,32629,87.17,"2,844,150.00(BEA)"
2019-08-05,1436,12.73,"18,286.00(CCER)"
2019-08-05,84378,87.48,"7,381,772.40(BEA)"
2019-08-02,22928,87.20,"1,999,291.40(BEA)"
2019-08-01,1383,10.00,"13,830.00(CCER)"
2019-08-01,25061,83.92,"2,103,194.50(BEA)"
2019-07-31,200,87.40,"17,480.00(BEA)"
2019-07-30,38803,87.24,"3,384,986.80(BEA)"
2019-07-29,7404,11.24,"83,254.70(CCER)"
2019-07-29,7556,87.08,"657,946.00(BEA)"
2019-07-26,118,12.90,"1,522.20(CCER)"
2019-07-26,32464,86.86,"2,819,969.60(BEA)"
2019-07-25,36533,86.14,"3,146,963.40(BEA)"
2019-07-24,36998,87.25,"3,228,260.20(BEA)"
2019-07-23,30787,87.43,"2,691,742.60(BEA)"
2019-09-12,5158,87.20,"449,777.60(BEA）"
2019-09-11,54199,86.18,"4,670,939.20(BEA)"
2019-09-10,216,86.90,"18,770.00(BEA)"
2019-09-06,6780,86.40,"585,822.00(BEA)"
2019-09-05,11887,86.76,"1,031,340.40(BEA)"
2019-09-04,200,86.50,"17,300.00"
2019-09-03,77,85.58,"6,589.70(BEA)"
2019-09-02,310,11.50,"3,565.00(林业碳汇)"
2019-09-02,11816,83.66,"988,483.80(BEA)"
2019-08-30,72419,82.81,"5,996,851.20(BEA)"
2019-08-29,137749,86.95,"11,977,090.20(BEA)"
2019-08-28,116973,87.01,"10,177,588.30(BEA)"
2019-08-27,79328,87.00,"6,901,925.90(BEA)"
2019-08-26,103584,86.96,"9,007,843.30(BEA)"
2019-08-23,23340,86.95,"2,029,430.00(BEA)"
2020-05-13,109,88.00,"9,592.00(BEA)"
2020-05-12,4680,74.34,"347,916.00(BEA)"
2020-05-07,10000,20.00,"200,000.00（CCER）"
2020-04-23,15000,40.00,"600,000.00（林业碳汇）"
2020-04-22,5,34.40,172.00(林业碳汇)
2020-04-22,184,85.43,"15,720.00(BEA)"
2020-04-21,5,28.70,143.50（林业碳汇）
2020-04-20,5,23.90,119.50(林业碳汇)
2020-04-17,5,19.90,99.50（林业碳汇）
2020-04-17,111,86.17,"9,565.20（BEA）"
2020-04-16,5,16.60,83.00（林业碳汇）
2020-04-16,72,85.37,"6,146.30（BEA）"
2020-04-14,5,13.80,69.00（林业碳汇）
2020-04-10,106,86.80,"9,200.80(BEA)"
2020-04-09,100,12.30,"1,230.00(CCER)"
2020-04-08,4899,13.30,"65,156.00（CCER）"
2020-04-07,2001,12.83,"25,664.00（CCER）"
2020-04-07,133,87.20,"11,597.60（BEA）"
2020-04-03,3000,13.58,"40,750.00（CCER）"
2020-04-01,105,86.70,"9,103.50（BEA）"
2020-03-27,100,86.30,"8,630.00（BEA）"
2020-03-25,230,86.33,"19,855.10(BEA)"
2020-03-24,5500,87.00,"478,500.00（BEA）"
2020-03-23,205,85.60,"17,548.00（BEA）"
2020-03-20,4700,84.72,"398,180.00(BEA)"
2020-03-18,6975,83.97,"585,695.00（BEA）"
2020-03-17,475,86.10,"40,897.50(BEA)"
2020-03-13,600,84.40,"50,640.00（BEA）"
2020-03-12,1000,81.00,"81,000.00(BEA)"
2020-03-11,300,68.00,"20,400.00(BEA)"
2020-07-07,220,22.00,"4,840.00（CCER）"
2020-07-07,1548,100.00,"154,800.00（BEA）"
2020-07-06,3095,92.94,"287,664.00（BEA）"
2020-07-02,1421,93.79,"133,274.40（BEA）"
2020-06-30,100,93.00,"9,300.00（BEA）"
2020-06-29,5861,88.83,"520,630.00（BEA）"
2020-06-24,1200,20,"24,000.00(CCER)"
2020-06-24,53,55.00,"2,915.00(林业碳汇)"
2020-06-24,15800,90,"1,422,000.00(BEA)"
2020-06-23,1,17.30,17.30(CCER)
2020-06-22,132,93.70,"12,368.40(BEA)"
2020-06-19,3864,90.50,"349,692.00（BEA）"
2020-06-18,200,90.10,"18,020.00（BEA）"
2020-07-24,1834,95.20,"74,596.80（BEA）"
2020-07-23,5,28.60,143.00（CCER）
2020-07-23,4047,90.62,"366,749.70（BEA）"
2020-07-22,265,93.93,"24,892.00（BEA）"
2020-07-21,8590,88.64,"761,451.00（BEA）"
2020-07-20,4005,92.58,"370,776.00（BEA）"
2020-07-17,5175,94.00,"486,450.00(BEA)"
2020-07-15,100,94.00,"9,400.00(BEA)"
2020-07-14,18420,84.87,"1,563,231.00（BEA）"
2020-07-13,300,22.00,"6,600.00(CCER)"
2020-07-13,12740,85.13,"1,084,508.00（BEA）"
2020-07-10,100,93.50,"9,350.00（BEA）"
2020-07-09,591,55.00,"32,505.00（林业碳汇）"
2020-07-09,8989,86.92,"781,332.20（BEA）"
2020-07-08,11186,87.29,"976,382.20（BEA）"
2020-06-17,53,47.50,"2,517.50（林业碳汇）"
2020-06-16,1000,80.00,"80,000.00（BEA）"
2020-08-07,8171,14.30,"116,845.30(CCER)"
2020-08-06,10,20.00,200.00(CCER)
2020-08-06,7285,98.18,"715,222.50(BEA)"
2020-08-05,800,25.00,"20,000.00(CCER）"
2020-08-05,6500,91.85,"597,050.00(BEA)"
2020-08-04,800,55.00,"44,000.00(林业碳汇)"
2020-08-04,19371,95.35,"1,847,100.00(BEA)"
2020-08-03,100,94.00,"9,400.00(BEA)"
2020-07-31,11800,89.36,"1,054,400.00 （BEA）"
2020-07-30,100,94.00,"9,400.00（BEA）"
2020-07-29,615,93.77,"57,669.50（BEA）"
2020-07-28,3033,86.61,"262,677.40（BEA）"
2020-07-27,200,95.20,"19,040.00 (BEA)"
2020-07-24,1300,21.73,"28,252.80（CCER）"
2020-07-24,1139,55.00,"62,645.00（林业碳汇）"
2019-10-18,4,81.40,325.60(BEA)
2019-10-16,3251,87.30,"283,812.00（BEA）"
2019-10-15,3220,86.49,"278,510.00（BEA）"
2019-10-10,4910,86.71,"425,732.00（BEA）"
2019-10-09,266,86.50,"23,009.00（BEA）"
2019-09-30,4339,87.17,"378,240.00(BEA)"
2019-09-27,15333,86.73,"1,329,897.00（BEA）"
2019-09-26,14364,86.25,"1,238,952.00（BEA）"
2019-09-25,4856,86.40,"419,572.00(BEA)"
2019-09-24,5570,86.90,"484,047.00（BEA）"
2019-09-23,5282,86.68,"457,843.00（BEA）"
2019-09-20,14765,86.58,"1,278,345.00（BEA）"
2019-09-19,65997,86.31,"5,696,190.00(BEA)"
2019-09-17,20346,86.49,"1,759,712.40(BEA)"
2019-09-16,32026,86.72,"2,777,214.80(BEA)"
2019-12-13,1,60.00,60.00（BEA）
2019-12-12,9215,74.66,"687,957.00（BEA）"
2019-12-11,14315,76.48,"1,094,789.50（BEA）"
2019-12-10,780,75.38,"58,800.00（BEA）"
2019-12-03,9500,72.11,"685,000.00(BEA)"
2019-12-02,500,66.00,"33,000.00(BEA)"
2019-11-28,3319,55.10,"182,876.90（BEA）"
2019-11-27,27227,53.18,"1,447,898.00（BEA）"
2019-11-26,23877,53.88,"1,286,537.00（BEA）"
2019-11-25,21424,55.10,"1,180,542.50（BEA）"
2019-11-22,15686,48.40,"759,202.00(BEA)"
2019-11-21,280,60.50,"16,940.00(BEA)"
2019-11-19,425,67.20,"28,560.00(BEA)"
2019-10-22,100,84.00,"8,400.00(BEA)"
2019-10-21,1,76.00,76.00(BEA)
2019-08-22,49119,86.91,"4,268,982.60(BEA)"
2019-08-21,93218,86.47,"8,060,338.60(BEA)"
2019-08-20,95752,86.57,"8,288,819.40(BEA)"
2019-08-19,58496,85.10,"4,978,245.50(BEA)"
2019-08-16,88726,85.95,"7,625,626.60(BEA)"
2019-08-16,1321,14.00,"18,494.00(CCER)"
2019-08-15,73021,86.94,"6,348,443.40(BEA)"
2019-08-14,48879,87.06,"4,255,582.20(BEA)"
2019-08-13,26739,87.36,"2,335,785.50(BEA)"
2019-08-12,22809,86.87,"1,981,326.40(BEA)"
2019-08-09,10242,86.98,"890,826.50(BEA)"
2019-08-08,26790,85.93,"2,302,174.00(BEA)"
2019-08-07,3125,11.82,"36,972.50(CCER)"
2019-08-07,44369,86.79,"3,853,169.40(BEA)"
2019-08-06,1900,13.00,"24,700.00(CCER)"
2020-09-08,6254,83.56,"522,565.00（BEA）"
2020-09-07,1140,48.90,"55,746.00（林业碳汇）"
2020-09-07,3830,93.92,"359,702.00（BEA）"
2020-09-04,634,20.00,"12,680.00（CCER）"
2020-09-04,634,55.00,"34,870.00（林业碳汇）"
2020-09-04,6836,86.71,"592,750.60（BEA）"
2020-09-03,5,55.00,275.00（林业碳汇）
2020-09-02,2360,47.00,"110,920.00（林业碳汇）"
2020-09-02,12189,91.96,"1,120,848.00（BEA）"
2020-09-01,5809,91.89,"533,798.80（BEA）"
2020-08-31,312,50.00,"15,600.00（林业碳汇）"
2020-08-31,5610,95.28,"534,525.00（BEA）"
2020-08-28,22054,90.62,"1,998,520.60（BEA）"
2020-08-27,12656,55.00,"1,036,326.40（林业碳汇）"
2020-08-27,12656,81.88,"1,036,326.40（BEA）"
2020-10-09,11037,90.08,"994,200.40(BEA)"
2020-09-29,44453,88.29,"3,924,971.20（BEA）"
2020-09-28,25352,86.48,"834,292.00（BEA）"
2020-09-25,4090,94.97,"388,444.00（BEA）"
2020-09-24,2500,20.00,"50,000（CCER）"
2020-09-24,505,95.79,"48,376.00（BEA）"
2020-09-22,14180,93.97,"1,332,544.00（BEA）"
2020-09-21,11496,94.66,"1,088,157.00（BEA）"
2020-09-16,104,87.58,"9,108.80（BEA）"
2020-09-15,1000,76.20,"76,200.00（BEA）"
2020-09-14,2600,63.50,"165,100.00（BEA）"
2020-09-11,2500,23,"57,500.00（CCER）"
2020-09-11,5381,65.30,"351,379.00（BEA）"
2020-09-09,1682,21.90,"36,835.80（CCER）"
2020-09-09,6426,81.57,"524,156.80（BEA）"
2020-08-26,100,89.90,"8,990.00（BEA）"
2020-08-25,5410,93.83,"507,617.00（BEA）"
2020-08-21,2500,20.00,"50,000.00（CCER）"
2020-08-21,12472,92.14,"1,149,182.00（BEA）"
2020-08-20,498,102.96,"51,276.00(BEA)"
2020-08-19,470,21.00,"9,870.00(CCER)"
2020-08-19,294,94.00,"27,636.00(BEA)"
2020-08-17,8144,90.65,"738,271.60（BEA）"
2020-08-14,880,60.00,"52,800.00（PCER）"
2020-08-14,300,61.00,"18,300.00（林业碳汇）"
2020-08-13,10,55.00,550.00（PCER）
2020-08-12,450,19.80,"8,910.00（CCER）"
2020-08-12,5402,94.29,"509,377.20（BEA）"
2020-08-10,10,18.60,168.00（CCER）
2020-08-10,1442,98.20,"141,601.20（BEA）"
2020-10-26,1285,54.00,"69,390.00（林业碳汇）"
2020-10-26,1784,88.84,"2,823,786.80（BEA）"
2020-10-23,11988,88.96,"1,066,457.60（BEA）"
2020-10-22,9652,93.97,"906,952.00（BEA）"
2020-10-21,8868,94.96,"1,791,681.70（BEA）"
2020-10-20,24706,92.62,"2,288,197.20（BEA）"
2020-10-19,12490,95.21,"1,189,115.70（BEA）"
2020-10-16,8993,95.37,"857,646.60(BEA))"
2020-10-15,3914,22.10,"86,499.40(CCER))"
2020-10-15,7987,95.20,"760,360.70(BEA)"
2020-10-14,16101,26.70,"430,413.40(CCER))"
2020-10-14,26753,95.12,"2,544,637.60(BEA))"
2020-10-13,10,28.60,286.00(CCER)
2020-10-13,26988,95.28,"2,571,451.00(BEA)"
2020-10-12,17966,94.60,"1,699,495.70(BEA))"
2020-11-12,500,10.90,"5,450.00（CCER）"
2020-11-12,55536,93.92,"5,215,821.00（BEA）"
2020-11-11,500,15.50,"7,750.00（CCER）"
2020-11-11,39888,91.53,"3,651,081.50（BEA）"
2020-11-10,35822,96.29,"3,449,420.10（BEA）"
2020-11-09,9350,91.55,"856,020.00（BEA）"
2020-11-06,40752,92.30,"3,761,609.70(BEA)"
2020-11-05,36550,91.87,"3,357,996.00 (BEA)"
2020-11-04,72517,93.82,"6,803,332.00(BEA)"
2020-11-03,8826,88.80,"783,752.80(BEA)"
2020-11-02,9746,93.42,"910,479.00(BEA)"
2020-10-30,9010,89.44,"805,863.20（BEA）"
2020-10-29,9007,92.90,"836,706.00（BEA）"
2020-10-28,14623,89.41,"1,307,494.00（BEA）"
2020-10-27,13125,93.75,"1,230,501.00（BEA）"
2020-12-09,100,90.00,"9,000.00(BEA)"
2020-12-08,1000,75.00,"75,000(BEA)"
2020-12-07,7885,62.58,"493,413.20（BEA）"
2020-12-04,12533,69.75,"874,155.70(BEA)"
2020-12-03,10000,71.10,"711,000.00(BEA)"
2020-12-02,2000,71.80,"143,600.00(BEA)"
2020-12-01,3900,71.00,"276,900.00(BEA)"
2020-11-26,105,88.80,"9,324.00(BEA)"
2020-11-23,980,19.50,"19,110.00（CCER）"
2020-11-23,100,74.00,"7,400.00（BEA）"
2020-11-20,10,18.00,180.00(CCER)
2020-11-20,7519,66.00,"496,254.00(BEA)"
2020-11-19,10,14.00,140.00(CCER)
2020-11-16,5317,82.50,"438,652.50(BEA）"
2020-11-13,18158,90.09,"1,635,885.80（BEA）"
2021-03-31,1100,28.41,"31,250.00(BEA)"
2021-03-30,1050,30.63,"32,160.00(BEA)"
2021-03-19,50,36.00,"1,800.00(BEA)"
2021-03-18,50,30.00,"1,500.00(BEA)"
2021-03-17,7000,25.71,"180,000.00(BEA)"
2021-03-02,2298,25.00,"57,450.00(BEA)"
2021-02-23,2800,30.00,"84,000.00(BEA)"
2021-02-08,3000,30.00,"90,000.00(BEA)"
2021-02-05,5,37.50,187.50(BEA)
2021-02-03,4544,46.20,"209,932.80(BEA)"
2021-02-02,2073,38.50,"79,810.50(BEA)"
2021-02-01,1705,46.40,"79,112.00(BEA)"
2021-01-26,4,48.75,195.00(BEA)
2021-01-25,11531,45.04,"519,315.40(BEA)"
2021-01-22,13,36.00,468.00(BEA)
2020-06-15,1500,47.50,"71,250.00（PCER）"
2020-06-15,617,69.42,"42,834.10（BEA）"
2020-06-12,14221,74.54,"1,060,001.50（BEA）"
2020-06-11,1500,53.10,"79,650.00（PCER）"
2020-06-11,6950,13.30,"92,435.00（CCER）"
2020-06-11,90,89.40,"8,046.00（BEA）"
2020-06-10,50,19.00,950.00（CCER）
2020-06-09,10,14.60,146.00（CCER）
2020-06-08,231,89.20,"20,605.20(BEA)"
2020-06-05,2052,83.98,"172,324.60(BEA)"
2020-06-04,231,89.30,"20,628.30（BEA）"
2020-06-03,307,89.10,"27,353.70（BEA）"
2020-05-26,2031,40.00,"81,240.00（林业碳汇）"
2020-05-14,2546,11.20,"28,515.20(CCER)"
2020-05-13,10,16.00,160.00(CCER)
2021-05-07,1200,67.80,"81,360.00(BEA)"
2021-05-06,14963,52.90,"844,913.70(BEA)"
2021-04-30,8791,52.89,"464,932.00(BEA)"
2021-04-29,11999,47.60,"571,149.60(BEA)"
2021-04-28,6014,42.02,"252,730.00(BEA)"
2021-04-27,1200,43.77,"52,520.00(BEA)"
2021-04-26,1801,50.11,"90,252.00(BEA)"
2021-04-23,3001,47.00,"141,047.40(BEA)"
2021-04-22,156,39.52,"6,164.40(BEA)"
2021-04-20,7000,35.30,"247,100.00（BEA)"
2021-04-19,100,32.40,"3,240.00(BEA)"
2021-04-16,50,27.00,"1,350.00(BEA)"
2021-04-15,17780,24.00,"426,720.00(BEA)"
2021-04-14,6567,30.00,"197,010.00(BEA)"
2021-04-07,4383,34.00,"149,022.00(BEA)"
2021-01-19,7586,42.81,"324,722.00(BEA)"
2021-01-18,12520,40.93,"512,431.30（BEA）"
2021-01-15,10370,38.44,"398,656.80(BEA)"
2021-01-13,2338,47.80,"111,756.40(BEA)"
2021-01-12,21,59.70,1253.70(BEA)
2020-12-30,500,80.00,"40,000.00(BEA)"
2020-12-29,1000,75.00,"75,000.00(BEA)"
2020-12-23,2323,84.00,"195,132.00(BEA)"
2020-12-22,3400,85.00,"289,000.00（BEA）"
2020-12-21,1000,75.00,"75,000.00(BEA)"
2020-12-18,5205,64.70,"336,763.50(BEA)"
2020-12-17,15145,75.68,1146189.80(BEA)
2020-12-16,1042,72.80,"75,857.60（BEA）"
2020-12-15,2942,87.45,"257,275.00(BEA)"
2020-12-14,121,91.01,"11,012.00(BEA)"
